Word,Category,Similarity,Frequency
계획,여행,0.6060113906860352,1
교실,학교,0.7313963174819946,1
남자,사랑,0.5456969141960144,8
납치,살인,0.6689104437828064,1
매력,열정,0.6489761471748352,1
문제,갈등,0.6495088934898376,1
바이,액션,0.5737445950508118,2
범죄자,범죄,0.5728323459625244,1
사람,꿈,0.5610076785087585,1
살인마,살인,0.5618112683296204,1
상투,권력,0.505069375038147,1
세탁,여행,0.6244636178016663,1
수업,교육,0.711469292640686,1
시즌,방송,0.5284544229507446,2
신분,평등,0.5665543079376221,1
아내,가족,0.582758903503418,3
압박,충격,0.5949738621711731,1
액션,액션,1,1
영화,만화,0.7536719441413879,2
요가,춤,0.5377565622329712,2
잔혹,폭력,0.6832144260406494,1
추천,여행,0.5768113136291504,2
폭로,충격,0.6623914837837219,2
플롯,개그,0.5973898768424988,1
혼신,동정,0.5746172070503235,1
확인,발견,0.6419516205787659,1
효과,기대,0.5692968964576721,1

Category,Count,average
여행,3,0.6024287740389506
액션,2,0.7868722975254059
충격,2,0.6286826729774475
살인,2,0.6153608560562134
만화,1,0.7536719441413879
학교,1,0.7313963174819946
교육,1,0.711469292640686
폭력,1,0.6832144260406494
갈등,1,0.6495088934898376
열정,1,0.6489761471748352
발견,1,0.6419516205787659
개그,1,0.5973898768424988
가족,1,0.582758903503418
동정,1,0.5746172070503235
범죄,1,0.5728323459625244
기대,1,0.5692968964576721
평등,1,0.5665543079376221
꿈,1,0.5610076785087585
사랑,1,0.5456969141960144
춤,1,0.5377565622329712
방송,1,0.5284544229507446
권력,1,0.505069375038147
