Word,Category,Similarity,Frequency
가족,가족,1,3
감상,음악,0.6411212086677551,1
공백,불안,0.5762792825698853,1
그리움,고독,0.5979834794998169,1
기억,사랑,0.6537694931030273,1
담배,음식,0.6096588969230652,1
드라마,드라마,1,1
사람,꿈,0.5610076785087585,3
생각,후회,0.6602693200111389,5
실화,공포,0.6056075096130371,1
심정,슬픔,0.5811508297920227,1
악몽,공포,0.6761541962623596,1
엄마,사랑,0.5908297300338745,2
영화,만화,0.7536719441413879,7
예고편,드라마,0.5787103772163391,2
원망,절망,0.6686849594116211,1
장르,음악,0.7329081892967224,1
장면,액션,0.5999083518981934,3
주위,도시,0.5119664072990417,1
추억,사랑,0.6609922647476196,1
키치,신화,0.5691781044006348,1
표정,유쾌,0.5511194467544556,1

Category,Count,average
사랑,3,0.6351971626281738
드라마,2,0.7893551886081696
음악,2,0.6870146989822388
공포,2,0.6408808529376984
가족,1,1.0
만화,1,0.7536719441413879
절망,1,0.6686849594116211
후회,1,0.6602693200111389
음식,1,0.6096588969230652
액션,1,0.5999083518981934
고독,1,0.5979834794998169
슬픔,1,0.5811508297920227
불안,1,0.5762792825698853
신화,1,0.5691781044006348
꿈,1,0.5610076785087585
유쾌,1,0.5511194467544556
도시,1,0.5119664072990417
