Word,Category,Similarity,Frequency
결혼,연애,0.6863196492195129,1
공포,공포,1,1
공포물,개그,0.6559643149375916,1
군인,군대,0.6802380084991455,1
마녀,유령,0.7514040470123291,1
미군,군사,0.6460919976234436,1
상황,혼란,0.6442916989326477,1
수용소,감옥,0.6408903002738953,2
실험,과학,0.6881481409072876,1
악명,범죄,0.6093400716781616,1
야기,상실,0.5304044485092163,1
영화,만화,0.7536719441413879,1
유발,의심,0.6065707206726074,1
익사,고통,0.6135760545730591,1
인물,정치,0.5848035216331482,2
죽음,고독,0.6896678805351257,2
처단,용서,0.5645942687988281,1
칭찬,열정,0.5763967633247375,1
타개,혼란,0.591765820980072,1
탄생,신화,0.5951989889144897,1
판타지,판타지,1,1
패망,멸망,0.679892361164093,1
패색,액션,1,1

Category,Count,average
혼란,2,0.6180287599563599
공포,1,1.0
판타지,1,1.0
액션,1,1.0
만화,1,0.7536719441413879
유령,1,0.7514040470123291
고독,1,0.6896678805351257
과학,1,0.6881481409072876
연애,1,0.6863196492195129
군대,1,0.6802380084991455
멸망,1,0.679892361164093
개그,1,0.6559643149375916
군사,1,0.6460919976234436
감옥,1,0.6408903002738953
고통,1,0.6135760545730591
범죄,1,0.6093400716781616
의심,1,0.6065707206726074
신화,1,0.5951989889144897
정치,1,0.5848035216331482
열정,1,0.5763967633247375
용서,1,0.5645942687988281
상실,1,0.5304044485092163
