Word,Category,Similarity,Frequency
과정,교육,0.6268183588981628,2
과학,과학,1,1
관람,여행,0.5587009191513062,1
교구,학교,0.6028058528900146,1
국가,경제,0.7089344263076782,1
낙오,살인,0.5390106439590454,2
부대,군대,0.6763806939125061,2
불만,분노,0.6757481098175049,2
사이언스,과학,0.5978793501853943,2
생산,농업,0.6487099528312683,1
생포,전투,0.5765562653541565,2
소품,인형,0.6749653220176697,1
스팀,액션,0.5866002440452576,1
아군,전투,0.5574831962585449,2
영화,만화,0.7536719441413879,1
예고편,드라마,0.5787103772163391,2
오브,정글,0.5825490951538086,2
의무병,군대,0.5103733539581299,4
장르,음악,0.7329081892967224,1
전문,의료,0.6444779634475708,1
전쟁,전쟁,1,2
정보,교통,0.6121577620506287,1
줄거리,드라마,0.531794548034668,2
지옥,감옥,0.6124275922775269,1

Category,Count,average
과학,2,0.7989396750926971
군대,2,0.593377023935318
전투,2,0.5670197308063507
드라마,2,0.5552524626255035
전쟁,1,1.0
만화,1,0.7536719441413879
음악,1,0.7329081892967224
경제,1,0.7089344263076782
분노,1,0.6757481098175049
인형,1,0.6749653220176697
농업,1,0.6487099528312683
의료,1,0.6444779634475708
교육,1,0.6268183588981628
감옥,1,0.6124275922775269
교통,1,0.6121577620506287
학교,1,0.6028058528900146
액션,1,0.5866002440452576
정글,1,0.5825490951538086
여행,1,0.5587009191513062
살인,1,0.5390106439590454
