Word,Category,Similarity,Frequency
게임,만화,0.7299426198005676,1
드라마,드라마,1,1
미래,미래,1,1
사람,꿈,0.5610076785087585,1
상영,방송,0.6350025534629822,1
상품,여행,0.6432608962059021,1
세상,기쁨,0.6082786321640015,2
시작,발견,0.534450113773346,1
영화,만화,0.7536719441413879,6
이변,혼란,0.5262321829795837,2
장르,음악,0.7329081892967224,1
전쟁,전쟁,1,2
정보,교통,0.6121577620506287,9
줄거리,드라마,0.531794548034668,3
지구,우주,0.7121323943138123,1
지배,권력,0.6291192173957825,1
타겟,좀비,0.6022775769233704,1
하드,액션,0.6686204671859741,3
행방,상실,0.5371095538139343,1

Category,Count,average
드라마,2,0.765897274017334
만화,2,0.7418072819709778
미래,1,1.0
전쟁,1,1.0
음악,1,0.7329081892967224
우주,1,0.7121323943138123
액션,1,0.6686204671859741
여행,1,0.6432608962059021
방송,1,0.6350025534629822
권력,1,0.6291192173957825
교통,1,0.6121577620506287
기쁨,1,0.6082786321640015
좀비,1,0.6022775769233704
꿈,1,0.5610076785087585
상실,1,0.5371095538139343
발견,1,0.534450113773346
혼란,1,0.5262321829795837
