Word,Category,Similarity,Frequency
구조,환경,0.6101574897766113,1
다큐,다큐멘터리,0.6907773613929749,2
독특,춤,0.5334261655807495,1
마법,마법,1,1
사회,경제,0.8096231818199158,1
생각,후회,0.6602693200111389,1
스틸,액션,0.5995299220085144,1
시티,여행,0.6037575602531433,3
신작,만화,0.6367781758308411,1
연출,액션,0.5377380847930908,1
영화,만화,0.7536719441413879,9
인상,기대,0.6044384241104126,1
장르,음악,0.7329081892967224,1
장면,액션,0.5999083518981934,1
접점,갈등,0.5179992914199829,1
평론가,다큐멘터리,0.5252968668937683,1
플레이,서바이벌,0.5245938897132874,1
플롯,개그,0.5973898768424988,1
픽션,만화,0.6685272455215454,2
화법,정치,0.6203706860542297,1
화제작,드라마,0.5287382006645203,1

Category,Count,average
만화,3,0.6863257884979248
액션,3,0.5790587862332662
다큐멘터리,2,0.6080371141433716
마법,1,1.0
경제,1,0.8096231818199158
음악,1,0.7329081892967224
후회,1,0.6602693200111389
정치,1,0.6203706860542297
환경,1,0.6101574897766113
기대,1,0.6044384241104126
여행,1,0.6037575602531433
개그,1,0.5973898768424988
춤,1,0.5334261655807495
드라마,1,0.5287382006645203
서바이벌,1,0.5245938897132874
갈등,1,0.5179992914199829
