Word,Category,Similarity,Frequency
기억,사랑,0.6537694931030273,1
노력,헌신,0.6555296182632446,1
모습,꿈,0.5368646383285522,1
사람,꿈,0.5610076785087585,1
생각,후회,0.6602693200111389,1
세상,기쁨,0.6082786321640015,1
소란,폭력,0.6053000092506409,2
영화,만화,0.7536719441413879,1
이름,신화,0.5608668327331543,1
풍파,고통,0.6145267486572266,1
후회,후회,1,1

Category,Count,average
후회,2,0.8301346600055695
꿈,2,0.5489361584186554
만화,1,0.7536719441413879
헌신,1,0.6555296182632446
사랑,1,0.6537694931030273
고통,1,0.6145267486572266
기쁨,1,0.6082786321640015
폭력,1,0.6053000092506409
신화,1,0.5608668327331543
