Word,Category,Similarity,Frequency
건물,학교,0.6180571913719177,1
계획,여행,0.6060113906860352,1
관람,여행,0.5587009191513062,1
국가,경제,0.7089344263076782,1
긴박감,유쾌,0.531667947769165,1
미사일,군사,0.5167073607444763,1
발사,전투,0.5510220527648926,1
붕괴,혼란,0.6892794370651245,1
사람,꿈,0.5610076785087585,1
세상,기쁨,0.6082786321640015,2
어부,해적,0.6063424944877625,1
영화,만화,0.7536719441413879,2
일당,해적,0.5479298233985901,1
장르,음악,0.7329081892967224,1
종말,멸망,0.5797211527824402,1
죄수,도둑,0.5932549238204956,1
줄거리,드라마,0.531794548034668,1
지구,우주,0.7121323943138123,1
짬뽕,괴담,0.5525099039077759,1
참사,재난,0.6216191649436951,1
추적,수색,0.6436203122138977,1
출연,방송,0.659591019153595,1
코미디,코미디,1,1
탈옥,범죄,0.565085232257843,1
테러,범죄,0.731650173664093,1

Category,Count,average
범죄,2,0.648367702960968
여행,2,0.5823561549186707
해적,2,0.5771361589431763
코미디,1,1.0
만화,1,0.7536719441413879
음악,1,0.7329081892967224
우주,1,0.7121323943138123
경제,1,0.7089344263076782
혼란,1,0.6892794370651245
방송,1,0.659591019153595
수색,1,0.6436203122138977
재난,1,0.6216191649436951
학교,1,0.6180571913719177
기쁨,1,0.6082786321640015
도둑,1,0.5932549238204956
멸망,1,0.5797211527824402
꿈,1,0.5610076785087585
괴담,1,0.5525099039077759
전투,1,0.5510220527648926
드라마,1,0.531794548034668
유쾌,1,0.531667947769165
군사,1,0.5167073607444763
