Word,Category,Similarity,Frequency
가족,가족,1,1
계획,여행,0.6060113906860352,1
기타,음악,0.5873071551322937,1
나딤,교통,0.5355607271194458,1
댓글,후회,0.505795419216156,1
마약,범죄,0.71501225233078,1
무단,폭력,0.5057473182678223,2
밀매,범죄,0.6278576850891113,1
방문,여행,0.5841829180717468,1
사람,꿈,0.5610076785087585,1
사랑,사랑,1,2
사진,미술,0.5546669960021973,2
세상,기쁨,0.6082786321640015,1
식당,음식,0.6759225726127625,1
실천,철학,0.6342154145240784,1
영화,만화,0.7536719441413879,5
용기,용기,1,1
잔인,음모,0.569640040397644,1
제작국,방송,0.6784050464630127,1
제한,상실,0.636760413646698,1
줄거리,드라마,0.531794548034668,1
출연,방송,0.659591019153595,1
충성심,의리,0.5446189641952515,2
킬러,괴물,0.6982237100601196,2

Category,Count,average
범죄,2,0.6714349687099457
방송,2,0.6689980328083038
여행,2,0.595097154378891
가족,1,1.0
사랑,1,1.0
용기,1,1.0
만화,1,0.7536719441413879
괴물,1,0.6982237100601196
음식,1,0.6759225726127625
상실,1,0.636760413646698
철학,1,0.6342154145240784
기쁨,1,0.6082786321640015
음악,1,0.5873071551322937
음모,1,0.569640040397644
꿈,1,0.5610076785087585
미술,1,0.5546669960021973
의리,1,0.5446189641952515
교통,1,0.5355607271194458
드라마,1,0.531794548034668
후회,1,0.505795419216156
폭력,1,0.5057473182678223
