Word,Category,Similarity,Frequency
교육,교육,1,1
단체,종교,0.635517418384552,1
상담,심리,0.672296941280365,1
스쿨,교육,0.5606486797332764,2
저금통,인형,0.5797374248504639,1
코칭,교육,0.6279705762863159,1
특강,교육,0.6544234752655029,1
행복,기쁨,0.7726561427116394,2

Category,Count,average
교육,4,0.7107606828212738
기쁨,1,0.7726561427116394
심리,1,0.672296941280365
종교,1,0.635517418384552
인형,1,0.5797374248504639
