Word,Category,Similarity,Frequency
가능,여행,0.6136982440948486,1
과정,교육,0.6268183588981628,2
관람,여행,0.5587009191513062,1
관여,기대,0.5187691450119019,1
국가,경제,0.7089344263076782,1
근거지,정치,0.5123152732849121,2
남자,사랑,0.5456969141960144,1
납치,살인,0.6689104437828064,1
누명,살인,0.5723448395729065,4
뒷조사,음모론,0.5236920714378357,1
마약,범죄,0.71501225233078,4
몰입,열정,0.6674494743347168,1
발생,혼란,0.6102904081344604,1
사건,살인,0.7159186005592346,2
사기,도박,0.624628484249115,1
사진,미술,0.5546669960021973,1
살인,살인,1,1
스릴러,스릴러,1,1
시작,발견,0.534450113773346,1
액션,액션,1,1
여자,사랑,0.5380519032478333,3
영화,만화,0.7536719441413879,8
예상,기대,0.655988872051239,2
용의자,살인,0.5122509598731995,1
잔인,음모,0.569640040397644,1
장르,음악,0.7329081892967224,1
장면,액션,0.5999083518981934,1
전쟁,전쟁,1,3
정보,교통,0.6121577620506287,4
제작,방송,0.6307950615882874,1
줄거리,드라마,0.531794548034668,1
지망,학교,0.5863942503929138,1
추적,수색,0.6436203122138977,3
축적,상실,0.5977131724357605,1
폭로,충격,0.6623914837837219,1
형사,탐정,0.7352063655853271,3

Category,Count,average
살인,5,0.6938849687576294
액션,2,0.7999541759490967
기대,2,0.5873790085315704
여행,2,0.5861995816230774
사랑,2,0.5418744087219238
스릴러,1,1.0
전쟁,1,1.0
만화,1,0.7536719441413879
탐정,1,0.7352063655853271
음악,1,0.7329081892967224
범죄,1,0.71501225233078
경제,1,0.7089344263076782
열정,1,0.6674494743347168
충격,1,0.6623914837837219
수색,1,0.6436203122138977
방송,1,0.6307950615882874
교육,1,0.6268183588981628
도박,1,0.624628484249115
교통,1,0.6121577620506287
혼란,1,0.6102904081344604
상실,1,0.5977131724357605
학교,1,0.5863942503929138
음모,1,0.569640040397644
미술,1,0.5546669960021973
발견,1,0.534450113773346
드라마,1,0.531794548034668
음모론,1,0.5236920714378357
정치,1,0.5123152732849121
