Word,Category,Similarity,Frequency
가난,고통,0.7040712237358093,1
가정,가족,0.7013463377952576,1
관람,여행,0.5587009191513062,1
기대,기대,1,1
기와,꿈,0.5662202835083008,1
느낌,슬픔,0.6343626976013184,3
드라마,드라마,1,2
로맨스,로맨스,1,1
뮤지컬,뮤지컬,1,3
반발,저항,0.5964624285697937,1
방영,방송,0.7201281189918518,1
사랑,사랑,1,1
세계,경제,0.6071235537528992,1
스쿨,교육,0.5606486797332764,8
스타쉽,슈퍼히어로,0.5333489179611206,1
시작,발견,0.534450113773346,1
실력,춤,0.5194166302680969,1
아이돌,드라마,0.5358486175537109,2
영화,만화,0.7536719441413879,9
예고편,드라마,0.5787103772163391,3
의외,충격,0.5524848699569702,1
인물,정치,0.5848035216331482,1
자부심,열정,0.6125436425209045,1
장르,음악,0.7329081892967224,1
정보,교통,0.6121577620506287,1
제작,방송,0.6307950615882874,1
종료,방송,0.607399046421051,1
주말,여행,0.5565044283866882,1
질투,욕망,0.6958162188529968,1
천부,바다,0.584364116191864,1
청춘,사랑,0.612774670124054,1
출연,방송,0.659591019153595,4
특별,의료,0.5320938229560852,1
패션,미술,0.6880987882614136,3
하이틴,코미디,0.558600902557373,1
학생,학교,0.7100017070770264,1
활동,교육,0.6086112856864929,2

Category,Count,average
방송,4,0.6544783115386963
드라마,3,0.7048529982566833
사랑,2,0.806387335062027
교육,2,0.5846299827098846
여행,2,0.5576026737689972
기대,1,1.0
로맨스,1,1.0
뮤지컬,1,1.0
만화,1,0.7536719441413879
음악,1,0.7329081892967224
학교,1,0.7100017070770264
고통,1,0.7040712237358093
가족,1,0.7013463377952576
욕망,1,0.6958162188529968
미술,1,0.6880987882614136
슬픔,1,0.6343626976013184
열정,1,0.6125436425209045
교통,1,0.6121577620506287
경제,1,0.6071235537528992
저항,1,0.5964624285697937
정치,1,0.5848035216331482
바다,1,0.584364116191864
꿈,1,0.5662202835083008
코미디,1,0.558600902557373
충격,1,0.5524848699569702
발견,1,0.534450113773346
슈퍼히어로,1,0.5333489179611206
의료,1,0.5320938229560852
춤,1,0.5194166302680969
