Word,Category,Similarity,Frequency
공책,만화,0.5820149779319763,1
남녀,평등,0.5715689063072205,1
남자,사랑,0.5456969141960144,3
레스토랑,음식,0.5138179063796997,1
로맨틱,로맨스,0.6721806526184082,1
매력,열정,0.6489761471748352,1
모습,꿈,0.5368646383285522,2
물리학,과학,0.6891181468963623,2
변심,고독,0.6129739880561829,3
비디오,컴퓨터,0.6554548740386963,1
사랑,사랑,1,2
사진,미술,0.5546669960021973,1
소파,가족,0.5909740924835205,1
시장,경제,0.6355687975883484,1
실패,후회,0.6084508299827576,1
어바웃,드라마,0.5363048315048218,1
여자,사랑,0.5380519032478333,3
여주인공,로맨스,0.5319628715515137,2
연인,사랑,0.6981024742126465,1
영화,만화,0.7536719441413879,7
음악,음악,1,2
이별,이별,1,1
장르,음악,0.7329081892967224,1
장면,액션,0.5999083518981934,6
주제곡,뮤지컬,0.5317819118499756,1
질투심,죄책감,0.6556513905525208,1
침입,멸망,0.5595712661743164,1
커플,가족,0.6512839198112488,1
코미디,코미디,1,1
타임머신,시간여행,0.6448506116867065,5
학생,학교,0.7100017070770264,3

Category,Count,average
사랑,4,0.6954628229141235
음악,2,0.8664540946483612
만화,2,0.6678434610366821
가족,2,0.6211290061473846
로맨스,2,0.6020717620849609
이별,1,1.0
코미디,1,1.0
학교,1,0.7100017070770264
과학,1,0.6891181468963623
죄책감,1,0.6556513905525208
컴퓨터,1,0.6554548740386963
열정,1,0.6489761471748352
시간여행,1,0.6448506116867065
경제,1,0.6355687975883484
고독,1,0.6129739880561829
후회,1,0.6084508299827576
액션,1,0.5999083518981934
평등,1,0.5715689063072205
멸망,1,0.5595712661743164
미술,1,0.5546669960021973
꿈,1,0.5368646383285522
드라마,1,0.5363048315048218
뮤지컬,1,0.5317819118499756
음식,1,0.5138179063796997
