Word,Category,Similarity,Frequency
가족,가족,1,1
가짜,괴담,0.5858274698257446,1
게임,만화,0.7299426198005676,1
과정,교육,0.6268183588981628,2
관전,정치,0.5587530136108398,1
노래,춤,0.7242721915245056,2
느낌,슬픔,0.6343626976013184,3
리더,성장,0.5860862135887146,1
마음,기쁨,0.6783162951469421,1
매력,열정,0.6489761471748352,2
부녀,가족,0.6044618487358093,1
사람,꿈,0.5610076785087585,1
사랑,사랑,1,2
색감,미술,0.5213123559951782,1
생각,후회,0.6602693200111389,3
에고,자아,0.5918915867805481,1
영웅,신화,0.649358868598938,1
영화,만화,0.7536719441413879,6
이름,신화,0.5608668327331543,1
자매,가족,0.6219213008880615,1
캐릭터,인형,0.5306801795959473,1
캡틴,정글,0.639184832572937,1
탄생,신화,0.5951989889144897,1

Category,Count,average
가족,3,0.7421277165412903
신화,3,0.601808230082194
만화,2,0.7418072819709778
사랑,1,1.0
춤,1,0.7242721915245056
기쁨,1,0.6783162951469421
후회,1,0.6602693200111389
열정,1,0.6489761471748352
정글,1,0.639184832572937
슬픔,1,0.6343626976013184
교육,1,0.6268183588981628
자아,1,0.5918915867805481
성장,1,0.5860862135887146
괴담,1,0.5858274698257446
꿈,1,0.5610076785087585
정치,1,0.5587530136108398
인형,1,0.5306801795959473
미술,1,0.5213123559951782
