Word,Category,Similarity,Frequency
기분,유쾌,0.6678951382637024,1
미래,미래,1,1
사랑,사랑,1,1
영화,만화,0.7536719441413879,3
예고편,드라마,0.5787103772163391,1
자연,환경,0.6941760182380676,1
추천,여행,0.5768113136291504,1

Category,Count,average
미래,1,1.0
사랑,1,1.0
만화,1,0.7536719441413879
환경,1,0.6941760182380676
유쾌,1,0.6678951382637024
드라마,1,0.5787103772163391
여행,1,0.5768113136291504
