Word,Category,Similarity,Frequency
가시,상처,0.5885528922080994,1
가족,가족,1,1
가치,윤리,0.6346501111984253,1
감정,심리,0.7588332891464233,1
강변,도시,0.5420844554901123,5
개념,교육,0.6287856698036194,1
검색,여행,0.6249870657920837,1
공짜,좀비,0.531777560710907,1
과정,교육,0.6268183588981628,1
관람,여행,0.5587009191513062,1
날개,유령,0.5668269395828247,3
남자,사랑,0.5456969141960144,2
느낌,슬픔,0.6343626976013184,1
도달,발견,0.5293484926223755,1
마비,혼란,0.6122421026229858,1
메시지,대화,0.5048822164535522,1
모습,꿈,0.5368646383285522,1
배신,배신,1,1
사람,꿈,0.5610076785087585,2
사랑,사랑,1,2
생각,후회,0.6602693200111389,2
세상,기쁨,0.6082786321640015,2
소셜,좀비,0.6150070428848267,1
시작,발견,0.534450113773346,1
심장,기쁨,0.5264105200767517,1
아들,가족,0.5667959451675415,8
여우,동물,0.6776934266090393,1
여자,사랑,0.5380519032478333,4
영화,만화,0.7536719441413879,9
위로,바다,0.5024420619010925,1
의아,의심,0.5598284602165222,1
이름,신화,0.5608668327331543,2
장면,액션,0.5999083518981934,4
정보,교통,0.6121577620506287,1
죽음,고독,0.6896678805351257,2
줄거리,드라마,0.531794548034668,1
지방,도시,0.6361674070358276,1
지질,해양,0.6523115038871765,1
추측,의심,0.6156793236732483,1
침대,가족,0.6759042739868164,1
커피,음식,0.710979700088501,1
토대,질서,0.5876781940460205,1
해석,심리,0.5405862331390381,1
행복,기쁨,0.7726561427116394,1
후회,후회,1,1

Category,Count,average
가족,3,0.7475667397181193
사랑,3,0.6945829391479492
기쁨,3,0.6357817649841309
후회,2,0.8301346600055695
심리,2,0.6497097611427307
교육,2,0.6278020143508911
여행,2,0.591843992471695
도시,2,0.58912593126297
의심,2,0.5877538919448853
좀비,2,0.5733923017978668
꿈,2,0.5489361584186554
발견,2,0.5318993031978607
배신,1,1.0
만화,1,0.7536719441413879
음식,1,0.710979700088501
고독,1,0.6896678805351257
동물,1,0.6776934266090393
해양,1,0.6523115038871765
윤리,1,0.6346501111984253
슬픔,1,0.6343626976013184
혼란,1,0.6122421026229858
교통,1,0.6121577620506287
액션,1,0.5999083518981934
상처,1,0.5885528922080994
질서,1,0.5876781940460205
유령,1,0.5668269395828247
신화,1,0.5608668327331543
드라마,1,0.531794548034668
대화,1,0.5048822164535522
바다,1,0.5024420619010925
