Word,Category,Similarity,Frequency
결혼,연애,0.6863196492195129,1
기억,사랑,0.6537694931030273,1
난입,폭력,0.5554153919219971,1
내문,액션,1,1
누명,살인,0.5723448395729065,1
늑대,동물,0.6492973566055298,1
도술,마법,0.5730981230735779,1
동작,춤,0.578336238861084,4
몰살,배신,0.5945814251899719,2
문자,대화,0.5297391414642334,1
반역,음모,0.6959145665168762,1
배신감,죄책감,0.7084836959838867,1
복수심,죄책감,0.6118570566177368,1
부모,가족,0.6875284910202026,2
사람,꿈,0.5610076785087585,1
사랑,사랑,1,1
사제,종교,0.586785614490509,2
서슬,독재,0.5161508321762085,1
성물,도둑,0.5440202355384827,1
시대극,드라마,0.6777624487876892,1
아들,가족,0.5667959451675415,2
언어,교육,0.6619911193847656,1
열혈,만화,0.5459798574447632,1
요괴,좀비,0.6535662412643433,1
이별,이별,1,1
자객,해적,0.5808634757995605,1
작가,만화,0.6290877461433411,1
장소,여행,0.6031988263130188,1
제작국,방송,0.6784050464630127,1
좀비,좀비,1,1
지역,도시,0.7241222858428955,1
첫사랑,로맨스,0.5646798014640808,1
출발,여행,0.6575770378112793,1
출연,방송,0.659591019153595,4
쿨렁,액션,1,1
통솔,군사,0.5788393020629883,1
혈전,절망,0.5367928743362427,1

Category,Count,average
액션,2,1.0
사랑,2,0.8268847465515137
좀비,2,0.8267831206321716
방송,2,0.6689980328083038
죄책감,2,0.6601703763008118
여행,2,0.630387932062149
가족,2,0.6271622180938721
만화,2,0.5875338017940521
이별,1,1.0
도시,1,0.7241222858428955
음모,1,0.6959145665168762
연애,1,0.6863196492195129
드라마,1,0.6777624487876892
교육,1,0.6619911193847656
동물,1,0.6492973566055298
배신,1,0.5945814251899719
종교,1,0.586785614490509
해적,1,0.5808634757995605
군사,1,0.5788393020629883
춤,1,0.578336238861084
마법,1,0.5730981230735779
살인,1,0.5723448395729065
로맨스,1,0.5646798014640808
꿈,1,0.5610076785087585
폭력,1,0.5554153919219971
도둑,1,0.5440202355384827
절망,1,0.5367928743362427
대화,1,0.5297391414642334
독재,1,0.5161508321762085
