Word,Category,Similarity,Frequency
악어,동물,0.686905562877655,2
영화,만화,0.7536719441413879,2
중독,폭력,0.650359034538269,1
초저,저항,0.6345810890197754,1

Category,Count,average
만화,1,0.7536719441413879
동물,1,0.686905562877655
폭력,1,0.650359034538269
저항,1,0.6345810890197754
