Word,Category,Similarity,Frequency
뮤직,음악,0.7402024269104004,1
브이,액션,0.5347021818161011,1
엑스,좀비,0.6085123419761658,1

Category,Count,average
음악,1,0.7402024269104004
좀비,1,0.6085123419761658
액션,1,0.5347021818161011
