Word,Category,Similarity,Frequency
갈증,기쁨,0.6175435781478882,1
강요,용서,0.5793744921684265,1
개발자,컴퓨터,0.5119759440422058,1
게임,만화,0.7299426198005676,2
관람,여행,0.5587009191513062,1
국가,경제,0.7089344263076782,1
눈물,슬픔,0.6957001090049744,2
발견,발견,1,1
배급,교육,0.5531435608863831,1
부가,교통,0.571665346622467,1
생각,후회,0.6602693200111389,1
세계,경제,0.6071235537528992,2
소설,만화,0.8215566873550415,1
어부,해적,0.6063424944877625,1
여자,사랑,0.5380519032478333,1
영화,만화,0.7536719441413879,2
원작,만화,0.7227425575256348,1
장르,음악,0.7329081892967224,1
제휴,여행,0.5417444109916687,1
줄거리,드라마,0.531794548034668,1
출근,이별,0.512470543384552,1
출연,방송,0.659591019153595,1
충격,충격,1,1
판타지,판타지,1,2
할로우,정글,0.5200645923614502,1

Category,Count,average
만화,4,0.756978452205658
경제,2,0.6580289900302887
여행,2,0.5502226650714874
발견,1,1.0
충격,1,1.0
판타지,1,1.0
음악,1,0.7329081892967224
슬픔,1,0.6957001090049744
후회,1,0.6602693200111389
방송,1,0.659591019153595
기쁨,1,0.6175435781478882
해적,1,0.6063424944877625
용서,1,0.5793744921684265
교통,1,0.571665346622467
교육,1,0.5531435608863831
사랑,1,0.5380519032478333
드라마,1,0.531794548034668
정글,1,0.5200645923614502
이별,1,0.512470543384552
컴퓨터,1,0.5119759440422058
