Word,Category,Similarity,Frequency
가족,가족,1,1
간난,가족,0.5817102789878845,4
납치,살인,0.6689104437828064,2
노비,시골,0.587835431098938,1
눈물,슬픔,0.6957001090049744,1
때깔,유쾌,0.5734173059463501,1
마패,해적,0.5526321530342102,1
맛집,음식,0.6337778568267822,1
몰락,멸망,0.6989313364028931,3
보답,헌신,0.5308396816253662,1
불행,절망,0.6734789609909058,1
사람,꿈,0.5610076785087585,1
시력,질병,0.5970978140830994,1
시작,발견,0.534450113773346,3
실력,춤,0.5194166302680969,1
심학,자아,0.5306940674781799,1
아내,가족,0.582758903503418,1
양반,시골,0.567750096321106,3
영화,만화,0.7536719441413879,2
위조,범죄,0.5427451729774475,1
인신매매,범죄,0.5723335146903992,1
자매,가족,0.6219213008880615,2
잔치,꿈,0.6325612664222717,1
정보,교통,0.6121577620506287,1
조직,군대,0.5703792572021484,2
줄거리,드라마,0.531794548034668,2
출연,방송,0.659591019153595,2

Category,Count,average
가족,4,0.696597620844841
꿈,2,0.5967844724655151
시골,2,0.577792763710022
범죄,2,0.5575393438339233
만화,1,0.7536719441413879
멸망,1,0.6989313364028931
슬픔,1,0.6957001090049744
절망,1,0.6734789609909058
살인,1,0.6689104437828064
방송,1,0.659591019153595
음식,1,0.6337778568267822
교통,1,0.6121577620506287
질병,1,0.5970978140830994
유쾌,1,0.5734173059463501
군대,1,0.5703792572021484
해적,1,0.5526321530342102
발견,1,0.534450113773346
드라마,1,0.531794548034668
헌신,1,0.5308396816253662
자아,1,0.5306940674781799
춤,1,0.5194166302680969
