Word,Category,Similarity,Frequency
거리,도시,0.60332190990448,1
거위,동물,0.5950762629508972,1
결혼,연애,0.6863196492195129,1
계획,여행,0.6060113906860352,1
관심,기대,0.6249675154685974,2
기분,유쾌,0.6678951382637024,1
남편,가족,0.6233720779418945,1
노래,춤,0.7242721915245056,1
드라마,드라마,1,1
로맨스,로맨스,1,2
마음,기쁨,0.6783162951469421,1
매력,열정,0.6489761471748352,1
불만,분노,0.6757481098175049,1
사람,꿈,0.5610076785087585,2
생활,환경,0.7009555697441101,1
아내,가족,0.582758903503418,1
여자,사랑,0.5380519032478333,1
여행,여행,1,4
영화,만화,0.7536719441413879,3
요량,의심,0.6198232769966125,1
이혼,이별,0.6634467244148254,1
짝사랑,연애,0.6175044178962708,1
카페,유령,0.5409449934959412,1
탐방,여행,0.626908004283905,1
필모그래피,드라마,0.5541918277740479,1
활동,교육,0.6086112856864929,1
힐링,정글,0.5479092597961426,1

Category,Count,average
여행,3,0.7443064649899801
드라마,2,0.7770959138870239
연애,2,0.6519120335578918
가족,2,0.6030654907226562
로맨스,1,1.0
만화,1,0.7536719441413879
춤,1,0.7242721915245056
환경,1,0.7009555697441101
기쁨,1,0.6783162951469421
분노,1,0.6757481098175049
유쾌,1,0.6678951382637024
이별,1,0.6634467244148254
열정,1,0.6489761471748352
기대,1,0.6249675154685974
의심,1,0.6198232769966125
교육,1,0.6086112856864929
도시,1,0.60332190990448
동물,1,0.5950762629508972
꿈,1,0.5610076785087585
정글,1,0.5479092597961426
유령,1,0.5409449934959412
사랑,1,0.5380519032478333
