Word,Category,Similarity,Frequency
여행,여행,1,2
일상,유쾌,0.5978867411613464,2
컴퓨터,컴퓨터,1,1
협업,대화,0.5782889723777771,1
협찬,방송,0.5449087023735046,1

Category,Count,average
여행,1,1.0
컴퓨터,1,1.0
유쾌,1,0.5978867411613464
대화,1,0.5782889723777771
방송,1,0.5449087023735046
