Word,Category,Similarity,Frequency
거점,도시,0.6833214163780212,1
광상,해양,0.5635479688644409,2
매복,수색,0.6102346777915955,1
반란,반란,1,1
부대,군대,0.6763806939125061,2
상황,혼란,0.6442916989326477,1
실화,공포,0.6056075096130371,1
영화,만화,0.7536719441413879,3
예고편,드라마,0.5787103772163391,1
예상,기대,0.655988872051239,1
장단,춤,0.5323988199234009,2
전쟁,전쟁,1,1
점령,전쟁,0.6118645668029785,1
정글,정글,1,1
정예,군사,0.6188055276870728,2
추천,여행,0.5768113136291504,1
파견,군대,0.592928946018219,3
학살,폭력,0.6382682919502258,1
현장,교육,0.5853086113929749,1

Category,Count,average
전쟁,2,0.8059322834014893
군대,2,0.6346548199653625
반란,1,1.0
정글,1,1.0
만화,1,0.7536719441413879
도시,1,0.6833214163780212
기대,1,0.655988872051239
혼란,1,0.6442916989326477
폭력,1,0.6382682919502258
군사,1,0.6188055276870728
수색,1,0.6102346777915955
공포,1,0.6056075096130371
교육,1,0.5853086113929749
드라마,1,0.5787103772163391
여행,1,0.5768113136291504
해양,1,0.5635479688644409
춤,1,0.5323988199234009
