Word,Category,Similarity,Frequency
개입,음모,0.5886576175689697,1
과정,교육,0.6268183588981628,1
그림자,유령,0.5297560691833496,3
기타,음악,0.5873071551322937,1
남자,사랑,0.5456969141960144,1
노인,가족,0.6170642375946045,1
댓글,후회,0.505795419216156,1
말살,폭력,0.5722002983093262,2
방문,여행,0.5841829180717468,1
범죄자,범죄,0.5728323459625244,1
보이스피싱,범죄,0.5037814378738403,1
사표,도둑,0.5221258401870728,1
살해,살인,0.6861730217933655,1
생활,환경,0.7009555697441101,1
수사,범죄,0.673683226108551,1
시작,발견,0.534450113773346,1
영화,만화,0.7536719441413879,4
용의자,살인,0.5122509598731995,1
의심,의심,1,1
제작국,방송,0.6784050464630127,1
조직,군대,0.5703792572021484,1
조폭,범죄,0.6374698281288147,1
줄거리,드라마,0.531794548034668,1
처단,용서,0.5645942687988281,1
출연,방송,0.659591019153595,1
퇴임,고문,0.5350368618965149,1
해직,반란,0.5263652205467224,1
해커,좀비,0.6334941983222961,1
희망,희망,1,1

Category,Count,average
범죄,4,0.5969417095184326
방송,2,0.6689980328083038
살인,2,0.5992119908332825
의심,1,1.0
희망,1,1.0
만화,1,0.7536719441413879
환경,1,0.7009555697441101
좀비,1,0.6334941983222961
교육,1,0.6268183588981628
가족,1,0.6170642375946045
음모,1,0.5886576175689697
음악,1,0.5873071551322937
여행,1,0.5841829180717468
폭력,1,0.5722002983093262
군대,1,0.5703792572021484
용서,1,0.5645942687988281
사랑,1,0.5456969141960144
고문,1,0.5350368618965149
발견,1,0.534450113773346
드라마,1,0.531794548034668
유령,1,0.5297560691833496
반란,1,0.5263652205467224
도둑,1,0.5221258401870728
후회,1,0.505795419216156
