Word,Category,Similarity,Frequency
감상,음악,0.6411212086677551,1
결전,전투,0.6634336709976196,1
결혼,연애,0.6863196492195129,1
고퀼,액션,1,1
궁극,생존,0.5224151611328125,1
극악,좀비,0.5708756446838379,1
극장판,드라마,0.5479550361633301,1
느낌,슬픔,0.6343626976013184,1
두려움,두려움,1,1
드라마,드라마,1,5
만화,만화,1,1
몸매,의리,0.5643829703330994,1
방영,방송,0.7201281189918518,1
범죄,범죄,1,1
불사신,좀비,0.5745419263839722,1
사람,꿈,0.5610076785087585,1
생각,후회,0.6602693200111389,1
생활,환경,0.7009555697441101,1
시리즈,만화,0.5106303691864014,3
시즌,방송,0.5284544229507446,1
액션,액션,1,2
어린이집,학교,0.5558413863182068,1
영화,만화,0.7536719441413879,5
예고편,드라마,0.5787103772163391,4
원작,만화,0.7227425575256348,2
인물,정치,0.5848035216331482,2
장르,음악,0.7329081892967224,2
전업,탐정,0.5402431488037109,1
주부,시골,0.5967086553573608,8
최강,괴물,0.5176655650138855,1
축제,춤,0.6026461720466614,1
코미디,코미디,1,1
콘도,정글,0.5366768836975098,1
테레비,드라마,0.5206500291824341,1
토지,농업,0.5870977640151978,1
투기,도박,0.6767714023590088,1
평화,평등,0.671115517616272,1
폭소,개그,0.6643149852752686,1
플레이,서바이벌,0.5245938897132874,1

Category,Count,average
만화,4,0.746761217713356
드라마,4,0.6618288606405258
액션,2,1.0
음악,2,0.6870146989822388
방송,2,0.6242912709712982
좀비,2,0.572708785533905
두려움,1,1.0
범죄,1,1.0
코미디,1,1.0
환경,1,0.7009555697441101
연애,1,0.6863196492195129
도박,1,0.6767714023590088
평등,1,0.671115517616272
개그,1,0.6643149852752686
전투,1,0.6634336709976196
후회,1,0.6602693200111389
슬픔,1,0.6343626976013184
춤,1,0.6026461720466614
시골,1,0.5967086553573608
농업,1,0.5870977640151978
정치,1,0.5848035216331482
의리,1,0.5643829703330994
꿈,1,0.5610076785087585
학교,1,0.5558413863182068
탐정,1,0.5402431488037109
정글,1,0.5366768836975098
서바이벌,1,0.5245938897132874
생존,1,0.5224151611328125
괴물,1,0.5176655650138855
