Word,Category,Similarity,Frequency
가게,여행,0.5113754868507385,3
과자,음식,0.7175213694572449,2
극장판,드라마,0.5479550361633301,3
기상천외,미스터리,0.5333998799324036,1
느낌,슬픔,0.6343626976013184,1
대여,여행,0.6416856050491333,2
동물,동물,1,1
라이벌,자존심,0.5227869749069214,1
말장난,개그,0.590356707572937,1
모니터,컴퓨터,0.5649773478507996,1
모험,모험,1,1
방귀,폭력,0.5498852729797363,4
부각,성장,0.5576289892196655,1
부인,가족,0.5428288578987122,1
사건,살인,0.7159186005592346,8
생각,후회,0.6602693200111389,2
수수께끼,미스터리,0.61151123046875,1
수첩,용기,0.597621500492096,3
시리즈,만화,0.5106303691864014,4
식물,동물,0.7853432297706604,1
아동,가족,0.6625723242759705,3
암호,과학,0.5643569827079773,1
압축,충격,0.5453988909721375,1
애니메이션,만화,0.68199223279953,2
언어,교육,0.6619911193847656,1
에피소드,드라마,0.5304465889930725,4
여행,여행,1,1
원작,만화,0.7227425575256348,3
인기,여행,0.6119158267974854,1
인터랙티브,가상현실,0.5829823017120361,2
일색,의리,0.5396990180015564,2
장르,음악,0.7329081892967224,1
제작,방송,0.6307950615882874,1
천당,기쁨,0.5425944924354553,5
카레,음식,0.6260396838188171,2
컨텐츠,가상현실,0.517380952835083,3
퀴즈,과학,0.6113260388374329,1
타겟,좀비,0.6022775769233704,2
탐정,탐정,1,4
트름,액션,1,1
퍼즐,모험,0.6847085952758789,2
히트,음악,0.5558123588562012,1

Category,Count,average
여행,4,0.6912442296743393
만화,3,0.6384550531705221
동물,2,0.8926716148853302
모험,2,0.8423542976379395
음식,2,0.671780526638031
음악,2,0.6443602740764618
가족,2,0.6027005910873413
과학,2,0.5878415107727051
미스터리,2,0.5724555552005768
가상현실,2,0.5501816272735596
드라마,2,0.5392008125782013
탐정,1,1.0
액션,1,1.0
살인,1,0.7159186005592346
교육,1,0.6619911193847656
후회,1,0.6602693200111389
슬픔,1,0.6343626976013184
방송,1,0.6307950615882874
좀비,1,0.6022775769233704
용기,1,0.597621500492096
개그,1,0.590356707572937
컴퓨터,1,0.5649773478507996
성장,1,0.5576289892196655
폭력,1,0.5498852729797363
충격,1,0.5453988909721375
기쁨,1,0.5425944924354553
의리,1,0.5396990180015564
자존심,1,0.5227869749069214
