Word,Category,Similarity,Frequency
가능,여행,0.6136982440948486,1
갈등,갈등,1,1
감상,음악,0.6411212086677551,7
극장판,드라마,0.5479550361633301,8
만화,만화,1,1
모습,꿈,0.5368646383285522,1
발악,배신,0.611125648021698,1
복습,교육,0.5904060006141663,1
사람,꿈,0.5610076785087585,1
사운드,음악,0.5262696146965027,2
시리즈,만화,0.5106303691864014,2
시작,발견,0.534450113773346,1
시즌,방송,0.5284544229507446,2
압축,충격,0.5453988909721375,2
애니메이션,만화,0.68199223279953,3
영화,만화,0.7536719441413879,1
원작,만화,0.7227425575256348,1
유발,의심,0.6065707206726074,1
이해,철학,0.5395932197570801,2
입체,미술,0.5655646920204163,1
짐승,괴물,0.678253173828125,1
채널,방송,0.7239679098129272,1
체감,기대,0.6011069416999817,1
파이널,뮤지컬,0.568351686000824,1
포효,춤,0.562235414981842,4
현란,유쾌,0.5287632942199707,1
화면,액션,0.6001543998718262,2

Category,Count,average
만화,5,0.7338074207305908
방송,2,0.6262111663818359
음악,2,0.5836954116821289
꿈,2,0.5489361584186554
갈등,1,1.0
괴물,1,0.678253173828125
여행,1,0.6136982440948486
배신,1,0.611125648021698
의심,1,0.6065707206726074
기대,1,0.6011069416999817
액션,1,0.6001543998718262
교육,1,0.5904060006141663
뮤지컬,1,0.568351686000824
미술,1,0.5655646920204163
춤,1,0.562235414981842
드라마,1,0.5479550361633301
충격,1,0.5453988909721375
철학,1,0.5395932197570801
발견,1,0.534450113773346
유쾌,1,0.5287632942199707
