Word,Category,Similarity,Frequency
감상,음악,0.6411212086677551,1
과정,교육,0.6268183588981628,1
대결,갈등,0.5924415588378906,1
배틀,전투,0.6447144746780396,1
위험,불안,0.6922099590301514,1
전투,전투,1,1
추천,여행,0.5768113136291504,1
포켓,액션,0.5525084137916565,1

Category,Count,average
전투,2,0.8223572373390198
불안,1,0.6922099590301514
음악,1,0.6411212086677551
교육,1,0.6268183588981628
갈등,1,0.5924415588378906
여행,1,0.5768113136291504
액션,1,0.5525084137916565
