Word,Category,Similarity,Frequency
과학,과학,1,1
구조,환경,0.6101574897766113,1
귀욥,액션,1,1
기타,음악,0.5873071551322937,1
남극,해양,0.7013386487960815,1
녹음,음악,0.6460626721382141,2
댓글,후회,0.505795419216156,1
더빙,방송,0.5857229828834534,2
더위,질병,0.5179445147514343,1
마메,좀비,0.5607268214225769,1
모험,모험,1,1
믹싱,음악,0.5907809734344482,1
발견,발견,1,1
방문,여행,0.5841829180717468,1
부가,교통,0.571665346622467,1
사랑,사랑,1,2
사운드,음악,0.5262696146965027,1
생각,후회,0.6602693200111389,1
수수께끼,미스터리,0.61151123046875,1
야기,상실,0.5304044485092163,1
얼음,바다,0.6190788745880127,1
엄마,사랑,0.5908297300338745,1
연출,액션,0.5377380847930908,1
영화,만화,0.7536719441413879,6
외화,경제,0.5344226360321045,1
위기,혼란,0.6975850462913513,1
제공,여행,0.6024255156517029,1
제작국,방송,0.6784050464630127,1
줄거리,드라마,0.531794548034668,1
지구,우주,0.7121323943138123,1
출연,방송,0.659591019153595,1
치료법,질병,0.5062372088432312,1
치아,상처,0.5176803469657898,1
팔찌,인형,0.5754625797271729,2

Category,Count,average
음악,4,0.5876051038503647
방송,3,0.6412396828333536
사랑,2,0.7954148650169373
액션,2,0.7688690423965454
여행,2,0.5933042168617249
후회,2,0.5830323696136475
질병,2,0.5120908617973328
과학,1,1.0
모험,1,1.0
발견,1,1.0
만화,1,0.7536719441413879
우주,1,0.7121323943138123
해양,1,0.7013386487960815
혼란,1,0.6975850462913513
바다,1,0.6190788745880127
미스터리,1,0.61151123046875
환경,1,0.6101574897766113
인형,1,0.5754625797271729
교통,1,0.571665346622467
좀비,1,0.5607268214225769
경제,1,0.5344226360321045
드라마,1,0.531794548034668
상실,1,0.5304044485092163
상처,1,0.5176803469657898
