Word,Category,Similarity,Frequency
극장판,드라마,0.5479550361633301,2
장면,액션,0.5999083518981934,2
헤드,액션,0.51445472240448,5

Category,Count,average
액션,2,0.5571815371513367
드라마,1,0.5479550361633301
