Word,Category,Similarity,Frequency
골드,정글,0.5455614924430847,1
극장판,드라마,0.5479550361633301,2
레드,정글,0.5992697477340698,1
파행,혼란,0.6349281072616577,1
형사,탐정,0.7352063655853271,1

Category,Count,average
정글,2,0.5724156200885773
탐정,1,0.7352063655853271
혼란,1,0.6349281072616577
드라마,1,0.5479550361633301
