Word,Category,Similarity,Frequency
극장판,드라마,0.5479550361633301,2
세계,경제,0.6071235537528992,2

Category,Count,average
경제,1,0.6071235537528992
드라마,1,0.5479550361633301
