Word,Category,Similarity,Frequency
개그,개그,1,1
디스토피아,공상과학,0.6713545918464661,1
마음,기쁨,0.6783162951469421,2
만화,만화,1,1
상황,혼란,0.6442916989326477,2
아들,가족,0.5667959451675415,2
열혈,만화,0.5459798574447632,1
우울,불안,0.7772703766822815,1
이웃,가족,0.6304181218147278,1

Category,Count,average
만화,2,0.7729899287223816
가족,2,0.5986070334911346
개그,1,1.0
불안,1,0.7772703766822815
기쁨,1,0.6783162951469421
공상과학,1,0.6713545918464661
혼란,1,0.6442916989326477
