Word,Category,Similarity,Frequency
공룡,동물,0.6991666555404663,1
극장판,드라마,0.5479550361633301,2
안경,인형,0.6577499508857727,1

Category,Count,average
동물,1,0.6991666555404663
인형,1,0.6577499508857727
드라마,1,0.5479550361633301
