Word,Category,Similarity,Frequency
고전,미술,0.6437533497810364,1
곤충,동물,0.8180686831474304,1
공채,여행,0.5365667343139648,2
관람,여행,0.5587009191513062,1
국가,경제,0.7089344263076782,1
꼬마,도둑,0.5964561700820923,1
냄새,음식,0.5817655324935913,1
더미,좀비,0.5758236050605774,1
데뷔,방송,0.5465471744537354,1
마녀,유령,0.7514040470123291,1
모험,모험,1,1
문제,갈등,0.6495088934898376,1
버섯,동물,0.6183083057403564,2
애니메이션,만화,0.68199223279953,1
영화,만화,0.7536719441413879,1
원정대,탐험,0.5564109683036804,1
위기,혼란,0.6975850462913513,1
위협,폭력,0.639009416103363,1
음식물,음식,0.5866098403930664,1
장르,음악,0.7329081892967224,1
정보,교통,0.6121577620506287,2
줄거리,드라마,0.531794548034668,1
추천,여행,0.5768113136291504,1
튀김,음식,0.708192765712738,2
판타지,판타지,1,1
활동,교육,0.6086112856864929,1

Category,Count,average
음식,3,0.6255227128664652
여행,3,0.5573596556981405
동물,2,0.7181884944438934
만화,2,0.717832088470459
모험,1,1.0
판타지,1,1.0
유령,1,0.7514040470123291
음악,1,0.7329081892967224
경제,1,0.7089344263076782
혼란,1,0.6975850462913513
갈등,1,0.6495088934898376
미술,1,0.6437533497810364
폭력,1,0.639009416103363
교통,1,0.6121577620506287
교육,1,0.6086112856864929
도둑,1,0.5964561700820923
좀비,1,0.5758236050605774
탐험,1,0.5564109683036804
방송,1,0.5465471744537354
드라마,1,0.531794548034668
