Word,Category,Similarity,Frequency
가세,추격,0.5212082862854004,1
격투,액션,0.6852583885192871,1
관람,여행,0.5587009191513062,1
극장판,드라마,0.5479550361633301,1
난입,폭력,0.5554153919219971,1
모험,모험,1,1
버기,정글,0.5416097640991211,1
생각,후회,0.6602693200111389,3
선물,사랑,0.605575680732727,2
세계,경제,0.6071235537528992,2
세트,인형,0.564244270324707,2
시작,발견,0.534450113773346,1
싸움,전투,0.6696678996086121,1
애니메이션,만화,0.68199223279953,1
액션,액션,1,1
원피스,로맨스,0.5207769274711609,1
일당,해적,0.5479298233985901,2
전투,전투,1,1
줄거리,드라마,0.531794548034668,1
축제,춤,0.6026461720466614,3
출연,방송,0.659591019153595,2
캐릭터,인형,0.5306801795959473,2
특별,의료,0.5320938229560852,1
판타지,판타지,1,1
해적,해적,1,9
행복,기쁨,0.7726561427116394,1
혼란,혼란,1,1

Category,Count,average
액션,2,0.8426291942596436
전투,2,0.834833949804306
해적,2,0.773964911699295
인형,2,0.5474622249603271
드라마,2,0.539874792098999
모험,1,1.0
판타지,1,1.0
혼란,1,1.0
기쁨,1,0.7726561427116394
만화,1,0.68199223279953
후회,1,0.6602693200111389
방송,1,0.659591019153595
경제,1,0.6071235537528992
사랑,1,0.605575680732727
춤,1,0.6026461720466614
여행,1,0.5587009191513062
폭력,1,0.5554153919219971
정글,1,0.5416097640991211
발견,1,0.534450113773346
의료,1,0.5320938229560852
추격,1,0.5212082862854004
로맨스,1,0.5207769274711609
