Word,Category,Similarity,Frequency
기억,사랑,0.6537694931030273,1
열혈,만화,0.5459798574447632,1
영화,만화,0.7536719441413879,1
와차,액션,1,1
이웃,가족,0.6304181218147278,1
작업,수색,0.6102691888809204,1

Category,Count,average
만화,2,0.6498259007930756
액션,1,1.0
사랑,1,0.6537694931030273
가족,1,0.6304181218147278
수색,1,0.6102691888809204
