Word,Category,Similarity,Frequency
영화,만화,0.7536719441413879,1
음악,음악,1,1
일상,유쾌,0.5978867411613464,1
전투,전투,1,1

Category,Count,average
음악,1,1.0
전투,1,1.0
만화,1,0.7536719441413879
유쾌,1,0.5978867411613464
