Word,Category,Similarity,Frequency
감성,심리,0.6301533579826355,1
감정,심리,0.7588332891464233,1
공부,교육,0.6627280712127686,1
과정,교육,0.6268183588981628,1
괴로움,고통,0.6400415301322937,1
기질,욕망,0.6052412986755371,1
낭만주의자,인간성,0.503331184387207,1
노력,헌신,0.6555296182632446,1
도전,열정,0.6956499814987183,1
마음,기쁨,0.6783162951469421,1
메일,만화,0.5050849914550781,1
모델,교육,0.5252665281295776,1
박탈감,무력감,0.7078076601028442,1
밴드,음악,0.5989826321601868,3
분수,춤,0.6253907084465027,1
사람,꿈,0.5610076785087585,3
생각,후회,0.6602693200111389,1
선택,희망,0.5827092528343201,1
성공,성장,0.6859850287437439,1
성장,성장,1,1
세상,기쁨,0.6082786321640015,1
시작,발견,0.534450113773346,2
신체,자아,0.5770981311798096,1
실존,생존,0.5969371199607849,1
실패,후회,0.6084508299827576,1
실화,공포,0.6056075096130371,1
애호가,음악,0.5525186657905579,1
열등감,죄책감,0.6662242412567139,1
영화,만화,0.7536719441413879,3
음악,음악,1,5
이탈,혼란,0.6253495812416077,1
인물,정치,0.5848035216331482,1
인상,기대,0.6044384241104126,2
잔인,음모,0.569640040397644,1
천부,바다,0.584364116191864,3
치과,의료,0.7078388929367065,1
캐릭터,인형,0.5306801795959473,1
환자,질병,0.6447532773017883,1
활동,교육,0.6086112856864929,1
희생,희생,1,1

Category,Count,average
교육,4,0.6058560609817505
음악,3,0.7171670993169149
성장,2,0.842992514371872
심리,2,0.6944933235645294
기쁨,2,0.6432974636554718
후회,2,0.6343600749969482
만화,2,0.629378467798233
희생,1,1.0
의료,1,0.7078388929367065
무력감,1,0.7078076601028442
열정,1,0.6956499814987183
죄책감,1,0.6662242412567139
헌신,1,0.6555296182632446
질병,1,0.6447532773017883
고통,1,0.6400415301322937
춤,1,0.6253907084465027
혼란,1,0.6253495812416077
공포,1,0.6056075096130371
욕망,1,0.6052412986755371
기대,1,0.6044384241104126
생존,1,0.5969371199607849
정치,1,0.5848035216331482
바다,1,0.584364116191864
희망,1,0.5827092528343201
자아,1,0.5770981311798096
음모,1,0.569640040397644
꿈,1,0.5610076785087585
발견,1,0.534450113773346
인형,1,0.5306801795959473
인간성,1,0.503331184387207
