Word,Category,Similarity,Frequency
수행,성장,0.5646498799324036,1
스릴러,스릴러,1,3
아내,가족,0.582758903503418,1
영화,만화,0.7536719441413879,2
예고편,드라마,0.5787103772163391,1
작가,만화,0.6290877461433411,1
정보,교통,0.6121577620506287,1
추출,발견,0.5498924255371094,1
테러리즘,범죄,0.550807774066925,3
혼수,고독,0.574442446231842,2
활동,교육,0.6086112856864929,1

Category,Count,average
만화,2,0.6913798451423645
스릴러,1,1.0
교통,1,0.6121577620506287
교육,1,0.6086112856864929
가족,1,0.582758903503418
드라마,1,0.5787103772163391
고독,1,0.574442446231842
성장,1,0.5646498799324036
범죄,1,0.550807774066925
발견,1,0.5498924255371094
