Word,Category,Similarity,Frequency
강력,충격,0.5549739599227905,2
개요,여행,0.5623396039009094,1
관람,여행,0.5587009191513062,1
교훈,희망,0.596325695514679,1
목격,발견,0.6813858151435852,1
몰입,열정,0.6674494743347168,1
문제,갈등,0.6495088934898376,2
미스터리,미스터리,1,2
부모,가족,0.6875284910202026,1
사람,꿈,0.5610076785087585,1
사랑,사랑,1,1
사회,경제,0.8096231818199158,1
살해,살인,0.6861730217933655,1
생각,후회,0.6602693200111389,1
스릴러,스릴러,1,3
심리,심리,1,2
아동,가족,0.6625723242759705,1
아픔,상처,0.7904168963432312,1
엄마,사랑,0.5908297300338745,1
영화,만화,0.7536719441413879,10
욕구,욕망,0.741037905216217,2
용의자,살인,0.5122509598731995,1
이웃,가족,0.6304181218147278,1
죽음,고독,0.6896678805351257,3
추천,여행,0.5768113136291504,2
학대,범죄,0.6776032447814941,1

Category,Count,average
가족,3,0.6601729790369669
여행,3,0.565950612227122
사랑,2,0.7954148650169373
살인,2,0.5992119908332825
미스터리,1,1.0
스릴러,1,1.0
심리,1,1.0
경제,1,0.8096231818199158
상처,1,0.7904168963432312
만화,1,0.7536719441413879
욕망,1,0.741037905216217
고독,1,0.6896678805351257
발견,1,0.6813858151435852
범죄,1,0.6776032447814941
열정,1,0.6674494743347168
후회,1,0.6602693200111389
갈등,1,0.6495088934898376
희망,1,0.596325695514679
꿈,1,0.5610076785087585
충격,1,0.5549739599227905
