Word,Category,Similarity,Frequency
거래,도박,0.6013003587722778,1
과정,교육,0.6268183588981628,1
기대주,언더독,0.5454235076904297,1
기획,교육,0.625312864780426,1
느낌,슬픔,0.6343626976013184,1
단편,만화,0.737099826335907,1
도움,기대,0.5482439994812012,1
매력,열정,0.6489761471748352,1
모종,동물,0.5004690289497375,1
몽환,공포,0.573314368724823,1
바다,바다,1,1
색감,미술,0.5213123559951782,1
성인,교육,0.5841577649116516,1
세계,경제,0.6071235537528992,4
세상,기쁨,0.6082786321640015,1
신비,기쁨,0.6222472786903381,1
애니메이션,만화,0.68199223279953,5
여주인공,로맨스,0.5319628715515137,1
여행,여행,1,1
영매,탐정,0.5893564224243164,1
영상미,액션,0.5695945620536804,1
영화,만화,0.7536719441413879,2
위험,불안,0.6922099590301514,1
음악,음악,1,1
의례,종교,0.5857272744178772,1
이웃,가족,0.6304181218147278,1
제작,방송,0.6307950615882874,3
죽음,고독,0.6896678805351257,1
지브리,미술,0.5128082036972046,1
참여,기대,0.5516729950904846,1
특색,도시,0.519700825214386,1
환영,희망,0.5663730502128601,1
활약,성장,0.5549848675727844,1
희생,희생,1,1

Category,Count,average
만화,3,0.7242546677589417
교육,3,0.6120963295300802
기쁨,2,0.6152629554271698
기대,2,0.5499584972858429
미술,2,0.5170602798461914
바다,1,1.0
여행,1,1.0
음악,1,1.0
희생,1,1.0
불안,1,0.6922099590301514
고독,1,0.6896678805351257
열정,1,0.6489761471748352
슬픔,1,0.6343626976013184
방송,1,0.6307950615882874
가족,1,0.6304181218147278
경제,1,0.6071235537528992
도박,1,0.6013003587722778
탐정,1,0.5893564224243164
종교,1,0.5857272744178772
공포,1,0.573314368724823
액션,1,0.5695945620536804
희망,1,0.5663730502128601
성장,1,0.5549848675727844
언더독,1,0.5454235076904297
로맨스,1,0.5319628715515137
도시,1,0.519700825214386
동물,1,0.5004690289497375
