Word,Category,Similarity,Frequency
간판,학교,0.5174685716629028,1
감성,심리,0.6301533579826355,1
공포,공포,1,5
광고,방송,0.6559303998947144,1
괴기,괴담,0.5977715253829956,1
그림자,유령,0.5297560691833496,1
기대,기대,1,1
내면,내면,1,1
도시,도시,1,1
사람,꿈,0.5610076785087585,1
살인마,살인,0.5618112683296204,1
상영,방송,0.6350025534629822,1
생각,후회,0.6602693200111389,1
시리즈,만화,0.5106303691864014,1
시작,발견,0.534450113773346,1
심리,심리,1,1
심플,복고,0.5281141996383667,1
악몽,공포,0.6761541962623596,1
연쇄,살인,0.6428334712982178,1
연출,액션,0.5377380847930908,6
영화,만화,0.7536719441413879,6
옴니버스,코미디,0.5680863857269287,1
유머,개그,0.6961884498596191,1
이름,신화,0.5608668327331543,1
이웃,가족,0.6304181218147278,1
장면,액션,0.5999083518981934,1
죽음,고독,0.6896678805351257,1
캐릭터,인형,0.5306801795959473,1
특유,춤,0.5365961194038391,1

Category,Count,average
공포,2,0.8380770981311798
심리,2,0.8150766789913177
방송,2,0.6454664766788483
만화,2,0.6321511566638947
살인,2,0.6023223698139191
액션,2,0.5688232183456421
기대,1,1.0
내면,1,1.0
도시,1,1.0
개그,1,0.6961884498596191
고독,1,0.6896678805351257
후회,1,0.6602693200111389
가족,1,0.6304181218147278
괴담,1,0.5977715253829956
코미디,1,0.5680863857269287
꿈,1,0.5610076785087585
신화,1,0.5608668327331543
춤,1,0.5365961194038391
발견,1,0.534450113773346
인형,1,0.5306801795959473
유령,1,0.5297560691833496
복고,1,0.5281141996383667
학교,1,0.5174685716629028
