Word,Category,Similarity,Frequency
감정,심리,0.7588332891464233,1
공백,불안,0.5762792825698853,1
극장판,드라마,0.5479550361633301,2
기말,철학,0.5575928688049316,1
대여,여행,0.6416856050491333,1
마음,기쁨,0.6783162951469421,1
만화,만화,1,1
방학,학교,0.627612829208374,1
산중,시골,0.6135167479515076,1
생각,후회,0.6602693200111389,1
선택,희망,0.5827092528343201,1
성장,성장,1,1
수면,환경,0.5423021912574768,1
시리즈,만화,0.5106303691864014,2
시험,교육,0.6255394220352173,1
애니메이션,만화,0.68199223279953,1
영화,만화,0.7536719441413879,2
인물,정치,0.5848035216331482,1
재탕,음모론,0.5349639058113098,1
전반,정치,0.5626547336578369,1
캐릭터,인형,0.5306801795959473,1
코드,액션,0.5642611384391785,1
특유,춤,0.5365961194038391,1
패턴,심리,0.5403613448143005,1
팩트,의리,0.5176695585250854,1
학생,학교,0.7100017070770264,1
합숙,학교,0.5711987614631653,1
히로아카,만화,0.5307832956314087,1
히어로,판타지,0.6113652586936951,1

Category,Count,average
만화,5,0.6954155683517456
학교,3,0.6362710992495219
심리,2,0.6495973169803619
정치,2,0.5737291276454926
성장,1,1.0
기쁨,1,0.6783162951469421
후회,1,0.6602693200111389
여행,1,0.6416856050491333
교육,1,0.6255394220352173
시골,1,0.6135167479515076
판타지,1,0.6113652586936951
희망,1,0.5827092528343201
불안,1,0.5762792825698853
액션,1,0.5642611384391785
철학,1,0.5575928688049316
드라마,1,0.5479550361633301
환경,1,0.5423021912574768
춤,1,0.5365961194038391
음모론,1,0.5349639058113098
인형,1,0.5306801795959473
의리,1,0.5176695585250854
