Word,Category,Similarity,Frequency
결혼,연애,0.6863196492195129,1
극단,미술,0.5709163546562195,1
기타,음악,0.5873071551322937,1
낙천,여행,0.5642282962799072,1
남자,사랑,0.5456969141960144,1
너느,액션,1,1
댓글,후회,0.505795419216156,1
동거,연애,0.6906545758247375,1
동성애,시민운동,0.5410732626914978,1
맥주,음식,0.6920314431190491,1
모습,꿈,0.5368646383285522,1
방문,여행,0.5841829180717468,1
불륜,연애,0.7070099711418152,1
생활,환경,0.7009555697441101,1
성실,헌신,0.6314191222190857,1
성희롱,폭력,0.5515899062156677,1
섹스,만화,0.6615440249443054,1
여자,사랑,0.5380519032478333,2
연습,전투,0.5603004097938538,1
영화,만화,0.7536719441413879,4
유부남,연애,0.5484553575515747,3
유혹,욕망,0.6288394331932068,1
이혼,이별,0.6634467244148254,2
제작국,방송,0.6784050464630127,1
줄거리,드라마,0.531794548034668,1
출연,방송,0.659591019153595,1
후회,후회,1,1

Category,Count,average
연애,4,0.6581098884344101
후회,2,0.752897709608078
만화,2,0.7076079845428467
방송,2,0.6689980328083038
여행,2,0.574205607175827
사랑,2,0.5418744087219238
액션,1,1.0
환경,1,0.7009555697441101
음식,1,0.6920314431190491
이별,1,0.6634467244148254
헌신,1,0.6314191222190857
욕망,1,0.6288394331932068
음악,1,0.5873071551322937
미술,1,0.5709163546562195
전투,1,0.5603004097938538
폭력,1,0.5515899062156677
시민운동,1,0.5410732626914978
꿈,1,0.5368646383285522
드라마,1,0.531794548034668
