Word,Category,Similarity,Frequency
감성,심리,0.6301533579826355,2
감정,심리,0.7588332891464233,1
관람,여행,0.5587009191513062,1
기대,기대,1,1
기분,유쾌,0.6678951382637024,1
느낌,슬픔,0.6343626976013184,2
레일,전기,0.525973916053772,1
무브,액션,0.6631208062171936,2
사람,꿈,0.5610076785087585,2
사랑,사랑,1,1
생각,후회,0.6602693200111389,4
숨소리,슬픔,0.5156160593032837,1
애니,만화,0.7641763091087341,1
역설,미래,0.5096436142921448,1
연극,미술,0.7502412796020508,2
영화,만화,0.7536719441413879,12
위장,질병,0.5374902486801147,1
인기,여행,0.6119158267974854,1
인물,정치,0.5848035216331482,1
장면,액션,0.5999083518981934,1
재미,모험,0.6051297187805176,1
전반,정치,0.5626547336578369,1
제공,여행,0.6024255156517029,1
캐릭터,인형,0.5306801795959473,1
판타지,판타지,1,1
포토,동정,0.5201435089111328,1
화면,액션,0.6001543998718262,1

Category,Count,average
액션,3,0.6210611859957377
여행,3,0.5910140872001648
만화,2,0.758924126625061
심리,2,0.6944933235645294
슬픔,2,0.574989378452301
정치,2,0.5737291276454926
기대,1,1.0
사랑,1,1.0
판타지,1,1.0
미술,1,0.7502412796020508
유쾌,1,0.6678951382637024
후회,1,0.6602693200111389
모험,1,0.6051297187805176
꿈,1,0.5610076785087585
질병,1,0.5374902486801147
인형,1,0.5306801795959473
전기,1,0.525973916053772
동정,1,0.5201435089111328
미래,1,0.5096436142921448
