Word,Category,Similarity,Frequency
게임,만화,0.7299426198005676,1
남자,사랑,0.5456969141960144,2
드라마,드라마,1,1
매력,열정,0.6489761471748352,1
상품,여행,0.6432608962059021,1
에로,액션,0.6841403841972351,1
여자,사랑,0.5380519032478333,3
영화,만화,0.7536719441413879,2

Category,Count,average
만화,2,0.7418072819709778
사랑,2,0.5418744087219238
드라마,1,1.0
액션,1,0.6841403841972351
열정,1,0.6489761471748352
여행,1,0.6432608962059021
