Word,Category,Similarity,Frequency
거짓말,부도덕,0.5334540605545044,1
과정,교육,0.6268183588981628,1
기타,음악,0.5873071551322937,2
남자,사랑,0.5456969141960144,1
노력,헌신,0.6555296182632446,1
느낌,슬픔,0.6343626976013184,1
라디오,드라마,0.6265520453453064,1
마음,기쁨,0.6783162951469421,4
매력,열정,0.6489761471748352,1
바다,바다,1,2
바닷가,바다,0.5303730368614197,1
방해,혼란,0.5498800277709961,1
버스,교통,0.730898916721344,1
삐삐,도둑,0.5381693243980408,1
사람,꿈,0.5610076785087585,3
사랑,사랑,1,2
시작,발견,0.534450113773346,1
실화,공포,0.6056075096130371,2
영화,만화,0.7536719441413879,4
이름,신화,0.5608668327331543,2
자막,방송,0.6141181588172913,1
장면,액션,0.5999083518981934,1
전화,대화,0.5852361917495728,3
제작,방송,0.6307950615882874,2
호감,자아,0.6214834451675415,1

Category,Count,average
사랑,2,0.7728484570980072
바다,2,0.7651865184307098
방송,2,0.6224566102027893
만화,1,0.7536719441413879
교통,1,0.730898916721344
기쁨,1,0.6783162951469421
헌신,1,0.6555296182632446
열정,1,0.6489761471748352
슬픔,1,0.6343626976013184
교육,1,0.6268183588981628
드라마,1,0.6265520453453064
자아,1,0.6214834451675415
공포,1,0.6056075096130371
액션,1,0.5999083518981934
음악,1,0.5873071551322937
대화,1,0.5852361917495728
꿈,1,0.5610076785087585
신화,1,0.5608668327331543
혼란,1,0.5498800277709961
도둑,1,0.5381693243980408
발견,1,0.534450113773346
부도덕,1,0.5334540605545044
