Word,Category,Similarity,Frequency
가족,가족,1,1
고생,고통,0.5584161281585693,1
당일,여행,0.5352691411972046,1
도착,여행,0.6466491222381592,1
독특,춤,0.5334261655807495,1
변태,인형,0.6163353323936462,2
사건,살인,0.7159186005592346,1
상황,혼란,0.6442916989326477,1
시체,살인,0.6126627326011658,2
에피소드,드라마,0.5304465889930725,1
영화,만화,0.7536719441413879,3
웃음,개그,0.6434062123298645,1
재미,모험,0.6051297187805176,1
절벽,바다,0.5490967631340027,1
절친,연애,0.6004643440246582,1
추락,충격,0.5615158081054688,2
추천,여행,0.5768113136291504,1
캐릭터,인형,0.5306801795959473,1
코미디,코미디,1,1
페스티벌,뮤지컬,0.6277271509170532,1

Category,Count,average
여행,3,0.586243192354838
살인,2,0.6642906665802002
인형,2,0.5735077559947968
가족,1,1.0
코미디,1,1.0
만화,1,0.7536719441413879
혼란,1,0.6442916989326477
개그,1,0.6434062123298645
뮤지컬,1,0.6277271509170532
모험,1,0.6051297187805176
연애,1,0.6004643440246582
충격,1,0.5615158081054688
고통,1,0.5584161281585693
바다,1,0.5490967631340027
춤,1,0.5334261655807495
드라마,1,0.5304465889930725
