Word,Category,Similarity,Frequency
가족,가족,1,1
갈망,욕망,0.7525596022605896,1
결혼,연애,0.6863196492195129,1
교감,대화,0.5680186152458191,2
나체,춤,0.5363216400146484,1
다이빙,스포츠,0.5205369591712952,4
다짐,열정,0.6131012439727783,1
마음,기쁨,0.6783162951469421,1
바다,바다,1,1
사고,의심,0.5630502700805664,1
사람,꿈,0.5610076785087585,1
사랑,사랑,1,5
사진,미술,0.5546669960021973,1
사진작가,다큐멘터리,0.5070701837539673,1
상어,동물,0.6303016543388367,2
상처,상처,1,1
생활,환경,0.7009555697441101,1
안부,대화,0.6139237284660339,1
영화,만화,0.7536719441413879,1
위험,불안,0.6922099590301514,1
육아,교육,0.7042093276977539,2
이해,철학,0.5395932197570801,1
익사,고통,0.6135760545730591,2
임신,질병,0.5124660134315491,1
작가,만화,0.6290877461433411,1
장소,여행,0.6031988263130188,1
전화,대화,0.5852361917495728,3
합의,대화,0.6029186844825745,1

Category,Count,average
대화,4,0.5925243049860001
만화,2,0.6913798451423645
가족,1,1.0
바다,1,1.0
사랑,1,1.0
상처,1,1.0
욕망,1,0.7525596022605896
교육,1,0.7042093276977539
환경,1,0.7009555697441101
불안,1,0.6922099590301514
연애,1,0.6863196492195129
기쁨,1,0.6783162951469421
동물,1,0.6303016543388367
고통,1,0.6135760545730591
열정,1,0.6131012439727783
여행,1,0.6031988263130188
의심,1,0.5630502700805664
꿈,1,0.5610076785087585
미술,1,0.5546669960021973
철학,1,0.5395932197570801
춤,1,0.5363216400146484
스포츠,1,0.5205369591712952
질병,1,0.5124660134315491
다큐멘터리,1,0.5070701837539673
