Word,Category,Similarity,Frequency
가슴,상처,0.6098507642745972,1
공포감,무력감,0.6693056225776672,1
관찰,발견,0.5781939625740051,1
기타,음악,0.5873071551322937,1
댓글,후회,0.505795419216156,1
문제,갈등,0.6495088934898376,1
발견,발견,1,1
방문,여행,0.5841829180717468,1
사람,꿈,0.5610076785087585,2
생활,환경,0.7009555697441101,1
세상,기쁨,0.6082786321640015,1
시험,교육,0.6255394220352173,1
연기자,드라마,0.6007305979728699,1
영화,만화,0.7536719441413879,4
와일드,카우보이,0.6082644462585449,1
제작국,방송,0.6784050464630127,1
제작진,드라마,0.5286853313446045,1
줄거리,드라마,0.531794548034668,1
출연,방송,0.659591019153595,1
트림,액션,0.5543510317802429,1
프로그램,교육,0.6089324355125427,2

Category,Count,average
드라마,3,0.5537368257840475
발견,2,0.7890969812870026
방송,2,0.6689980328083038
교육,2,0.61723592877388
만화,1,0.7536719441413879
환경,1,0.7009555697441101
무력감,1,0.6693056225776672
갈등,1,0.6495088934898376
상처,1,0.6098507642745972
기쁨,1,0.6082786321640015
카우보이,1,0.6082644462585449
음악,1,0.5873071551322937
여행,1,0.5841829180717468
꿈,1,0.5610076785087585
액션,1,0.5543510317802429
후회,1,0.505795419216156
