Word,Category,Similarity,Frequency
기타,음악,0.5873071551322937,1
남자,사랑,0.5456969141960144,1
남편,가족,0.6233720779418945,1
다크니스,판타지,0.5210812091827393,1
댓글,후회,0.505795419216156,1
발전,성장,0.7311267852783203,1
방문,여행,0.5841829180717468,1
보호,환경,0.6321627497673035,1
부모,가족,0.6875284910202026,1
상품,여행,0.6432608962059021,1
생각,후회,0.6602693200111389,2
세계,경제,0.6071235537528992,1
시작,발견,0.534450113773346,1
실의,슬픔,0.5026541352272034,1
여자,사랑,0.5380519032478333,1
영화,만화,0.7536719441413879,4
위로,바다,0.5024420619010925,1
위협,폭력,0.639009416103363,1
잉크,전기,0.541554868221283,1
제작국,방송,0.6784050464630127,1
죽음,고독,0.6896678805351257,1
줄거리,드라마,0.531794548034668,1
추방,독재,0.5840529203414917,1
출연,방송,0.659591019153595,1
표현,대화,0.5644240975379944,1

Category,Count,average
방송,2,0.6689980328083038
가족,2,0.6554502844810486
여행,2,0.6137219071388245
후회,2,0.5830323696136475
사랑,2,0.5418744087219238
만화,1,0.7536719441413879
성장,1,0.7311267852783203
고독,1,0.6896678805351257
폭력,1,0.639009416103363
환경,1,0.6321627497673035
경제,1,0.6071235537528992
음악,1,0.5873071551322937
독재,1,0.5840529203414917
대화,1,0.5644240975379944
전기,1,0.541554868221283
발견,1,0.534450113773346
드라마,1,0.531794548034668
판타지,1,0.5210812091827393
슬픔,1,0.5026541352272034
바다,1,0.5024420619010925
