Word,Category,Similarity,Frequency
가족,가족,1,1
갈끔,액션,1,1
감상,음악,0.6411212086677551,1
개별,음악,0.5007151961326599,1
구매,여행,0.5682201981544495,1
능청,유쾌,0.6301367878913879,1
모바일,컴퓨터,0.590937614440918,1
시리즈,만화,0.5106303691864014,1
씨네폭스,드라마,0.537479817867279,1
영화,만화,0.7536719441413879,2
잡상인,도둑,0.5549806356430054,2
정액,액션,0.5344898700714111,1
출연,방송,0.659591019153595,1
플랫폼,가상현실,0.5415536761283875,1
플레이,서바이벌,0.5245938897132874,1

Category,Count,average
액션,2,0.7672449350357056
만화,2,0.6321511566638947
음악,2,0.5709182024002075
가족,1,1.0
방송,1,0.659591019153595
유쾌,1,0.6301367878913879
컴퓨터,1,0.590937614440918
여행,1,0.5682201981544495
도둑,1,0.5549806356430054
가상현실,1,0.5415536761283875
드라마,1,0.537479817867279
서바이벌,1,0.5245938897132874
