Word,Category,Similarity,Frequency
감상,음악,0.6411212086677551,1
기대,기대,1,1
댓글,후회,0.505795419216156,1
사진,미술,0.5546669960021973,1
사회,경제,0.8096231818199158,1
성실,헌신,0.6314191222190857,1
엄마,사랑,0.5908297300338745,1
영화,만화,0.7536719441413879,2
제공,여행,0.6024255156517029,1

Category,Count,average
기대,1,1.0
경제,1,0.8096231818199158
만화,1,0.7536719441413879
음악,1,0.6411212086677551
헌신,1,0.6314191222190857
여행,1,0.6024255156517029
사랑,1,0.5908297300338745
미술,1,0.5546669960021973
후회,1,0.505795419216156
