Word,Category,Similarity,Frequency
결혼,연애,0.6863196492195129,1
관람,여행,0.5587009191513062,1
국가,경제,0.7089344263076782,1
대출,유령,0.5509581565856934,1
세계,경제,0.6071235537528992,2
스캔들,로맨스,0.5457527041435242,1
영혼,슬픔,0.7210677266120911,1
영화,만화,0.7536719441413879,2
예고편,드라마,0.5787103772163391,2
유무,상실,0.5051581263542175,1
장르,음악,0.7329081892967224,1
전대미문,전쟁,0.5123085975646973,1
중계,방송,0.7659165263175964,1
질문,대화,0.5432519912719727,1
코미디,코미디,1,1
학교,학교,1,1

Category,Count,average
경제,2,0.6580289900302887
코미디,1,1.0
학교,1,1.0
방송,1,0.7659165263175964
만화,1,0.7536719441413879
음악,1,0.7329081892967224
슬픔,1,0.7210677266120911
연애,1,0.6863196492195129
드라마,1,0.5787103772163391
여행,1,0.5587009191513062
유령,1,0.5509581565856934
로맨스,1,0.5457527041435242
대화,1,0.5432519912719727
전쟁,1,0.5123085975646973
상실,1,0.5051581263542175
