Word,Category,Similarity,Frequency
가정,가족,0.7013463377952576,1
감상,음악,0.6411212086677551,1
공동체,시민운동,0.5667669773101807,1
국방,군사,0.7396765351295471,1
군대,군대,1,3
노력,헌신,0.6555296182632446,1
느낌,슬픔,0.6343626976013184,1
대립,갈등,0.8246769905090332,8
도망,도둑,0.5489647388458252,3
도움,기대,0.5482439994812012,1
마음,기쁨,0.6783162951469421,4
모습,꿈,0.5368646383285522,7
발발,전쟁,0.7246169447898865,1
변화,성장,0.7235260605812073,1
사람,꿈,0.5610076785087585,5
사회,경제,0.8096231818199158,1
생각,후회,0.6602693200111389,1
성장,성장,1,2
쉼터,유령,0.5914787650108337,1
실체,배신,0.5563049912452698,1
역사,철학,0.6869469285011292,1
연기자,드라마,0.6007305979728699,1
영화,만화,0.7536719441413879,8
오디션,뮤지컬,0.6122252941131592,1
의무,윤리,0.6379601955413818,1
일상,유쾌,0.5978867411613464,1
전쟁,전쟁,1,3
정규군,군대,0.5175327062606812,1
정책,환경,0.7071523666381836,1
주요,도시,0.5643994808197021,1
직위,권력,0.5311316251754761,1
질문,대화,0.5432519912719727,1
참여,기대,0.5516729950904846,1
함락,멸망,0.70522141456604,1

Category,Count,average
전쟁,2,0.8623084723949432
성장,2,0.8617630302906036
군대,2,0.7587663531303406
기대,2,0.5499584972858429
꿈,2,0.5489361584186554
갈등,1,0.8246769905090332
경제,1,0.8096231818199158
만화,1,0.7536719441413879
군사,1,0.7396765351295471
환경,1,0.7071523666381836
멸망,1,0.70522141456604
가족,1,0.7013463377952576
철학,1,0.6869469285011292
기쁨,1,0.6783162951469421
후회,1,0.6602693200111389
헌신,1,0.6555296182632446
음악,1,0.6411212086677551
윤리,1,0.6379601955413818
슬픔,1,0.6343626976013184
뮤지컬,1,0.6122252941131592
드라마,1,0.6007305979728699
유쾌,1,0.5978867411613464
유령,1,0.5914787650108337
시민운동,1,0.5667669773101807
도시,1,0.5643994808197021
배신,1,0.5563049912452698
도둑,1,0.5489647388458252
대화,1,0.5432519912719727
권력,1,0.5311316251754761
