Word,Category,Similarity,Frequency
관람,여행,0.5587009191513062,1
국가,경제,0.7089344263076782,1
누명,살인,0.5723448395729065,1
사건,살인,0.7159186005592346,1
살해범,살인,0.5518620014190674,1
스릴러,스릴러,1,2
시대극,드라마,0.6777624487876892,1
신분,평등,0.5665543079376221,1
아내,가족,0.582758903503418,1
액션,액션,1,3
위기,혼란,0.6975850462913513,1
장르,음악,0.7329081892967224,1
추적,수색,0.6436203122138977,1
피살,의심,0.5348981618881226,1
행적,정치,0.5065699219703674,1

Category,Count,average
살인,3,0.6133751471837362
스릴러,1,1.0
액션,1,1.0
음악,1,0.7329081892967224
경제,1,0.7089344263076782
혼란,1,0.6975850462913513
드라마,1,0.6777624487876892
수색,1,0.6436203122138977
가족,1,0.582758903503418
평등,1,0.5665543079376221
여행,1,0.5587009191513062
의심,1,0.5348981618881226
정치,1,0.5065699219703674
