Word,Category,Similarity,Frequency
기대,기대,1,1
기억,사랑,0.6537694931030273,1
무단,폭력,0.5057473182678223,2
사진,미술,0.5546669960021973,2
상대,추격,0.558393657207489,2
소란,폭력,0.6053000092506409,2
식당,음식,0.6759225726127625,1
영화,만화,0.7536719441413879,3
이름,신화,0.5608668327331543,1
제한,상실,0.636760413646698,1
후회,후회,1,1
흉내,내면,0.5602818131446838,1

Category,Count,average
폭력,2,0.5555236637592316
기대,1,1.0
후회,1,1.0
만화,1,0.7536719441413879
음식,1,0.6759225726127625
사랑,1,0.6537694931030273
상실,1,0.636760413646698
신화,1,0.5608668327331543
내면,1,0.5602818131446838
추격,1,0.558393657207489
미술,1,0.5546669960021973
