Word,Category,Similarity,Frequency
감정,심리,0.7588332891464233,2
관람,여행,0.5587009191513062,1
국가,경제,0.7089344263076782,1
금지,도박,0.519909143447876,1
기억,사랑,0.6537694931030273,1
남자,사랑,0.5456969141960144,3
남편,가족,0.6233720779418945,1
드라마,드라마,1,1
로망,사랑,0.60160893201828,1
묘미,개그,0.5619542598724365,1
미래,미래,1,1
방문,여행,0.5841829180717468,1
사건,살인,0.7159186005592346,2
사람,꿈,0.5610076785087585,1
사진,미술,0.5546669960021973,1
쇠약,질병,0.6598654985427856,1
신경,질병,0.5199351906776428,1
아내,가족,0.582758903503418,1
여자,사랑,0.5380519032478333,3
영화,만화,0.7536719441413879,6
옴니버스,코미디,0.5680863857269287,4
인물,정치,0.5848035216331482,1
자매,가족,0.6219213008880615,1
장르,음악,0.7329081892967224,1
정보,교통,0.6121577620506287,7
제작,방송,0.6307950615882874,1
좀비,좀비,1,1
줄거리,드라마,0.531794548034668,1
책임,윤리,0.6478115320205688,1
커튼콜,드라마,0.5316649675369263,1
트릭,액션,0.6787686347961426,1
특별,의료,0.5320938229560852,2
파파,해적,0.6311063170433044,1
펜션,가족,0.5783928036689758,3
편차,저항,0.5685460567474365,1
폭발,충격,0.6844252347946167,1
휴가,여행,0.6868858933448792,1

Category,Count,average
가족,4,0.6016112715005875
사랑,4,0.5847818106412888
드라마,3,0.6878198385238647
여행,3,0.609923243522644
질병,2,0.5899003446102142
미래,1,1.0
좀비,1,1.0
심리,1,0.7588332891464233
만화,1,0.7536719441413879
음악,1,0.7329081892967224
살인,1,0.7159186005592346
경제,1,0.7089344263076782
충격,1,0.6844252347946167
액션,1,0.6787686347961426
윤리,1,0.6478115320205688
해적,1,0.6311063170433044
방송,1,0.6307950615882874
교통,1,0.6121577620506287
정치,1,0.5848035216331482
저항,1,0.5685460567474365
코미디,1,0.5680863857269287
개그,1,0.5619542598724365
꿈,1,0.5610076785087585
미술,1,0.5546669960021973
의료,1,0.5320938229560852
도박,1,0.519909143447876
