Word,Category,Similarity,Frequency
감옥,감옥,1,1
고생,고통,0.5584161281585693,1
관람,여행,0.5587009191513062,1
국가,경제,0.7089344263076782,1
군대,군대,1,1
귀족,권력,0.5714877843856812,1
도착,여행,0.6466491222381592,1
리턴즈,드라마,0.5475810170173645,5
마법,마법,1,1
모험,모험,1,1
몽미라일,전투,0.6554953455924988,1
물약,마법,0.6875388622283936,1
사회,경제,0.8096231818199158,1
상영,방송,0.6350025534629822,1
소집,전투,0.5274675488471985,1
스파이,드라마,0.5523907542228699,1
여행,여행,1,1
영화,만화,0.7536719441413879,4
왕자,도둑,0.5981267690658569,1
위험,불안,0.6922099590301514,1
자손,생존,0.5799992680549622,2
장르,음악,0.7329081892967224,1
재판,법정,0.6558515429496765,1
정보,교통,0.6121577620506287,8
줄거리,드라마,0.531794548034668,3
처형,고문,0.584083616733551,2
체포,고문,0.6018785238265991,1
코미디,코미디,1,1
판타지,판타지,1,1
평등,평등,1,1

Category,Count,average
여행,3,0.7351166804631551
드라마,3,0.5439221064249674
마법,2,0.8437694311141968
경제,2,0.759278804063797
고문,2,0.5929810702800751
전투,2,0.5914814472198486
감옥,1,1.0
군대,1,1.0
모험,1,1.0
코미디,1,1.0
판타지,1,1.0
평등,1,1.0
만화,1,0.7536719441413879
음악,1,0.7329081892967224
불안,1,0.6922099590301514
법정,1,0.6558515429496765
방송,1,0.6350025534629822
교통,1,0.6121577620506287
도둑,1,0.5981267690658569
생존,1,0.5799992680549622
권력,1,0.5714877843856812
고통,1,0.5584161281585693
