Word,Category,Similarity,Frequency
공격,전투,0.6404148936271667,4
공포,공포,1,1
구매,여행,0.5682201981544495,1
기술,농업,0.6986809968948364,1
꽉깨,액션,1,1
냅따,액션,1,1
립케,액션,1,1
모가지,도둑,0.5646349191665649,1
모습,꿈,0.5368646383285522,1
물귀신,음모론,0.5346574783325195,1
물리,과학,0.7363146543502808,1
봄날,이별,0.6270255446434021,1
사람,꿈,0.5610076785087585,3
사진,미술,0.5546669960021973,1
사치,욕망,0.5516767501831055,1
생각,후회,0.6602693200111389,2
선녀,설원,0.6198459267616272,1
성당,감옥,0.5520095825195312,1
소통,대화,0.694833517074585,1
수녀,탐정,0.5894923210144043,8
수녀원,감옥,0.6232884526252747,1
아류작,괴물,0.5578781366348267,1
영화,만화,0.7536719441413879,5
일상,유쾌,0.5978867411613464,1
자루,용기,0.5707420110702515,1
작인,만화,0.5256996750831604,1
장면,액션,0.5999083518981934,1
제품,환경,0.5750954747200012,1
집터,꿈,0.5496947765350342,1
짭것,액션,1,2
티켓,여행,0.6218228340148926,1
포대,군대,0.5116914510726929,1
품목,용기,0.5398363471031189,1
할인,여행,0.5819051265716553,1
핸드,액션,0.6269079446792603,2
희생,희생,1,1

Category,Count,average
액션,6,0.8711360494295756
여행,3,0.5906493862469991
꿈,3,0.549189031124115
만화,2,0.6396858096122742
감옥,2,0.587649017572403
용기,2,0.5552891790866852
공포,1,1.0
희생,1,1.0
과학,1,0.7363146543502808
농업,1,0.6986809968948364
대화,1,0.694833517074585
후회,1,0.6602693200111389
전투,1,0.6404148936271667
이별,1,0.6270255446434021
설원,1,0.6198459267616272
유쾌,1,0.5978867411613464
탐정,1,0.5894923210144043
환경,1,0.5750954747200012
도둑,1,0.5646349191665649
괴물,1,0.5578781366348267
미술,1,0.5546669960021973
욕망,1,0.5516767501831055
음모론,1,0.5346574783325195
군대,1,0.5116914510726929
