Word,Category,Similarity,Frequency
공포,공포,1,2
시작,발견,0.534450113773346,1
영화,만화,0.7536719441413879,1
저주,살인,0.6187702417373657,1
저택,감옥,0.6136187314987183,1
해골,인형,0.6570961475372314,1

Category,Count,average
공포,1,1.0
만화,1,0.7536719441413879
인형,1,0.6570961475372314
살인,1,0.6187702417373657
감옥,1,0.6136187314987183
발견,1,0.534450113773346
