Word,Category,Similarity,Frequency
게임,만화,0.7299426198005676,1
단편,만화,0.737099826335907,2
드라마,드라마,1,1
상품,여행,0.6432608962059021,1
시즌,방송,0.5284544229507446,1
에피소드,드라마,0.5304465889930725,2
영화,만화,0.7536719441413879,1
화살,도둑,0.5926694869995117,1

Category,Count,average
만화,3,0.7402381300926208
드라마,2,0.7652232944965363
여행,1,0.6432608962059021
도둑,1,0.5926694869995117
방송,1,0.5284544229507446
