Word,Category,Similarity,Frequency
간마,액션,1,1
기타,음악,0.5873071551322937,1
남자,사랑,0.5456969141960144,1
능력,교육,0.6137364506721497,1
댓글,후회,0.505795419216156,1
방문,여행,0.5841829180717468,1
사건,살인,0.7159186005592346,1
사람,꿈,0.5610076785087585,1
시리즈,만화,0.5106303691864014,1
시신,수색,0.6265639066696167,1
시작,발견,0.534450113773346,1
영혼,슬픔,0.7210677266120911,1
영화,만화,0.7536719441413879,4
저녁,음식,0.5039622187614441,1
제작국,방송,0.6784050464630127,1
줄거리,드라마,0.531794548034668,1
초등학교,학교,0.6185124516487122,1
총격,살인,0.6332979798316956,1
출연,방송,0.659591019153595,1
학교,학교,1,1
핼러윈,좀비,0.5629007816314697,1
형사,탐정,0.7352063655853271,2

Category,Count,average
학교,2,0.8092562258243561
살인,2,0.6746082901954651
방송,2,0.6689980328083038
만화,2,0.6321511566638947
액션,1,1.0
탐정,1,0.7352063655853271
슬픔,1,0.7210677266120911
수색,1,0.6265639066696167
교육,1,0.6137364506721497
음악,1,0.5873071551322937
여행,1,0.5841829180717468
좀비,1,0.5629007816314697
꿈,1,0.5610076785087585
사랑,1,0.5456969141960144
발견,1,0.534450113773346
드라마,1,0.531794548034668
후회,1,0.505795419216156
음식,1,0.5039622187614441
