Word,Category,Similarity,Frequency
가치,윤리,0.6346501111984253,1
경험,열정,0.6344258189201355,1
고문,고문,1,1
기타,음악,0.5873071551322937,1
댓글,후회,0.505795419216156,1
데드,액션,0.6570842266082764,1
방문,여행,0.5841829180717468,1
보디,액션,0.5631341338157654,1
사람,꿈,0.5610076785087585,1
사물,동물,0.6133488416671753,1
아내,가족,0.582758903503418,1
악마,괴물,0.7208051085472107,5
영혼,슬픔,0.7210677266120911,2
영화,만화,0.7536719441413879,4
와일드,카우보이,0.6082644462585449,1
유혹,욕망,0.6288394331932068,1
제작국,방송,0.6784050464630127,1
줄거리,드라마,0.531794548034668,1
지옥,감옥,0.6124275922775269,2
출연,방송,0.659591019153595,1
헤드,액션,0.51445472240448,1
홀더,용기,0.5185627937316895,1

Category,Count,average
액션,3,0.5782243609428406
방송,2,0.6689980328083038
고문,1,1.0
만화,1,0.7536719441413879
슬픔,1,0.7210677266120911
괴물,1,0.7208051085472107
윤리,1,0.6346501111984253
열정,1,0.6344258189201355
욕망,1,0.6288394331932068
동물,1,0.6133488416671753
감옥,1,0.6124275922775269
카우보이,1,0.6082644462585449
음악,1,0.5873071551322937
여행,1,0.5841829180717468
가족,1,0.582758903503418
꿈,1,0.5610076785087585
드라마,1,0.531794548034668
용기,1,0.5185627937316895
후회,1,0.505795419216156
