Word,Category,Similarity,Frequency
기대,기대,1,2
낭비,혼란,0.5356693863868713,2
사람,꿈,0.5610076785087585,2
사랑,사랑,1,1
생각,후회,0.6602693200111389,1
생애,철학,0.5437271595001221,1
아내,가족,0.582758903503418,2
액션,액션,1,2
영화,만화,0.7536719441413879,4
판단,의심,0.5710378289222717,1
표현,대화,0.5644240975379944,1

Category,Count,average
기대,1,1.0
사랑,1,1.0
액션,1,1.0
만화,1,0.7536719441413879
후회,1,0.6602693200111389
가족,1,0.582758903503418
의심,1,0.5710378289222717
대화,1,0.5644240975379944
꿈,1,0.5610076785087585
철학,1,0.5437271595001221
혼란,1,0.5356693863868713
