Word,Category,Similarity,Frequency
남편,가족,0.6233720779418945,1
누명,살인,0.5723448395729065,1
도망자,도둑,0.5386298298835754,3
보안관,스릴러,0.5079545378684998,1
사고,의심,0.5630502700805664,2
살인자,도둑,0.5604517459869385,1
시리즈,만화,0.5106303691864014,1
시작,발견,0.534450113773346,2
아메리칸,코미디,0.5698598623275757,1
여정,이별,0.6358245611190796,2
영화,만화,0.7536719441413879,4
예고편,드라마,0.5787103772163391,1
자연,환경,0.6941760182380676,1
추격,추격,1,1
추적,수색,0.6436203122138977,1
추천,여행,0.5768113136291504,1
타겟,좀비,0.6022775769233704,1
현장,교육,0.5853086113929749,1

Category,Count,average
만화,2,0.6321511566638947
도둑,2,0.549540787935257
추격,1,1.0
환경,1,0.6941760182380676
수색,1,0.6436203122138977
이별,1,0.6358245611190796
가족,1,0.6233720779418945
좀비,1,0.6022775769233704
교육,1,0.5853086113929749
드라마,1,0.5787103772163391
여행,1,0.5768113136291504
살인,1,0.5723448395729065
코미디,1,0.5698598623275757
의심,1,0.5630502700805664
발견,1,0.534450113773346
스릴러,1,0.5079545378684998
