Word,Category,Similarity,Frequency
괴짜,탐정,0.7281141877174377,1
기상천외,미스터리,0.5333998799324036,1
기타,음악,0.5873071551322937,1
농부,시골,0.6694933176040649,1
대결,갈등,0.5924415588378906,1
댓글,후회,0.505795419216156,1
도탄,절망,0.5145903825759888,1
모험,모험,1,2
방문,여행,0.5841829180717468,1
불의,마법,0.6184589266777039,1
산초,도둑,0.5093916654586792,2
세상,기쁨,0.6082786321640015,1
영화,만화,0.7536719441413879,4
오브,정글,0.5825490951538086,1
원작,만화,0.7227425575256348,1
제작국,방송,0.6784050464630127,1
종자,농업,0.6137790679931641,1
죄수,도둑,0.5932549238204956,1
줄거리,드라마,0.531794548034668,1
출연,방송,0.659591019153595,1
탄생,신화,0.5951989889144897,1
풍차,유령,0.537096381187439,1

Category,Count,average
만화,2,0.7382072508335114
방송,2,0.6689980328083038
도둑,2,0.5513232946395874
모험,1,1.0
탐정,1,0.7281141877174377
시골,1,0.6694933176040649
마법,1,0.6184589266777039
농업,1,0.6137790679931641
기쁨,1,0.6082786321640015
신화,1,0.5951989889144897
갈등,1,0.5924415588378906
음악,1,0.5873071551322937
여행,1,0.5841829180717468
정글,1,0.5825490951538086
유령,1,0.537096381187439
미스터리,1,0.5333998799324036
드라마,1,0.531794548034668
절망,1,0.5145903825759888
후회,1,0.505795419216156
