Word,Category,Similarity,Frequency
갈치,만화,0.524678111076355,1
괴한,폭력,0.6403436660766602,1
구역,도시,0.6346057057380676,1
노력,헌신,0.6555296182632446,2
목표,성장,0.6552416682243347,1
미역,괴담,0.5537447929382324,1
박희,춤,0.5589032173156738,1
방역,재난,0.6797944903373718,1
사진,미술,0.5546669960021973,1
세상,기쁨,0.6082786321640015,1
소통,대화,0.694833517074585,1
스님,고문,0.5142120122909546,1
액션,액션,1,1
영화,만화,0.7536719441413879,3
채널,방송,0.7239679098129272,1

Category,Count,average
만화,2,0.6391750276088715
액션,1,1.0
방송,1,0.7239679098129272
대화,1,0.694833517074585
재난,1,0.6797944903373718
헌신,1,0.6555296182632446
성장,1,0.6552416682243347
폭력,1,0.6403436660766602
도시,1,0.6346057057380676
기쁨,1,0.6082786321640015
춤,1,0.5589032173156738
미술,1,0.5546669960021973
괴담,1,0.5537447929382324
고문,1,0.5142120122909546
