Word,Category,Similarity,Frequency
건물,학교,0.6180571913719177,1
관심,기대,0.6249675154685974,1
광고,방송,0.6559303998947144,2
기억,사랑,0.6537694931030273,1
느낌,슬픔,0.6343626976013184,1
마음,기쁨,0.6783162951469421,1
발레,미술,0.6749600768089294,2
복싱,액션,0.6534175872802734,1
사람,꿈,0.5610076785087585,1
상영,방송,0.6350025534629822,1
실패,후회,0.6084508299827576,1
아트,미술,0.6990192532539368,2
영화,만화,0.7536719441413879,8
오디션,뮤지컬,0.6122252941131592,2
이해,철학,0.5395932197570801,1
장소,여행,0.6031988263130188,1
주먹,도둑,0.5742208957672119,4
총알,충격,0.5519258975982666,2
추천,여행,0.5768113136291504,1
충격,충격,1,1
카페,유령,0.5409449934959412,2
특이,의심,0.5189300179481506,2
파멸,멸망,0.6415915489196777,1
혼몽,액션,1,2

Category,Count,average
액션,2,0.8267087936401367
충격,2,0.7759629487991333
미술,2,0.6869896650314331
방송,2,0.6454664766788483
여행,2,0.5900050699710846
만화,1,0.7536719441413879
기쁨,1,0.6783162951469421
사랑,1,0.6537694931030273
멸망,1,0.6415915489196777
슬픔,1,0.6343626976013184
기대,1,0.6249675154685974
학교,1,0.6180571913719177
뮤지컬,1,0.6122252941131592
후회,1,0.6084508299827576
도둑,1,0.5742208957672119
꿈,1,0.5610076785087585
유령,1,0.5409449934959412
철학,1,0.5395932197570801
의심,1,0.5189300179481506
