Word,Category,Similarity,Frequency
감성,심리,0.6301533579826355,3
기타,음악,0.5873071551322937,3
느낌,슬픔,0.6343626976013184,5
마음,기쁨,0.6783162951469421,1
만화,만화,1,1
매미,꿈,0.5454984903335571,1
몰입,열정,0.6674494743347168,1
반쪽,이별,0.5481205582618713,1
별거,연애,0.5366382002830505,2
브금,음악,0.6211665868759155,2
비염,질병,0.6317872405052185,1
빛깔,꿈,0.5811430215835571,1
사람,꿈,0.5610076785087585,1
색감,미술,0.5213123559951782,1
생각,후회,0.6602693200111389,2
애니,만화,0.7641763091087341,1
애니메이션,만화,0.68199223279953,2
어휘,교육,0.5927156805992126,1
연출,액션,0.5377380847930908,2
영화,만화,0.7536719441413879,3
장면,액션,0.5999083518981934,1
줄거리,드라마,0.531794548034668,3
청춘,사랑,0.612774670124054,1
추천,여행,0.5768113136291504,2
캡쳐,방송,0.5623729228973389,1
특별,의료,0.5320938229560852,1
특유,춤,0.5365961194038391,2
특이,의심,0.5189300179481506,2
표현,대화,0.5644240975379944,1
학원물,만화,0.5684288740158081,1
화보,여행,0.5939497351646423,1

Category,Count,average
만화,5,0.7536538720130921
꿈,3,0.5625497301419576
음악,2,0.6042368710041046
여행,2,0.5853805243968964
액션,2,0.5688232183456421
기쁨,1,0.6783162951469421
열정,1,0.6674494743347168
후회,1,0.6602693200111389
슬픔,1,0.6343626976013184
질병,1,0.6317872405052185
심리,1,0.6301533579826355
사랑,1,0.612774670124054
교육,1,0.5927156805992126
대화,1,0.5644240975379944
방송,1,0.5623729228973389
이별,1,0.5481205582618713
연애,1,0.5366382002830505
춤,1,0.5365961194038391
의료,1,0.5320938229560852
드라마,1,0.531794548034668
미술,1,0.5213123559951782
의심,1,0.5189300179481506
