Word,Category,Similarity,Frequency
경험,열정,0.6344258189201355,1
관람,여행,0.5587009191513062,1
교훈,희망,0.596325695514679,2
기억,사랑,0.6537694931030273,1
도움,기대,0.5482439994812012,1
사람,꿈,0.5610076785087585,1
상영,방송,0.6350025534629822,1
생활,환경,0.7009555697441101,1
애니메이션,만화,0.68199223279953,2
영화,만화,0.7536719441413879,2
장르,음악,0.7329081892967224,1
캐릭터,인형,0.5306801795959473,1
해결,갈등,0.5887223482131958,1

Category,Count,average
만화,2,0.717832088470459
음악,1,0.7329081892967224
환경,1,0.7009555697441101
사랑,1,0.6537694931030273
방송,1,0.6350025534629822
열정,1,0.6344258189201355
희망,1,0.596325695514679
갈등,1,0.5887223482131958
꿈,1,0.5610076785087585
여행,1,0.5587009191513062
기대,1,0.5482439994812012
인형,1,0.5306801795959473
