Word,Category,Similarity,Frequency
게임,만화,0.7299426198005676,1
경험,열정,0.6344258189201355,1
관람,여행,0.5587009191513062,1
극장판,드라마,0.5479550361633301,1
상영,방송,0.6350025534629822,1
생활,환경,0.7009555697441101,1
애니메이션,만화,0.68199223279953,4
영화,만화,0.7536719441413879,2
원작,만화,0.7227425575256348,2
음악,음악,1,3
장르,음악,0.7329081892967224,1
재미,모험,0.6051297187805176,1
판타지,판타지,1,1

Category,Count,average
만화,4,0.7220873385667801
음악,2,0.8664540946483612
판타지,1,1.0
환경,1,0.7009555697441101
방송,1,0.6350025534629822
열정,1,0.6344258189201355
모험,1,0.6051297187805176
여행,1,0.5587009191513062
드라마,1,0.5479550361633301
