Word,Category,Similarity,Frequency
기타,음악,0.5873071551322937,1
댓글,후회,0.505795419216156,1
마법,마법,1,2
말괄량이,로맨스,0.5482305884361267,1
매력,열정,0.6489761471748352,1
모험,모험,1,1
방문,여행,0.5841829180717468,1
사랑,사랑,1,1
사악,유쾌,0.588767945766449,1
시리즈,만화,0.5106303691864014,1
엄마,사랑,0.5908297300338745,1
영화,만화,0.7536719441413879,4
오빠,연애,0.5599910020828247,1
제작국,방송,0.6784050464630127,1
줄거리,드라마,0.531794548034668,1
출발,여행,0.6575770378112793,1
출연,방송,0.659591019153595,1
펭귄,동물,0.6782269477844238,1
폭발,충격,0.6844252347946167,1

Category,Count,average
사랑,2,0.7954148650169373
방송,2,0.6689980328083038
만화,2,0.6321511566638947
여행,2,0.6208799779415131
마법,1,1.0
모험,1,1.0
충격,1,0.6844252347946167
동물,1,0.6782269477844238
열정,1,0.6489761471748352
유쾌,1,0.588767945766449
음악,1,0.5873071551322937
연애,1,0.5599910020828247
로맨스,1,0.5482305884361267
드라마,1,0.531794548034668
후회,1,0.505795419216156
