Word,Category,Similarity,Frequency
갱스터,코미디,0.5787258744239807,2
관람,여행,0.5587009191513062,1
국가,경제,0.7089344263076782,1
마약,범죄,0.71501225233078,2
범죄,범죄,1,1
사건,살인,0.7159186005592346,1
사기꾼,도둑,0.5275356769561768,1
삼류,만화,0.6614797115325928,1
섹스,만화,0.6615440249443054,1
소굴,음모,0.5808374881744385,1
스릴러,스릴러,1,1
시리즈,만화,0.5106303691864014,1
시작,발견,0.534450113773346,2
실권,권력,0.5928075909614563,1
악명,범죄,0.6093400716781616,1
액션,액션,1,2
약물,질병,0.6198446154594421,1
영화,만화,0.7536719441413879,1
예고편,드라마,0.5787103772163391,1
장르,음악,0.7329081892967224,1
전쟁,전쟁,1,2
청소년,교육,0.5544909238815308,1
폭력,폭력,1,1
피비린내,전쟁,0.5501664876937866,1
핏빛,전쟁,0.5912297964096069,1

Category,Count,average
만화,4,0.6468315124511719
범죄,3,0.7747841080029806
전쟁,3,0.7137987613677979
스릴러,1,1.0
액션,1,1.0
폭력,1,1.0
음악,1,0.7329081892967224
살인,1,0.7159186005592346
경제,1,0.7089344263076782
질병,1,0.6198446154594421
권력,1,0.5928075909614563
음모,1,0.5808374881744385
코미디,1,0.5787258744239807
드라마,1,0.5787103772163391
여행,1,0.5587009191513062
교육,1,0.5544909238815308
발견,1,0.534450113773346
도둑,1,0.5275356769561768
