Word,Category,Similarity,Frequency
+유,액션,1,1
감상,음악,0.6411212086677551,1
경험,열정,0.6344258189201355,1
곤란,상실,0.6153967976570129,1
난파,해적,0.5453930497169495,1
느낌,슬픔,0.6343626976013184,1
독특,춤,0.5334261655807495,1
동굴,바다,0.6222226619720459,1
등대,바다,0.6214795112609863,1
모바일,컴퓨터,0.590937614440918,1
사람,꿈,0.5610076785087585,1
사랑,사랑,1,1
생각,후회,0.6602693200111389,2
세계,경제,0.6071235537528992,1
소설,만화,0.8215566873550415,2
아들,가족,0.5667959451675415,2
여자,사랑,0.5380519032478333,1
영화,만화,0.7536719441413879,7
원작,만화,0.7227425575256348,2
음악,음악,1,1
익사,고통,0.6135760545730591,1
인물,정치,0.5848035216331482,1
일축,충격,0.5703768134117126,1
재미,모험,0.6051297187805176,1
절벽,바다,0.5490967631340027,1
조심,도박,0.5663047432899475,1
줄거리,드라마,0.531794548034668,1
촛불,복고,0.5645776987075806,1
추천,여행,0.5768113136291504,1
캐릭터,인형,0.5306801795959473,1
키퍼,도둑,0.5589168071746826,1
탐색,탐험,0.67387855052948,1
혼란,혼란,1,1

Category,Count,average
만화,3,0.7659903963406881
바다,3,0.5975996454556783
음악,2,0.8205606043338776
사랑,2,0.7690259516239166
액션,1,1.0
혼란,1,1.0
탐험,1,0.67387855052948
후회,1,0.6602693200111389
열정,1,0.6344258189201355
슬픔,1,0.6343626976013184
상실,1,0.6153967976570129
고통,1,0.6135760545730591
경제,1,0.6071235537528992
모험,1,0.6051297187805176
컴퓨터,1,0.590937614440918
정치,1,0.5848035216331482
여행,1,0.5768113136291504
충격,1,0.5703768134117126
가족,1,0.5667959451675415
도박,1,0.5663047432899475
복고,1,0.5645776987075806
꿈,1,0.5610076785087585
도둑,1,0.5589168071746826
해적,1,0.5453930497169495
춤,1,0.5334261655807495
드라마,1,0.531794548034668
인형,1,0.5306801795959473
