Word,Category,Similarity,Frequency
각국,경제,0.5319766998291016,1
거점,도시,0.6833214163780212,1
극단,미술,0.5709163546562195,2
대결,갈등,0.5924415588378906,2
명령,군사,0.5395892262458801,1
부대,군대,0.6763806939125061,2
선발,교육,0.5459800958633423,1
세계,경제,0.6071235537528992,1
시작,발견,0.534450113773346,2
영화,만화,0.7536719441413879,2
예고편,드라마,0.5787103772163391,1
위협,폭력,0.639009416103363,1
은폐,범죄,0.6886423230171204,1
작전,전투,0.6892815232276917,2
전쟁,전쟁,1,1
정예,군사,0.6188055276870728,1
차별,평등,0.7053220272064209,1
추천,여행,0.5768113136291504,1
출동,수색,0.5925505757331848,1
침투,추격,0.5569692254066467,1
테러,범죄,0.731650173664093,4
포로,군사,0.5937460660934448,1

Category,Count,average
군사,3,0.5840469400087992
범죄,2,0.7101462483406067
경제,2,0.5695501267910004
전쟁,1,1.0
만화,1,0.7536719441413879
평등,1,0.7053220272064209
전투,1,0.6892815232276917
도시,1,0.6833214163780212
군대,1,0.6763806939125061
폭력,1,0.639009416103363
수색,1,0.5925505757331848
갈등,1,0.5924415588378906
드라마,1,0.5787103772163391
여행,1,0.5768113136291504
미술,1,0.5709163546562195
추격,1,0.5569692254066467
교육,1,0.5459800958633423
발견,1,0.534450113773346
