Word,Category,Similarity,Frequency
결혼,연애,0.6863196492195129,2
공주,유령,0.5845017433166504,2
기타,음악,0.5873071551322937,2
노래,춤,0.7242721915245056,1
노여움,무력감,0.5976505279541016,1
댓글,후회,0.505795419216156,1
마녀,유령,0.7514040470123291,4
만족,기대,0.6570032238960266,1
모험,모험,1,1
바닷속,해양,0.6107650399208069,3
방문,여행,0.5841829180717468,1
병사,군대,0.6129758954048157,1
세계,경제,0.6071235537528992,1
앵무새,동물,0.5249825716018677,1
영화,만화,0.7536719441413879,4
왕궁,감옥,0.560764729976654,1
욕망,욕망,1,1
육지,바다,0.6823078989982605,2
재앙,혼란,0.6300399303436279,1
저주,살인,0.6187702417373657,4
제작국,방송,0.6784050464630127,1
줄거리,드라마,0.531794548034668,1
출연,방송,0.659591019153595,1

Category,Count,average
방송,2,0.6689980328083038
유령,2,0.6679528951644897
모험,1,1.0
욕망,1,1.0
만화,1,0.7536719441413879
춤,1,0.7242721915245056
연애,1,0.6863196492195129
바다,1,0.6823078989982605
기대,1,0.6570032238960266
혼란,1,0.6300399303436279
살인,1,0.6187702417373657
군대,1,0.6129758954048157
해양,1,0.6107650399208069
경제,1,0.6071235537528992
무력감,1,0.5976505279541016
음악,1,0.5873071551322937
여행,1,0.5841829180717468
감옥,1,0.560764729976654
드라마,1,0.531794548034668
동물,1,0.5249825716018677
후회,1,0.505795419216156
