Word,Category,Similarity,Frequency
감상,음악,0.6411212086677551,2
거짓말,부도덕,0.5334540605545044,1
건물,학교,0.6180571913719177,1
고객,가족,0.5992609262466431,1
공포,공포,1,2
관람,여행,0.5587009191513062,1
관심,기대,0.6249675154685974,1
낮술,괴담,0.5466926693916321,1
녹색,희망,0.6179736256599426,1
느낌,슬픔,0.6343626976013184,1
답사,여행,0.5787333250045776,1
도로,교통,0.7222923040390015,2
먹통,혼란,0.5246726274490356,1
모습,꿈,0.5368646383285522,1
발견,발견,1,1
발전,성장,0.7311267852783203,1
부동산,경제,0.5007047057151794,2
상황,혼란,0.6442916989326477,1
생각,후회,0.6602693200111389,3
스릴러,스릴러,1,3
스크,좀비,0.5295222997665405,1
시작,발견,0.534450113773346,3
식사,음식,0.727923572063446,2
안부,대화,0.6139237284660339,1
영업,방송,0.561005175113678,2
영화,만화,0.7536719441413879,17
예고편,드라마,0.5787103772163391,2
운전,교통,0.6394338011741638,1
자금,경제,0.6157529950141907,1
장르,음악,0.7329081892967224,2
장면,액션,0.5999083518981934,2
전문,의료,0.6444779634475708,1
전화,대화,0.5852361917495728,1
전화기,컴퓨터,0.5770202279090881,2
창고,감옥,0.521349310874939,1
청소년,교육,0.5544909238815308,1
컴퓨터,컴퓨터,1,1
토지,농업,0.5870977640151978,1
통화,경제,0.6143816113471985,1
투자,경제,0.6519772410392761,1
피곤,후회,0.6107902526855469,1
핸드폰,컴퓨터,0.5639285445213318,2
확인,발견,0.6419516205787659,1

Category,Count,average
경제,4,0.5957041382789612
발견,3,0.7254672447840372
컴퓨터,3,0.71364959081014
음악,2,0.6870146989822388
교통,2,0.6808630526065826
후회,2,0.6355297863483429
대화,2,0.5995799601078033
혼란,2,0.5844821631908417
여행,2,0.5687171220779419
공포,1,1.0
스릴러,1,1.0
만화,1,0.7536719441413879
성장,1,0.7311267852783203
음식,1,0.727923572063446
의료,1,0.6444779634475708
슬픔,1,0.6343626976013184
기대,1,0.6249675154685974
학교,1,0.6180571913719177
희망,1,0.6179736256599426
액션,1,0.5999083518981934
가족,1,0.5992609262466431
농업,1,0.5870977640151978
드라마,1,0.5787103772163391
방송,1,0.561005175113678
교육,1,0.5544909238815308
괴담,1,0.5466926693916321
꿈,1,0.5368646383285522
부도덕,1,0.5334540605545044
좀비,1,0.5295222997665405
감옥,1,0.521349310874939
