Word,Category,Similarity,Frequency
가정부,드라마,0.5058436989784241,1
가족,가족,1,1
기타,음악,0.5873071551322937,1
댓글,후회,0.505795419216156,1
방문,여행,0.5841829180717468,1
살인,살인,1,1
생각,후회,0.6602693200111389,1
선물,사랑,0.605575680732727,1
아들,가족,0.5667959451675415,1
악령,유령,0.6539614796638489,1
영화,만화,0.7536719441413879,4
저주,살인,0.6187702417373657,1
제작국,방송,0.6784050464630127,1
조종,군사,0.5176326632499695,1
줄거리,드라마,0.531794548034668,1
지팡이,마법,0.5145403742790222,1
출연,방송,0.659591019153595,1
치매,질병,0.6339659690856934,1
해고,살인,0.5240885615348816,1

Category,Count,average
살인,3,0.7142862677574158
가족,2,0.7833979725837708
방송,2,0.6689980328083038
후회,2,0.5830323696136475
드라마,2,0.518819123506546
만화,1,0.7536719441413879
유령,1,0.6539614796638489
질병,1,0.6339659690856934
사랑,1,0.605575680732727
음악,1,0.5873071551322937
여행,1,0.5841829180717468
군사,1,0.5176326632499695
마법,1,0.5145403742790222
