Word,Category,Similarity,Frequency
가책,죄책감,0.6077348589897156,1
감정,심리,0.7588332891464233,5
남자,사랑,0.5456969141960144,1
매력,열정,0.6489761471748352,1
몰입,열정,0.6674494743347168,1
발작,불안,0.5706687569618225,1
사이코패스,정신병,0.6299716830253601,1
신경,질병,0.5199351906776428,1
심리학,심리,0.6040275692939758,1
약물,질병,0.6198446154594421,3
약사,꿈,0.545041561126709,1
여자,사랑,0.5380519032478333,1
영화,만화,0.7536719441413879,4
예고편,드라마,0.5787103772163391,1
증세,불안,0.6000735759735107,1
추천,여행,0.5768113136291504,1
치료,질병,0.7063292264938354,1
타입,액션,0.5572192668914795,1
통제,질서,0.5960743427276611,1
혼란,혼란,1,1

Category,Count,average
질병,3,0.6153696775436401
심리,2,0.6814304292201996
열정,2,0.658212810754776
불안,2,0.5853711664676666
사랑,2,0.5418744087219238
혼란,1,1.0
만화,1,0.7536719441413879
정신병,1,0.6299716830253601
죄책감,1,0.6077348589897156
질서,1,0.5960743427276611
드라마,1,0.5787103772163391
여행,1,0.5768113136291504
액션,1,0.5572192668914795
꿈,1,0.545041561126709
