Word,Category,Similarity,Frequency
간접,교육,0.5171768665313721,1
감동,기쁨,0.6450744271278381,1
군인,군대,0.6802380084991455,1
노력,헌신,0.6555296182632446,1
독일군,군대,0.5101509094238281,1
로스트,미스터리,0.5039487481117249,1
마음,기쁨,0.6783162951469421,1
모습,꿈,0.5368646383285522,1
몰락,멸망,0.6989313364028931,1
병력,군대,0.6510816216468811,1
사람,꿈,0.5610076785087585,3
상황,혼란,0.6442916989326477,1
성품,철학,0.5461713671684265,1
세계,경제,0.6071235537528992,1
슬픔,슬픔,1,1
시작,발견,0.534450113773346,1
싸움,전투,0.6696678996086121,3
아군,전투,0.5574831962585449,1
영화,만화,0.7536719441413879,4
예고편,드라마,0.5787103772163391,1
적군,군대,0.5987639427185059,1
전방,충격,0.5139042139053345,1
전장,전투,0.6298407316207886,1
전쟁,전쟁,1,3
전투,전투,1,1
참혹,희생,0.5841884016990662,1
추천,여행,0.5768113136291504,1
침략,전쟁,0.7569084763526917,1
표현,대화,0.5644240975379944,1

Category,Count,average
전투,4,0.7142479568719864
군대,4,0.6100586205720901
전쟁,2,0.8784542381763458
기쁨,2,0.6616953611373901
꿈,2,0.5489361584186554
슬픔,1,1.0
만화,1,0.7536719441413879
멸망,1,0.6989313364028931
헌신,1,0.6555296182632446
혼란,1,0.6442916989326477
경제,1,0.6071235537528992
희생,1,0.5841884016990662
드라마,1,0.5787103772163391
여행,1,0.5768113136291504
대화,1,0.5644240975379944
철학,1,0.5461713671684265
발견,1,0.534450113773346
교육,1,0.5171768665313721
충격,1,0.5139042139053345
미스터리,1,0.5039487481117249
