Word,Category,Similarity,Frequency
공연,음악,0.7031762599945068,4
기대,기대,1,1
노래,춤,0.7242721915245056,2
사례,교육,0.6318955421447754,1
생각,후회,0.6602693200111389,2
영화,만화,0.7536719441413879,12
오케스트라,뮤지컬,0.5524607300758362,1
오페라,뮤지컬,0.6098440885543823,2
원칙,질서,0.6225343942642212,1
위셀,액션,1,1
음악,음악,1,3
장면,액션,0.5999083518981934,2
조각,인형,0.646467387676239,1
조작,범죄,0.5801150798797607,1
주요,도시,0.5643994808197021,1
축제,춤,0.6026461720466614,1
토치,전기,0.5399700999259949,1

Category,Count,average
음악,2,0.8515881299972534
액션,2,0.7999541759490967
춤,2,0.6634591817855835
뮤지컬,2,0.5811524093151093
기대,1,1.0
만화,1,0.7536719441413879
후회,1,0.6602693200111389
인형,1,0.646467387676239
교육,1,0.6318955421447754
질서,1,0.6225343942642212
범죄,1,0.5801150798797607
도시,1,0.5643994808197021
전기,1,0.5399700999259949
