Word,Category,Similarity,Frequency
가족,가족,1,1
경제,경제,1,1
근처,학교,0.5683311223983765,1
기금,경제,0.5533749461174011,1
기타,음악,0.5873071551322937,1
날개,유령,0.5668269395828247,3
댓글,후회,0.505795419216156,1
동영상,가상현실,0.5586168169975281,1
목장,시골,0.5894415974617004,3
발견,발견,1,1
방문,여행,0.5841829180717468,1
보존,환경,0.5902678370475769,1
부모,가족,0.6875284910202026,1
불안,불안,1,1
산책,여행,0.5863888263702393,1
생각,후회,0.6602693200111389,1
스킨,좀비,0.6038881540298462,1
엄마,사랑,0.5908297300338745,1
연못,바다,0.6316905617713928,1
영화,만화,0.7536719441413879,4
이사,고문,0.5024828314781189,2
이웃,가족,0.6304181218147278,2
제작국,방송,0.6784050464630127,1
조랑말,동물,0.514496922492981,1
줄거리,드라마,0.531794548034668,1
출연,방송,0.659591019153595,1
파워,액션,0.5782656669616699,1
하모니,뮤지컬,0.5087534189224243,4
행복,기쁨,0.7726561427116394,1
협박,폭력,0.6928228735923767,1
효험,질병,0.5178149938583374,1

Category,Count,average
가족,3,0.7726488709449768
경제,2,0.7766874730587006
방송,2,0.6689980328083038
여행,2,0.585285872220993
후회,2,0.5830323696136475
발견,1,1.0
불안,1,1.0
기쁨,1,0.7726561427116394
만화,1,0.7536719441413879
폭력,1,0.6928228735923767
바다,1,0.6316905617713928
좀비,1,0.6038881540298462
사랑,1,0.5908297300338745
환경,1,0.5902678370475769
시골,1,0.5894415974617004
음악,1,0.5873071551322937
액션,1,0.5782656669616699
학교,1,0.5683311223983765
유령,1,0.5668269395828247
가상현실,1,0.5586168169975281
드라마,1,0.531794548034668
질병,1,0.5178149938583374
동물,1,0.514496922492981
뮤지컬,1,0.5087534189224243
고문,1,0.5024828314781189
