Word,Category,Similarity,Frequency
가족,가족,1,1
감상,음악,0.6411212086677551,1
감정,심리,0.7588332891464233,1
고향,시골,0.6128569841384888,2
귀향,이별,0.55401611328125,1
낙인,충격,0.5184834003448486,1
남자,사랑,0.5456969141960144,5
더빙,방송,0.5857229828834534,2
또래,가족,0.6356732845306396,1
마녀,유령,0.7514040470123291,9
무마,폭력,0.5678592324256897,1
문제,갈등,0.6495088934898376,1
미스테리,미스터리,0.7573594450950623,1
버스,교통,0.730898916721344,1
범죄,범죄,1,1
보호,환경,0.6321627497673035,1
사건,살인,0.7159186005592346,1
사고,의심,0.5630502700805664,1
사람,꿈,0.5610076785087585,6
사자,도둑,0.6428564786911011,1
생각,후회,0.6602693200111389,2
스틸,액션,0.5995299220085144,1
시골,시골,1,2
시작,발견,0.534450113773346,2
엄마,사랑,0.5908297300338745,6
여파,혼란,0.6998805403709412,1
연출,액션,0.5377380847930908,1
영화,만화,0.7536719441413879,5
의심,의심,1,2
인격,자아,0.7295798063278198,1
줄거리,드라마,0.531794548034668,2
출연,방송,0.659591019153595,1
캐릭터,인형,0.5306801795959473,1
트라우마,트라우마,1,1

Category,Count,average
가족,2,0.8178366422653198
시골,2,0.8064284920692444
의심,2,0.7815251350402832
방송,2,0.6226570010185242
액션,2,0.5686340034008026
사랑,2,0.5682633221149445
범죄,1,1.0
트라우마,1,1.0
심리,1,0.7588332891464233
미스터리,1,0.7573594450950623
만화,1,0.7536719441413879
유령,1,0.7514040470123291
교통,1,0.730898916721344
자아,1,0.7295798063278198
살인,1,0.7159186005592346
혼란,1,0.6998805403709412
후회,1,0.6602693200111389
갈등,1,0.6495088934898376
도둑,1,0.6428564786911011
음악,1,0.6411212086677551
환경,1,0.6321627497673035
폭력,1,0.5678592324256897
꿈,1,0.5610076785087585
이별,1,0.55401611328125
발견,1,0.534450113773346
드라마,1,0.531794548034668
인형,1,0.5306801795959473
충격,1,0.5184834003448486
