Word,Category,Similarity,Frequency
관심,기대,0.6249675154685974,1
그림자,유령,0.5297560691833496,1
단편,만화,0.737099826335907,1
대중문화,드라마,0.5819228887557983,1
댓글,후회,0.505795419216156,1
데드,액션,0.6570842266082764,1
디지털,컴퓨터,0.6325473189353943,1
로맨스,로맨스,1,1
방영,방송,0.7201281189918518,1
보이,정글,0.5561686158180237,1
분노,분노,1,1
사막,정글,0.6484219431877136,1
세계,경제,0.6071235537528992,1
스테이션,컴퓨터,0.5199851989746094,1
스트리트,카우보이,0.5073922872543335,1
스페셜,드라마,0.5839550495147705,1
습격,반란,0.656060516834259,1
심판,법정,0.5408481955528259,1
애니메이션,만화,0.68199223279953,2
액션,액션,1,1
야생,동물,0.7116484642028809,1
영화,만화,0.7536719441413879,12
왜구,해적,0.6204046010971069,1
요괴,좀비,0.6535662412643433,1
우드,정글,0.5368337035179138,1
음악,음악,1,1
전쟁,전쟁,1,1
죽음,고독,0.6896678805351257,1
첫사랑,로맨스,0.5646798014640808,1
추격자,언더독,0.5275876522064209,1
컨트리,카우보이,0.5123004913330078,1
타워,정글,0.5906772613525391,1
테러리스트,범죄,0.5667629241943359,1
토벌대,전투,0.5442076921463013,1
피아노,뮤지컬,0.5582685470581055,1

Category,Count,average
정글,4,0.5830253809690475
만화,3,0.7242546677589417
액션,2,0.8285421133041382
로맨스,2,0.7823399007320404
드라마,2,0.5829389691352844
컴퓨터,2,0.5762662589550018
카우보이,2,0.5098463892936707
분노,1,1.0
음악,1,1.0
전쟁,1,1.0
방송,1,0.7201281189918518
동물,1,0.7116484642028809
고독,1,0.6896678805351257
반란,1,0.656060516834259
좀비,1,0.6535662412643433
기대,1,0.6249675154685974
해적,1,0.6204046010971069
경제,1,0.6071235537528992
범죄,1,0.5667629241943359
뮤지컬,1,0.5582685470581055
전투,1,0.5442076921463013
법정,1,0.5408481955528259
유령,1,0.5297560691833496
언더독,1,0.5275876522064209
후회,1,0.505795419216156
