Word,Category,Similarity,Frequency
게임,만화,0.7299426198005676,1
고뇌,고독,0.6679061055183411,1
기대,기대,1,1
난동,폭력,0.638001561164856,1
드라마,드라마,1,1
또라이,부도덕,0.5551023483276367,1
상품,여행,0.6432608962059021,1
새끼,동물,0.6447408199310303,2
수다,대화,0.5187240242958069,2
아가씨,로맨스,0.5476390719413757,1
영화,만화,0.7536719441413879,2
작업,수색,0.6102691888809204,1
재미,모험,0.6051297187805176,1
정신병자,정신병,0.6471284031867981,1
찌질,개그,0.6416961550712585,1

Category,Count,average
만화,2,0.7418072819709778
기대,1,1.0
드라마,1,1.0
고독,1,0.6679061055183411
정신병,1,0.6471284031867981
동물,1,0.6447408199310303
여행,1,0.6432608962059021
개그,1,0.6416961550712585
폭력,1,0.638001561164856
수색,1,0.6102691888809204
모험,1,0.6051297187805176
부도덕,1,0.5551023483276367
로맨스,1,0.5476390719413757
대화,1,0.5187240242958069
