Word,Category,Similarity,Frequency
남편,가족,0.6233720779418945,1
느낌,슬픔,0.6343626976013184,2
둔기,마법,0.5896327495574951,1
모습,꿈,0.5368646383285522,1
문제,갈등,0.6495088934898376,1
발전,성장,0.7311267852783203,1
방향,미래,0.5546501278877258,1
별거,연애,0.5366382002830505,1
본질,윤리,0.6154810786247253,1
사건,살인,0.7159186005592346,1
사람,꿈,0.5610076785087585,2
생각,후회,0.6602693200111389,3
서사,신화,0.6202012896537781,1
세상,기쁨,0.6082786321640015,1
실종,살인,0.5558342933654785,1
아들,가족,0.5667959451675415,1
아류작,괴물,0.5578781366348267,1
아크로바틱,춤,0.5698242783546448,1
액션,액션,1,7
여행,여행,1,1
연출,액션,0.5377380847930908,2
영화,만화,0.7536719441413879,14
음모,음모,1,1
이질,질병,0.6333496570587158,1
재미,모험,0.6051297187805176,1
전처,가족,0.5198554992675781,1
정말,유쾌,0.5597934722900391,1
추구,헌신,0.5950697660446167,1
캐릭터,인형,0.5306801795959473,2
퇴보,성장,0.6029024124145508,1
파탄,경제,0.5744760036468506,1
폐기물,농업,0.5363338589668274,1
후속작,판타지,0.5277939438819885,1
흐름,질서,0.5799944400787354,1

Category,Count,average
가족,3,0.570007840792338
액션,2,0.7688690423965454
성장,2,0.6670145988464355
살인,2,0.6358764469623566
꿈,2,0.5489361584186554
여행,1,1.0
음모,1,1.0
만화,1,0.7536719441413879
후회,1,0.6602693200111389
갈등,1,0.6495088934898376
슬픔,1,0.6343626976013184
질병,1,0.6333496570587158
신화,1,0.6202012896537781
윤리,1,0.6154810786247253
기쁨,1,0.6082786321640015
모험,1,0.6051297187805176
헌신,1,0.5950697660446167
마법,1,0.5896327495574951
질서,1,0.5799944400787354
경제,1,0.5744760036468506
춤,1,0.5698242783546448
유쾌,1,0.5597934722900391
괴물,1,0.5578781366348267
미래,1,0.5546501278877258
연애,1,0.5366382002830505
농업,1,0.5363338589668274
인형,1,0.5306801795959473
판타지,1,0.5277939438819885
