Word,Category,Similarity,Frequency
감시,범죄,0.5818687081336975,1
경험,열정,0.6344258189201355,1
기술,농업,0.6986809968948364,1
기억,사랑,0.6537694931030273,1
독특,춤,0.5334261655807495,1
메시지,대화,0.5048822164535522,1
목표,성장,0.6552416682243347,1
버디,액션,0.6008520722389221,1
베테랑,탐정,0.5211659669876099,1
부대,군대,0.6763806939125061,1
사건,살인,0.7159186005592346,1
영화,만화,0.7536719441413879,7
음악,음악,1,1
정켄,액션,1,1
집사,탐정,0.574050784111023,1
추천,여행,0.5768113136291504,1
코미디,코미디,1,2
타겟,좀비,0.6022775769233704,1
평타,액션,0.5510161519050598,1
현장,교육,0.5853086113929749,2
협박,폭력,0.6928228735923767,1
효과,기대,0.5692968964576721,1

Category,Count,average
액션,3,0.717289408047994
탐정,2,0.5476083755493164
음악,1,1.0
코미디,1,1.0
만화,1,0.7536719441413879
살인,1,0.7159186005592346
농업,1,0.6986809968948364
폭력,1,0.6928228735923767
군대,1,0.6763806939125061
성장,1,0.6552416682243347
사랑,1,0.6537694931030273
열정,1,0.6344258189201355
좀비,1,0.6022775769233704
교육,1,0.5853086113929749
범죄,1,0.5818687081336975
여행,1,0.5768113136291504
기대,1,0.5692968964576721
춤,1,0.5334261655807495
대화,1,0.5048822164535522
