Word,Category,Similarity,Frequency
고급,음식,0.5831040740013123,1
그늘,바다,0.6106565594673157,2
기술,농업,0.6986809968948364,1
담론,정치,0.6720190644264221,1
리그,경제,0.5679942965507507,1
모순,갈등,0.6281998157501221,1
문제,갈등,0.6495088934898376,1
붕괴,혼란,0.6892794370651245,1
사람,꿈,0.5610076785087585,5
상대,추격,0.558393657207489,1
상영,방송,0.6350025534629822,1
생각,후회,0.6602693200111389,2
생존,생존,1,1
성실,헌신,0.6314191222190857,3
소비,경제,0.6587632894515991,2
수행,성장,0.5646498799324036,1
언어,교육,0.6619911193847656,1
여력,상실,0.5391377210617065,1
영화,만화,0.7536719441413879,8
온몸,상처,0.5155565738677979,1
응축,유쾌,0.5435529351234436,1
이해,철학,0.5395932197570801,1
자본주의,경제,0.5420032143592834,10
진정,기쁨,0.5493860840797424,1
체감,기대,0.6011069416999817,1
평론가,다큐멘터리,0.5252968668937683,1
형이상학,철학,0.642810046672821,1

Category,Count,average
경제,3,0.5895869334538778
갈등,2,0.6388543546199799
철학,2,0.5912016332149506
생존,1,1.0
만화,1,0.7536719441413879
농업,1,0.6986809968948364
혼란,1,0.6892794370651245
정치,1,0.6720190644264221
교육,1,0.6619911193847656
후회,1,0.6602693200111389
방송,1,0.6350025534629822
헌신,1,0.6314191222190857
바다,1,0.6106565594673157
기대,1,0.6011069416999817
음식,1,0.5831040740013123
성장,1,0.5646498799324036
꿈,1,0.5610076785087585
추격,1,0.558393657207489
기쁨,1,0.5493860840797424
유쾌,1,0.5435529351234436
상실,1,0.5391377210617065
다큐멘터리,1,0.5252968668937683
상처,1,0.5155565738677979
