Word,Category,Similarity,Frequency
공격,전투,0.6404148936271667,2
관람,여행,0.5587009191513062,1
국가,경제,0.7089344263076782,1
냄새,음식,0.5817655324935913,2
다툼,갈등,0.7528305649757385,1
매니아,판타지,0.5267682075500488,1
멘붕,충격,0.5910674929618835,1
미래,미래,1,1
바이러스,질병,0.5053297281265259,4
발견,발견,1,2
생각,후회,0.6602693200111389,1
생존,생존,1,2
세상,기쁨,0.6082786321640015,2
스틸,액션,0.5995299220085144,1
시리즈,만화,0.5106303691864014,1
시작,발견,0.534450113773346,3
액션,액션,1,1
영화,만화,0.7536719441413879,10
예고편,드라마,0.5787103772163391,1
이웃,가족,0.6304181218147278,1
장르,음악,0.7329081892967224,1
정보,교통,0.6121577620506287,6
좀비,좀비,1,6
줄거리,드라마,0.531794548034668,1
추천,여행,0.5768113136291504,1
치료약,질병,0.5372917652130127,1
황무지,모험,0.5193030834197998,2

Category,Count,average
액션,2,0.7997649610042572
발견,2,0.767225056886673
만화,2,0.6321511566638947
여행,2,0.5677561163902283
드라마,2,0.5552524626255035
질병,2,0.5213107466697693
미래,1,1.0
생존,1,1.0
좀비,1,1.0
갈등,1,0.7528305649757385
음악,1,0.7329081892967224
경제,1,0.7089344263076782
후회,1,0.6602693200111389
전투,1,0.6404148936271667
가족,1,0.6304181218147278
교통,1,0.6121577620506287
기쁨,1,0.6082786321640015
충격,1,0.5910674929618835
음식,1,0.5817655324935913
판타지,1,0.5267682075500488
모험,1,0.5193030834197998
