Word,Category,Similarity,Frequency
가족,가족,1,2
감옥,감옥,1,1
감행,추격,0.5397303700447083,1
거장,미술,0.5483318567276001,1
과정,교육,0.6268183588981628,1
리얼,액션,0.6809289455413818,1
모습,꿈,0.5368646383285522,1
바다,바다,1,1
부인,가족,0.5428288578987122,1
살해,살인,0.6861730217933655,1
생각,후회,0.6602693200111389,2
생활,환경,0.7009555697441101,1
성공,성장,0.6859850287437439,1
시비,갈등,0.5315856337547302,1
실력,춤,0.5194166302680969,1
연출,액션,0.5377380847930908,1
영화,만화,0.7536719441413879,6
원주민,해양,0.511862576007843,4
제작,방송,0.6307950615882874,1
착각,후회,0.5621350407600403,1
총독,군사,0.5308362245559692,1
캐릭터,인형,0.5306801795959473,1
통치,독재,0.6866793036460876,1
폭행,폭력,0.7447036504745483,2
행복,기쁨,0.7726561427116394,1

Category,Count,average
가족,2,0.7714144289493561
후회,2,0.6112021803855896
액션,2,0.6093335151672363
감옥,1,1.0
바다,1,1.0
기쁨,1,0.7726561427116394
만화,1,0.7536719441413879
폭력,1,0.7447036504745483
환경,1,0.7009555697441101
독재,1,0.6866793036460876
살인,1,0.6861730217933655
성장,1,0.6859850287437439
방송,1,0.6307950615882874
교육,1,0.6268183588981628
미술,1,0.5483318567276001
추격,1,0.5397303700447083
꿈,1,0.5368646383285522
갈등,1,0.5315856337547302
군사,1,0.5308362245559692
인형,1,0.5306801795959473
춤,1,0.5194166302680969
해양,1,0.511862576007843
