Word,Category,Similarity,Frequency
가능,여행,0.6136982440948486,1
공격,전투,0.6404148936271667,1
공통,환경,0.583020031452179,1
공포,공포,1,1
과정,교육,0.6268183588981628,1
군소,정치,0.5060297250747681,2
기계,전기,0.6900599598884583,1
능력,교육,0.6137364506721497,1
독재자,독재,0.5564436912536621,2
만족,기대,0.6570032238960266,1
미래,미래,1,2
바닷속,해양,0.6107650399208069,1
반환,평온,0.518929660320282,1
브라우저,컴퓨터,0.574028491973877,1
사람,꿈,0.5610076785087585,1
삭제,의심,0.5076044797897339,2
상어,동물,0.6303016543388367,3
생각,후회,0.6602693200111389,1
액션,액션,1,1
약탈,전쟁,0.669443666934967,1
연출,액션,0.5377380847930908,1
연출력,액션,0.515964686870575,1
영화,만화,0.7536719441413879,2
예고편,드라마,0.5787103772163391,1
위협,폭력,0.639009416103363,1
자연,환경,0.6941760182380676,1
장르,음악,0.7329081892967224,1
장면,액션,0.5999083518981934,2
장소,여행,0.6031988263130188,1
지구,우주,0.7121323943138123,2
지배,권력,0.6291192173957825,1
채널,방송,0.7239679098129272,1
추천,여행,0.5768113136291504,2
콘텐츠,가상현실,0.5792493224143982,1
통제,질서,0.5960743427276611,1
표현,대화,0.5644240975379944,1
횡포,분노,0.5650564432144165,1

Category,Count,average
액션,4,0.6634027808904648
여행,3,0.597902794679006
환경,2,0.6385980248451233
교육,2,0.6202774047851562
공포,1,1.0
미래,1,1.0
만화,1,0.7536719441413879
음악,1,0.7329081892967224
방송,1,0.7239679098129272
우주,1,0.7121323943138123
전기,1,0.6900599598884583
전쟁,1,0.669443666934967
후회,1,0.6602693200111389
기대,1,0.6570032238960266
전투,1,0.6404148936271667
폭력,1,0.639009416103363
동물,1,0.6303016543388367
권력,1,0.6291192173957825
해양,1,0.6107650399208069
질서,1,0.5960743427276611
가상현실,1,0.5792493224143982
드라마,1,0.5787103772163391
컴퓨터,1,0.574028491973877
분노,1,0.5650564432144165
대화,1,0.5644240975379944
꿈,1,0.5610076785087585
독재,1,0.5564436912536621
평온,1,0.518929660320282
의심,1,0.5076044797897339
정치,1,0.5060297250747681
