Word,Category,Similarity,Frequency
관람,여행,0.5587009191513062,1
국가,경제,0.7089344263076782,1
기억,사랑,0.6537694931030273,1
남편,가족,0.6233720779418945,4
냄새,음식,0.5817655324935913,1
미스터리,미스터리,1,2
발견,발견,1,1
방문,여행,0.5841829180717468,2
배급,교육,0.5531435608863831,1
산속,시골,0.6497528553009033,1
상담,심리,0.672296941280365,1
스릴,액션,0.6477225422859192,1
시체,살인,0.6126627326011658,1
실종,살인,0.5558342933654785,1
어부,해적,0.6063424944877625,1
영화,만화,0.7536719441413879,1
장르,음악,0.7329081892967224,1
장소,여행,0.6031988263130188,2
저택,감옥,0.6136187314987183,1
정신과,인간성,0.5246739983558655,1
줄거리,드라마,0.531794548034668,1
참혹,희생,0.5841884016990662,1
청소년,교육,0.5544909238815308,1
추적,수색,0.6436203122138977,2
출연,방송,0.659591019153595,1
충격,충격,1,1
팩트,의리,0.5176695585250854,1
혼미,혼란,0.7045361995697021,1

Category,Count,average
여행,3,0.5820275545120239
살인,2,0.5842485129833221
교육,2,0.5538172423839569
미스터리,1,1.0
발견,1,1.0
충격,1,1.0
만화,1,0.7536719441413879
음악,1,0.7329081892967224
경제,1,0.7089344263076782
혼란,1,0.7045361995697021
심리,1,0.672296941280365
방송,1,0.659591019153595
사랑,1,0.6537694931030273
시골,1,0.6497528553009033
액션,1,0.6477225422859192
수색,1,0.6436203122138977
가족,1,0.6233720779418945
감옥,1,0.6136187314987183
해적,1,0.6063424944877625
희생,1,0.5841884016990662
음식,1,0.5817655324935913
드라마,1,0.531794548034668
인간성,1,0.5246739983558655
의리,1,0.5176695585250854
