Word,Category,Similarity,Frequency
검거,수색,0.5919314026832581,1
극장판,드라마,0.5479550361633301,2
누나,가족,0.5465071797370911,1
모종,동물,0.5004690289497375,1
묘미,개그,0.5619542598724365,1
바이올린,춤,0.5247064232826233,1
사건,살인,0.7159186005592346,1
사진,미술,0.5546669960021973,1
수사,범죄,0.673683226108551,1
시리즈,만화,0.5106303691864014,1
시청,방송,0.6024045944213867,1
실소,분노,0.5662875771522522,1
실체,배신,0.5563049912452698,1
실패,후회,0.6084508299827576,1
아내,가족,0.582758903503418,2
악보,음악,0.6585028171539307,4
역사,철학,0.6869469285011292,1
열녀,사랑,0.6048039197921753,1
영화,만화,0.7536719441413879,2
음악,음악,1,1
전화,대화,0.5852361917495728,1
추리,탐정,0.6983305811882019,1
통화,경제,0.6143816113471985,1
파워,액션,0.5782656669616699,1

Category,Count,average
음악,2,0.8292514085769653
만화,2,0.6321511566638947
가족,2,0.5646330416202545
살인,1,0.7159186005592346
탐정,1,0.6983305811882019
철학,1,0.6869469285011292
범죄,1,0.673683226108551
경제,1,0.6143816113471985
후회,1,0.6084508299827576
사랑,1,0.6048039197921753
방송,1,0.6024045944213867
수색,1,0.5919314026832581
대화,1,0.5852361917495728
액션,1,0.5782656669616699
분노,1,0.5662875771522522
개그,1,0.5619542598724365
배신,1,0.5563049912452698
미술,1,0.5546669960021973
드라마,1,0.5479550361633301
춤,1,0.5247064232826233
동물,1,0.5004690289497375
