Word,Category,Similarity,Frequency
만화책,만화,0.6684035062789917,1
아내,가족,0.582758903503418,1
애니메이션,만화,0.68199223279953,1
연가,사랑,0.6094855070114136,1

Category,Count,average
만화,2,0.6751978695392609
사랑,1,0.6094855070114136
가족,1,0.582758903503418
