Word,Category,Similarity,Frequency
공격,전투,0.6404148936271667,3
관람,여행,0.5587009191513062,1
괴력,마법,0.5919566750526428,1
괴수,괴물,0.711188793182373,5
국가,경제,0.7089344263076782,1
근거,의심,0.5799501538276672,1
긴급,재난,0.6583430171012878,1
모험,모험,1,1
발견,발견,1,1
배급,교육,0.5531435608863831,1
보쳇,액션,1,1
사진,미술,0.5546669960021973,1
새끼,동물,0.6447408199310303,1
생명체,동물,0.5420880317687988,4
세계,경제,0.6071235537528992,1
액션,액션,1,1
어뢰,수색,0.5592890977859497,1
어부,해적,0.6063424944877625,1
영화,만화,0.7536719441413879,1
원격,의료,0.6282998323440552,1
작업,수색,0.6102691888809204,1
작전,전투,0.6892815232276917,1
장르,음악,0.7329081892967224,1
조종,군사,0.5176326632499695,1
줄거리,드라마,0.531794548034668,1
증거,발견,0.5749884247779846,1
지질학,해양,0.5831392407417297,1
최초,발견,0.5291507840156555,1
출연,방송,0.659591019153595,1
탐사,해양,0.7014874815940857,2
파괴자,마법,0.5259916186332703,1
해저,해양,0.6485068798065186,3
화산,해양,0.621642529964447,1
환경,환경,1,1

Category,Count,average
해양,4,0.6386940330266953
발견,3,0.7013797362645467
액션,2,1.0
전투,2,0.6648482084274292
경제,2,0.6580289900302887
동물,2,0.5934144258499146
수색,2,0.5847791433334351
마법,2,0.5589741468429565
모험,1,1.0
환경,1,1.0
만화,1,0.7536719441413879
음악,1,0.7329081892967224
괴물,1,0.711188793182373
방송,1,0.659591019153595
재난,1,0.6583430171012878
의료,1,0.6282998323440552
해적,1,0.6063424944877625
의심,1,0.5799501538276672
여행,1,0.5587009191513062
미술,1,0.5546669960021973
교육,1,0.5531435608863831
드라마,1,0.531794548034668
군사,1,0.5176326632499695
