Word,Category,Similarity,Frequency
굿즈,인형,0.614889919757843,1
모험,모험,1,1
사냥,전투,0.6896240711212158,5
사진,미술,0.5546669960021973,1
세상,기쁨,0.6082786321640015,1
시리즈,만화,0.5106303691864014,1
실패,후회,0.6084508299827576,1
애니메이션,만화,0.68199223279953,2
액션,액션,1,1
여행,여행,1,1
영화,만화,0.7536719441413879,1
요괴,좀비,0.6535662412643433,5
재미,모험,0.6051297187805176,1
전문,의료,0.6444779634475708,1
전편,만화,0.6458731293678284,1
점령,전쟁,0.6118645668029785,1
제작,방송,0.6307950615882874,1
출연,방송,0.659591019153595,1
특별,의료,0.5320938229560852,1
판타지,판타지,1,1
후속작,판타지,0.5277939438819885,1
흔적,발견,0.5892268419265747,1

Category,Count,average
만화,4,0.6480419188737869
모험,2,0.8025648593902588
판타지,2,0.7638969719409943
방송,2,0.6451930403709412
의료,2,0.588285893201828
액션,1,1.0
여행,1,1.0
전투,1,0.6896240711212158
좀비,1,0.6535662412643433
인형,1,0.614889919757843
전쟁,1,0.6118645668029785
후회,1,0.6084508299827576
기쁨,1,0.6082786321640015
발견,1,0.5892268419265747
미술,1,0.5546669960021973
