Word,Category,Similarity,Frequency
배송,여행,0.6038719415664673,1
정보,교통,0.6121577620506287,1
제공,여행,0.6024255156517029,1
활동,교육,0.6086112856864929,1

Category,Count,average
여행,2,0.6031487286090851
교통,1,0.6121577620506287
교육,1,0.6086112856864929
