Word,Category,Similarity,Frequency
감성,심리,0.6301533579826355,1
거장,미술,0.5483318567276001,1
고난,고통,0.6465856432914734,1
나레이션,드라마,0.5498647689819336,1
명작,만화,0.6867616772651672,1
밀정,의리,0.551848292350769,1
바이올린,춤,0.5247064232826233,1
사랑,사랑,1,1
생각,후회,0.6602693200111389,1
성공,성장,0.6859850287437439,1
실력,춤,0.5194166302680969,1
실패,후회,0.6084508299827576,3
영화,만화,0.7536719441413879,3
음색,춤,0.5913295745849609,1
자연,환경,0.6941760182380676,1
작곡,음악,0.6980688571929932,2
작곡가,음악,0.5401633381843567,1
출세작,로맨스,0.5246126651763916,1
춤곡,춤,0.672325611114502,1
탄생,신화,0.5951989889144897,2

Category,Count,average
춤,4,0.5769445598125458
만화,2,0.7202168107032776
후회,2,0.6343600749969482
음악,2,0.6191160976886749
사랑,1,1.0
환경,1,0.6941760182380676
성장,1,0.6859850287437439
고통,1,0.6465856432914734
심리,1,0.6301533579826355
신화,1,0.5951989889144897
의리,1,0.551848292350769
드라마,1,0.5498647689819336
미술,1,0.5483318567276001
로맨스,1,0.5246126651763916
