Word,Category,Similarity,Frequency
검객,괴물,0.619871199131012,1
검술,마법,0.649684488773346,2
격투기,스포츠,0.6603521704673767,1
과도,권력,0.5410835146903992,1
극복,고통,0.6304678916931152,1
기녀,신화,0.5348259806632996,2
기억,사랑,0.6537694931030273,2
느낌,슬픔,0.6343626976013184,1
매력,열정,0.6489761471748352,1
모습,꿈,0.5368646383285522,4
무단,폭력,0.5057473182678223,2
문제,갈등,0.6495088934898376,1
박살,도둑,0.5136302709579468,1
사진,미술,0.5546669960021973,2
습격,반란,0.656060516834259,1
식당,음식,0.6759225726127625,1
액션,액션,1,3
연패,추격,0.5382362604141235,1
영화,만화,0.7536719441413879,11
왜구,해적,0.6204046010971069,8
은둔,감옥,0.5560358166694641,1
이웃,가족,0.6304181218147278,1
인상,기대,0.6044384241104126,1
자긍심,헌신,0.5794761776924133,1
자초,혼란,0.5021968483924866,1
전통,음식,0.6568764448165894,1
정파,정치,0.6695340275764465,2
제한,상실,0.636760413646698,1
창궐,전쟁,0.6036671996116638,2
창작,만화,0.6693662405014038,1
초식,동물,0.6810201406478882,1
쿵후,개그,0.6293163299560547,2
파괴력,충격,0.5024844408035278,1
평화,평등,0.671115517616272,1
폐쇄,수색,0.5324417948722839,1
표현,대화,0.5644240975379944,1
풍자,정치,0.6569647192955017,1
혼란,혼란,1,1

Category,Count,average
혼란,2,0.7510984241962433
만화,2,0.7115190923213959
음식,2,0.6663995087146759
정치,2,0.6632493734359741
액션,1,1.0
동물,1,0.6810201406478882
평등,1,0.671115517616272
스포츠,1,0.6603521704673767
반란,1,0.656060516834259
사랑,1,0.6537694931030273
마법,1,0.649684488773346
갈등,1,0.6495088934898376
열정,1,0.6489761471748352
상실,1,0.636760413646698
슬픔,1,0.6343626976013184
고통,1,0.6304678916931152
가족,1,0.6304181218147278
개그,1,0.6293163299560547
해적,1,0.6204046010971069
괴물,1,0.619871199131012
기대,1,0.6044384241104126
전쟁,1,0.6036671996116638
헌신,1,0.5794761776924133
대화,1,0.5644240975379944
감옥,1,0.5560358166694641
미술,1,0.5546669960021973
권력,1,0.5410835146903992
추격,1,0.5382362604141235
꿈,1,0.5368646383285522
신화,1,0.5348259806632996
수색,1,0.5324417948722839
도둑,1,0.5136302709579468
폭력,1,0.5057473182678223
충격,1,0.5024844408035278
