Word,Category,Similarity,Frequency
영화,만화,0.7536719441413879,1
중독,폭력,0.650359034538269,1
타겟,좀비,0.6022775769233704,1
트랩,액션,0.6522533297538757,1

Category,Count,average
만화,1,0.7536719441413879
액션,1,0.6522533297538757
폭력,1,0.650359034538269
좀비,1,0.6022775769233704
