Word,Category,Similarity,Frequency
각지,도시,0.5373378992080688,1
고생,고통,0.5584161281585693,1
기대,기대,1,2
기대감,기대,0.6246221661567688,1
느낌,슬픔,0.6343626976013184,1
돌연변이,외계인,0.5175120830535889,1
레지던트,코미디,0.5585560202598572,1
모습,꿈,0.5368646383285522,1
부대,군대,0.6763806939125061,1
비평,윤리,0.6509755849838257,1
사건,살인,0.7159186005592346,1
살해,살인,0.6861730217933655,1
생각,후회,0.6602693200111389,6
생활,환경,0.7009555697441101,2
세상,기쁨,0.6082786321640015,1
소비,경제,0.6587632894515991,1
시리즈,만화,0.5106303691864014,1
시작,발견,0.534450113773346,1
실험,과학,0.6881481409072876,2
실험실,과학,0.539912223815918,2
알파,좀비,0.544097900390625,5
액션,액션,1,1
영화,만화,0.7536719441413879,10
욕구,욕망,0.741037905216217,1
욕망,욕망,1,2
욕심,욕망,0.6326161026954651,2
일상,유쾌,0.5978867411613464,5
작전,전투,0.6892815232276917,1
장면,액션,0.5999083518981934,2
재미,모험,0.6051297187805176,2
정예,군사,0.6188055276870728,1
제작진,드라마,0.5286853313446045,1
조종,군사,0.5176326632499695,1
줄거리,드라마,0.531794548034668,1
지배,권력,0.6291192173957825,2
콘셉,액션,0.5512482523918152,1
투입,추격,0.5248116850852966,1
파워,액션,0.5782656669616699,1
평화,평등,0.671115517616272,1
폭력,폭력,1,1
휴대폰,컴퓨터,0.5683847665786743,1
흔적,발견,0.5892268419265747,1
흡수,저항,0.5014031529426575,2

Category,Count,average
액션,4,0.6823555678129196
욕망,3,0.7912180026372274
기대,2,0.8123110830783844
살인,2,0.7010458111763
만화,2,0.6321511566638947
과학,2,0.6140301823616028
군사,2,0.5682190954685211
발견,2,0.5618384778499603
드라마,2,0.5302399396896362
폭력,1,1.0
환경,1,0.7009555697441101
전투,1,0.6892815232276917
군대,1,0.6763806939125061
평등,1,0.671115517616272
후회,1,0.6602693200111389
경제,1,0.6587632894515991
윤리,1,0.6509755849838257
슬픔,1,0.6343626976013184
권력,1,0.6291192173957825
기쁨,1,0.6082786321640015
모험,1,0.6051297187805176
유쾌,1,0.5978867411613464
컴퓨터,1,0.5683847665786743
코미디,1,0.5585560202598572
고통,1,0.5584161281585693
좀비,1,0.544097900390625
도시,1,0.5373378992080688
꿈,1,0.5368646383285522
추격,1,0.5248116850852966
외계인,1,0.5175120830535889
저항,1,0.5014031529426575
