Word,Category,Similarity,Frequency
가능,여행,0.6136982440948486,1
고등학교,학교,0.6346824765205383,1
관람,여행,0.5587009191513062,1
국가,경제,0.7089344263076782,1
근처,학교,0.5683311223983765,1
드라마,드라마,1,1
라디오,드라마,0.6265520453453064,1
마음,기쁨,0.6783162951469421,2
몰입,열정,0.6674494743347168,1
몸짓,춤,0.688373863697052,1
미끼,도둑,0.5375844836235046,7
발생,혼란,0.6102904081344604,2
사건,살인,0.7159186005592346,6
사고,의심,0.5630502700805664,1
상영,방송,0.6350025534629822,1
생각,후회,0.6602693200111389,3
성폭행,범죄,0.513474702835083,1
세상,기쁨,0.6082786321640015,1
쇼트트랙,스포츠,0.5690646767616272,2
수면,환경,0.5423021912574768,1
스틸,액션,0.5995299220085144,2
시작,발견,0.534450113773346,2
실화,공포,0.6056075096130371,3
영화,만화,0.7536719441413879,15
영화관,드라마,0.5831791758537292,1
인상,기대,0.6044384241104126,1
장르,음악,0.7329081892967224,1
장면,액션,0.5999083518981934,4
전화,대화,0.5852361917495728,1
정보,교통,0.6121577620506287,3
체감,기대,0.6011069416999817,1
추천,여행,0.5768113136291504,2
컬링,액션,0.5361762046813965,1
코치,철학,0.5353133082389832,1
통화,경제,0.6143816113471985,1
폭행,폭력,0.7447036504745483,1
학교,학교,1,1
호흡,춤,0.5944341421127319,1
화면,액션,0.6001543998718262,2

Category,Count,average
액션,4,0.5839422196149826
드라마,3,0.7365770737330118
학교,3,0.7343378663063049
여행,3,0.5830701589584351
경제,2,0.6616580188274384
기쁨,2,0.6432974636554718
춤,2,0.641404002904892
기대,2,0.6027726829051971
만화,1,0.7536719441413879
폭력,1,0.7447036504745483
음악,1,0.7329081892967224
살인,1,0.7159186005592346
열정,1,0.6674494743347168
후회,1,0.6602693200111389
방송,1,0.6350025534629822
교통,1,0.6121577620506287
혼란,1,0.6102904081344604
공포,1,0.6056075096130371
대화,1,0.5852361917495728
스포츠,1,0.5690646767616272
의심,1,0.5630502700805664
환경,1,0.5423021912574768
도둑,1,0.5375844836235046
철학,1,0.5353133082389832
발견,1,0.534450113773346
범죄,1,0.513474702835083
