Word,Category,Similarity,Frequency
가족,가족,1,1
가치,윤리,0.6346501111984253,3
가치관,자기성찰,0.5398943424224854,2
갈등,갈등,1,1
감동,기쁨,0.6450744271278381,2
경험,열정,0.6344258189201355,1
과정,교육,0.6268183588981628,1
관절,질병,0.5729323029518127,1
교훈,희망,0.596325695514679,1
극장판,드라마,0.5479550361633301,8
기력,전투,0.5499060750007629,1
만화,만화,1,1
메시지,대화,0.5048822164535522,2
모습,꿈,0.5368646383285522,1
모양,인형,0.6405982375144958,1
모험,모험,1,1
발견,발견,1,1
발전,성장,0.7311267852783203,1
번개,도둑,0.5835573077201843,1
부모,가족,0.6875284910202026,3
생각,후회,0.6602693200111389,3
선물,사랑,0.605575680732727,1
성장,성장,1,4
세상,기쁨,0.6082786321640015,1
세트,인형,0.564244270324707,1
시리즈,만화,0.5106303691864014,1
애니메이션,만화,0.68199223279953,1
액션,액션,1,1
영화,만화,0.7536719441413879,5
육아,교육,0.7042093276977539,1
이름,신화,0.5608668327331543,1
이해,철학,0.5395932197570801,1
인간미,열정,0.5496418476104736,1
자녀,가족,0.7003896832466125,1
자동차,전기,0.5792412161827087,3
장난감,인형,0.5990570783615112,1
전통,음식,0.6568764448165894,1
즐거움,기쁨,0.6185970902442932,1
지붕,바다,0.5468674898147583,1
추천,여행,0.5768113136291504,1
캐릭,해적,0.5462314486503601,1
캐릭터,인형,0.5306801795959473,1
포즈,액션,0.6194324493408203,1
합체,우주,0.5051572918891907,1
희망,희망,1,1

Category,Count,average
만화,4,0.7365736365318298
인형,4,0.5836449414491653
가족,3,0.7959727247556051
기쁨,3,0.6239833831787109
성장,2,0.8655633926391602
액션,2,0.8097162246704102
희망,2,0.7981628477573395
교육,2,0.6655138432979584
열정,2,0.5920338332653046
갈등,1,1.0
모험,1,1.0
발견,1,1.0
후회,1,0.6602693200111389
음식,1,0.6568764448165894
윤리,1,0.6346501111984253
사랑,1,0.605575680732727
도둑,1,0.5835573077201843
전기,1,0.5792412161827087
여행,1,0.5768113136291504
질병,1,0.5729323029518127
신화,1,0.5608668327331543
전투,1,0.5499060750007629
드라마,1,0.5479550361633301
바다,1,0.5468674898147583
해적,1,0.5462314486503601
자기성찰,1,0.5398943424224854
철학,1,0.5395932197570801
꿈,1,0.5368646383285522
우주,1,0.5051572918891907
대화,1,0.5048822164535522
