Word,Category,Similarity,Frequency
검거,수색,0.5919314026832581,1
관람,여행,0.5587009191513062,1
국가,경제,0.7089344263076782,1
다툼,갈등,0.7528305649757385,1
도시,도시,1,1
마약,범죄,0.71501225233078,1
무법자,괴물,0.5619667768478394,1
배후,음모,0.5052520632743835,1
범죄,범죄,1,1
스파이,드라마,0.5523907542228699,1
실패,후회,0.6084508299827576,2
앙심,분노,0.5944007039070129,2
액션,액션,1,1
영화,만화,0.7536719441413879,1
예고편,드라마,0.5787103772163391,1
위협,폭력,0.639009416103363,1
의심,의심,1,1
작전,전투,0.6892815232276917,5
장르,음악,0.7329081892967224,1
조직,군대,0.5703792572021484,3
줄거리,드라마,0.531794548034668,1
중독,폭력,0.650359034538269,1
충돌,갈등,0.6331798434257507,1
테러,범죄,0.731650173664093,2
폭발,충격,0.6844252347946167,2
현상금,해적,0.5412032604217529,1
형사,탐정,0.7352063655853271,1

Category,Count,average
범죄,3,0.815554141998291
드라마,3,0.5542985598246256
갈등,2,0.6930052042007446
폭력,2,0.644684225320816
도시,1,1.0
액션,1,1.0
의심,1,1.0
만화,1,0.7536719441413879
탐정,1,0.7352063655853271
음악,1,0.7329081892967224
경제,1,0.7089344263076782
전투,1,0.6892815232276917
충격,1,0.6844252347946167
후회,1,0.6084508299827576
분노,1,0.5944007039070129
수색,1,0.5919314026832581
군대,1,0.5703792572021484
괴물,1,0.5619667768478394
여행,1,0.5587009191513062
해적,1,0.5412032604217529
음모,1,0.5052520632743835
