Word,Category,Similarity,Frequency
가치,윤리,0.6346501111984253,1
거짓말,부도덕,0.5334540605545044,1
계급,평등,0.6543788909912109,1
과정,교육,0.6268183588981628,1
교육,교육,1,2
느낌,슬픔,0.6343626976013184,2
매력,열정,0.6489761471748352,1
명작,만화,0.6867616772651672,1
모습,꿈,0.5368646383285522,3
문제,갈등,0.6495088934898376,1
변화,성장,0.7235260605812073,1
분장,개그,0.5647703409194946,1
사회,경제,0.8096231818199158,2
생각,후회,0.6602693200111389,3
선택,희망,0.5827092528343201,1
실수,후회,0.5709443092346191,1
영화,만화,0.7536719441413879,21
옛날,시골,0.5727385878562927,1
요행,절망,0.5121127367019653,1
위선,부도덕,0.6119275093078613,1
이견,갈등,0.623627781867981,1
작업,수색,0.6102691888809204,1
차별,평등,0.7053220272064209,1
추락,충격,0.5615158081054688,1
표현,대화,0.5644240975379944,1
학교,학교,1,1
효과,기대,0.5692968964576721,1

Category,Count,average
교육,2,0.8134091794490814
만화,2,0.7202168107032776
평등,2,0.6798504590988159
갈등,2,0.6365683376789093
후회,2,0.615606814622879
부도덕,2,0.5726907849311829
학교,1,1.0
경제,1,0.8096231818199158
성장,1,0.7235260605812073
열정,1,0.6489761471748352
윤리,1,0.6346501111984253
슬픔,1,0.6343626976013184
수색,1,0.6102691888809204
희망,1,0.5827092528343201
시골,1,0.5727385878562927
기대,1,0.5692968964576721
개그,1,0.5647703409194946
대화,1,0.5644240975379944
충격,1,0.5615158081054688
꿈,1,0.5368646383285522
절망,1,0.5121127367019653
