Word,Category,Similarity,Frequency
내통,권력,0.5477403402328491,1
도시,도시,1,1
방송국,방송,0.6448954939842224,1
배후,음모,0.5052520632743835,1
범죄,범죄,1,1
복수심,죄책감,0.6118570566177368,1
사건,살인,0.7159186005592346,2
상영,방송,0.6350025534629822,1
석방,수색,0.5163789987564087,1
시작,발견,0.534450113773346,2
액션,액션,1,1
영화,만화,0.7536719441413879,4
위협,폭력,0.639009416103363,1
인질,도둑,0.5884345173835754,2
장르,음악,0.7329081892967224,1
정보,교통,0.6121577620506287,5
줄거리,드라마,0.531794548034668,4
파이널,뮤지컬,0.568351686000824,5
피랫,액션,1,1

Category,Count,average
액션,2,1.0
방송,2,0.6399490237236023
도시,1,1.0
범죄,1,1.0
만화,1,0.7536719441413879
음악,1,0.7329081892967224
살인,1,0.7159186005592346
폭력,1,0.639009416103363
교통,1,0.6121577620506287
죄책감,1,0.6118570566177368
도둑,1,0.5884345173835754
뮤지컬,1,0.568351686000824
권력,1,0.5477403402328491
발견,1,0.534450113773346
드라마,1,0.531794548034668
수색,1,0.5163789987564087
음모,1,0.5052520632743835
