Word,Category,Similarity,Frequency
갱단,해적,0.6509640216827393,1
검거,수색,0.5919314026832581,1
관람,여행,0.5587009191513062,1
구역,도시,0.6346057057380676,1
국가,경제,0.7089344263076782,1
돌입,추격,0.5638843774795532,1
미션,액션,0.6060617566108704,1
배신,배신,1,1
범죄,범죄,1,3
불능,상실,0.685398519039154,1
액션,액션,1,1
영화,만화,0.7536719441413879,1
예고편,드라마,0.5787103772163391,2
인신매매,범죄,0.5723335146903992,2
장르,음악,0.7329081892967224,1
접수,여행,0.5050989389419556,1
정보,교통,0.6121577620506287,1
조직,군대,0.5703792572021484,4
줄거리,드라마,0.531794548034668,2
지역,도시,0.7241222858428955,1
청소년,교육,0.5544909238815308,1
통제,질서,0.5960743427276611,1
활개,도둑,0.549624502658844,1

Category,Count,average
액션,2,0.8030308783054352
범죄,2,0.7861667573451996
도시,2,0.6793639957904816
드라마,2,0.5552524626255035
여행,2,0.5318999290466309
배신,1,1.0
만화,1,0.7536719441413879
음악,1,0.7329081892967224
경제,1,0.7089344263076782
상실,1,0.685398519039154
해적,1,0.6509640216827393
교통,1,0.6121577620506287
질서,1,0.5960743427276611
수색,1,0.5919314026832581
군대,1,0.5703792572021484
추격,1,0.5638843774795532
교육,1,0.5544909238815308
도둑,1,0.549624502658844
