Word,Category,Similarity,Frequency
개별,음악,0.5007151961326599,1
거북,동물,0.6017308235168457,1
관심,기대,0.6249675154685974,1
기대,기대,1,2
당첨,기대,0.522482693195343,1
댓글,후회,0.505795419216156,1
동물,동물,1,1
바다,바다,1,5
배부,교육,0.543956458568573,1
사막,정글,0.6484219431877136,1
신입,학교,0.548431396484375,1
어드벤처,서바이벌,0.5903871655464172,1
에피소드,드라마,0.5304465889930725,2
영화,만화,0.7536719441413879,3
영화사,드라마,0.5089171528816223,1
예고편,드라마,0.5787103772163391,1
용기,용기,1,1
위기,혼란,0.6975850462913513,1
이웃,가족,0.6304181218147278,1
자신감,자존심,0.5629044771194458,1
자연,환경,0.6941760182380676,1
장소,여행,0.6031988263130188,1
정보,교통,0.6121577620506287,2
제공,여행,0.6024255156517029,1
주말,여행,0.5565044283866882,3
참여,기대,0.5516729950904846,2
최신,과학,0.5843662023544312,1
카페,유령,0.5409449934959412,1
캐릭터,인형,0.5306801795959473,1
타워,정글,0.5906772613525391,1
탐험,탐험,1,1
탐험대,탐험,0.52621990442276,4
트레이닝,스포츠,0.58450847864151,1
티켓,여행,0.6218228340148926,2
포토,동정,0.5201435089111328,1
현장,교육,0.5853086113929749,1

Category,Count,average
기대,4,0.6747808009386063
여행,4,0.5959879010915756
드라마,3,0.5393580396970113
동물,2,0.8008654117584229
탐험,2,0.76310995221138
정글,2,0.6195496022701263
교육,2,0.5646325349807739
바다,1,1.0
용기,1,1.0
만화,1,0.7536719441413879
혼란,1,0.6975850462913513
환경,1,0.6941760182380676
가족,1,0.6304181218147278
교통,1,0.6121577620506287
서바이벌,1,0.5903871655464172
스포츠,1,0.58450847864151
과학,1,0.5843662023544312
자존심,1,0.5629044771194458
학교,1,0.548431396484375
유령,1,0.5409449934959412
인형,1,0.5306801795959473
동정,1,0.5201435089111328
후회,1,0.505795419216156
음악,1,0.5007151961326599
