Word,Category,Similarity,Frequency
#1,액션,1,1
갈매기,바다,0.5430135726928711,1
거대,괴물,0.5640032887458801,1
거북,동물,0.6017308235168457,4
곤혹,불안,0.5316070318222046,1
공격,전투,0.6404148936271667,1
관찰,발견,0.5781939625740051,1
구조,환경,0.6101574897766113,2
기타,음악,0.5873071551322937,1
껍질,괴담,0.5639057159423828,1
댓글,후회,0.505795419216156,1
도달,발견,0.5293484926223755,1
도둑,도둑,1,3
동물,동물,1,2
문어,괴물,0.5492439270019531,1
물고기,외계인,0.5886794924736023,1
바나클과,동물,0.5055553913116455,2
바다,바다,1,2
방문,여행,0.5841829180717468,1
부화,생존,0.5801286101341248,2
불행,절망,0.6734789609909058,1
설치,교육,0.5344357490539551,1
시즌,방송,0.5284544229507446,2
영화,만화,0.7536719441413879,4
욕망,욕망,1,1
위험,불안,0.6922099590301514,1
제작국,방송,0.6784050464630127,1
조수,탐정,0.5807065367698669,1
주위,도시,0.5119664072990417,1
줄거리,드라마,0.531794548034668,1
출연,방송,0.659591019153595,1
탐험,탐험,1,1
탐험대,탐험,0.52621990442276,1
하마,인형,0.5137708783149719,1
해변,여행,0.6242720484733582,3
화살,도둑,0.5926694869995117,2
휴가,여행,0.6868858933448792,1

Category,Count,average
동물,3,0.7024287382761637
여행,3,0.6317802866299947
방송,3,0.6221501628557841
도둑,2,0.7963347434997559
바다,2,0.7715067863464355
탐험,2,0.76310995221138
불안,2,0.611908495426178
괴물,2,0.5566236078739166
발견,2,0.5537712275981903
액션,1,1.0
욕망,1,1.0
만화,1,0.7536719441413879
절망,1,0.6734789609909058
전투,1,0.6404148936271667
환경,1,0.6101574897766113
외계인,1,0.5886794924736023
음악,1,0.5873071551322937
탐정,1,0.5807065367698669
생존,1,0.5801286101341248
괴담,1,0.5639057159423828
교육,1,0.5344357490539551
드라마,1,0.531794548034668
인형,1,0.5137708783149719
도시,1,0.5119664072990417
후회,1,0.505795419216156
