Word,Category,Similarity,Frequency
가족,가족,1,2
개관,여행,0.5882094502449036,2
공연,음악,0.7031762599945068,2
관심,기대,0.6249675154685974,2
기획,교육,0.625312864780426,1
노력,헌신,0.6555296182632446,1
미디어아트,미술,0.5693354606628418,1
변사,살인,0.599687397480011,3
보답,헌신,0.5308396816253662,1
생존,생존,1,1
성공,성장,0.6859850287437439,1
센터,의료,0.6881778836250305,2
셀프,액션,0.6212833523750305,1
신문,방송,0.6771079897880554,1
십자,상처,0.5313938856124878,1
영화,만화,0.7536719441413879,5
이사,고문,0.5024828314781189,1
전략,미래,0.6338134407997131,1
지역,도시,0.7241222858428955,2
참여,기대,0.5516729950904846,1
청춘,사랑,0.612774670124054,1
체험,교육,0.6782315373420715,2
촬영,방송,0.6484997272491455,1
추진,성장,0.6166552305221558,1
콘텐츠,가상현실,0.5792493224143982,1
크리에이터,슈퍼히어로,0.5110735893249512,2
특강,교육,0.6544234752655029,2
프로그램,교육,0.6089324355125427,2
활력,기쁨,0.6071287393569946,1

Category,Count,average
교육,4,0.6417250782251358
방송,2,0.6628038585186005
성장,2,0.6513201296329498
헌신,2,0.5931846499443054
기대,2,0.588320255279541
가족,1,1.0
생존,1,1.0
만화,1,0.7536719441413879
도시,1,0.7241222858428955
음악,1,0.7031762599945068
의료,1,0.6881778836250305
미래,1,0.6338134407997131
액션,1,0.6212833523750305
사랑,1,0.612774670124054
기쁨,1,0.6071287393569946
살인,1,0.599687397480011
여행,1,0.5882094502449036
가상현실,1,0.5792493224143982
미술,1,0.5693354606628418
상처,1,0.5313938856124878
슈퍼히어로,1,0.5110735893249512
고문,1,0.5024828314781189
