Word,Category,Similarity,Frequency
관람,여행,0.5587009191513062,1
긍정,희망,0.608379602432251,1
눈물,슬픔,0.6957001090049744,1
느낌,슬픔,0.6343626976013184,1
능동,자아,0.532185435295105,1
당첨,기대,0.522482693195343,1
블랙홀,음모론,0.5902177691459656,1
사랑,사랑,1,1
생각,후회,0.6602693200111389,5
수업,교육,0.711469292640686,1
영화,만화,0.7536719441413879,7
영화관,드라마,0.5831791758537292,5

Category,Count,average
슬픔,2,0.6650314033031464
사랑,1,1.0
만화,1,0.7536719441413879
교육,1,0.711469292640686
후회,1,0.6602693200111389
희망,1,0.608379602432251
음모론,1,0.5902177691459656
드라마,1,0.5831791758537292
여행,1,0.5587009191513062
자아,1,0.532185435295105
기대,1,0.522482693195343
