Word,Category,Similarity,Frequency
감상,음악,0.6411212086677551,1
감성,심리,0.6301533579826355,2
공동,대화,0.5171006321907043,1
구역,도시,0.6346057057380676,1
급식,학교,0.6560370922088623,1
기억,사랑,0.6537694931030273,2
당일,여행,0.5352691411972046,1
만족,기대,0.6570032238960266,1
만화,만화,1,3
무드,음악,0.6014951467514038,1
백업,환경,0.5367010235786438,1
백합,만화,0.6247093081474304,1
사치,욕망,0.5516767501831055,1
생각,후회,0.6602693200111389,3
시력,질병,0.5970978140830994,1
시작,발견,0.534450113773346,1
심심풀이,개그,0.5025896430015564,1
여정,이별,0.6358245611190796,1
영화,만화,0.7536719441413879,8
오락,도박,0.677858829498291,1
원작,만화,0.7227425575256348,1
작가,만화,0.6290877461433411,1
정보,교통,0.6121577620506287,1
줄거리,드라마,0.531794548034668,1
평론가,다큐멘터리,0.5252968668937683,2
행복,기쁨,0.7726561427116394,2

Category,Count,average
만화,5,0.7460423111915588
음악,2,0.6213081777095795
기쁨,1,0.7726561427116394
도박,1,0.677858829498291
후회,1,0.6602693200111389
기대,1,0.6570032238960266
학교,1,0.6560370922088623
사랑,1,0.6537694931030273
이별,1,0.6358245611190796
도시,1,0.6346057057380676
심리,1,0.6301533579826355
교통,1,0.6121577620506287
질병,1,0.5970978140830994
욕망,1,0.5516767501831055
환경,1,0.5367010235786438
여행,1,0.5352691411972046
발견,1,0.534450113773346
드라마,1,0.531794548034668
다큐멘터리,1,0.5252968668937683
대화,1,0.5171006321907043
개그,1,0.5025896430015564
