Word,Category,Similarity,Frequency
거액,도박,0.5036361217498779,2
관람,여행,0.5587009191513062,1
국가,경제,0.7089344263076782,1
사건,살인,0.7159186005592346,1
사이코,스릴러,0.5595394968986511,1
상처,상처,1,1
시작,발견,0.534450113773346,1
액션,액션,1,1
연루,범죄,0.6580730080604553,1
예고편,드라마,0.5787103772163391,1
장르,음악,0.7329081892967224,1
줄거리,드라마,0.531794548034668,1
청소년,교육,0.5544909238815308,1
추격,추격,1,1
패거리,부도덕,0.5944351553916931,1

Category,Count,average
드라마,2,0.5552524626255035
상처,1,1.0
액션,1,1.0
추격,1,1.0
음악,1,0.7329081892967224
살인,1,0.7159186005592346
경제,1,0.7089344263076782
범죄,1,0.6580730080604553
부도덕,1,0.5944351553916931
스릴러,1,0.5595394968986511
여행,1,0.5587009191513062
교육,1,0.5544909238815308
발견,1,0.534450113773346
도박,1,0.5036361217498779
