Word,Category,Similarity,Frequency
가족,가족,1,5
감시,범죄,0.5818687081336975,1
거대,괴물,0.5640032887458801,1
건설,도시,0.6078121066093445,1
계획,여행,0.6060113906860352,2
과정,교육,0.6268183588981628,1
기대감,기대,0.6246221661567688,1
노력,헌신,0.6555296182632446,1
마음,기쁨,0.6783162951469421,1
미래,미래,1,1
발견,발견,1,1
벌룬,액션,0.5993002653121948,1
사람,꿈,0.5610076785087585,3
상황,혼란,0.6442916989326477,1
생각,후회,0.6602693200111389,4
시작,발견,0.534450113773346,1
시청,방송,0.6024045944213867,2
실패,후회,0.6084508299827576,2
실화,공포,0.6056075096130371,3
아픔,상처,0.7904168963432312,1
역사,철학,0.6869469285011292,3
연출력,액션,0.515964686870575,1
열망,열정,0.7022903561592102,1
영화,만화,0.7536719441413879,14
욕구,욕망,0.741037905216217,1
위험,불안,0.6922099590301514,1
장벽,불안,0.5758340358734131,1
정보,교통,0.6121577620506287,1
제작,방송,0.6307950615882874,1
줄거리,드라마,0.531794548034668,1
증거,발견,0.5749884247779846,1
촬영,방송,0.6484997272491455,1
커피,음식,0.710979700088501,1
투자,경제,0.6519772410392761,1
흔적,발견,0.5892268419265747,1
희망,희망,1,1

Category,Count,average
발견,4,0.6746663451194763
방송,3,0.6272331277529398
후회,2,0.6343600749969482
불안,2,0.6340219974517822
액션,2,0.5576324760913849
가족,1,1.0
미래,1,1.0
희망,1,1.0
상처,1,0.7904168963432312
만화,1,0.7536719441413879
욕망,1,0.741037905216217
음식,1,0.710979700088501
열정,1,0.7022903561592102
철학,1,0.6869469285011292
기쁨,1,0.6783162951469421
헌신,1,0.6555296182632446
경제,1,0.6519772410392761
혼란,1,0.6442916989326477
교육,1,0.6268183588981628
기대,1,0.6246221661567688
교통,1,0.6121577620506287
도시,1,0.6078121066093445
여행,1,0.6060113906860352
공포,1,0.6056075096130371
범죄,1,0.5818687081336975
괴물,1,0.5640032887458801
꿈,1,0.5610076785087585
드라마,1,0.531794548034668
