Word,Category,Similarity,Frequency
가슴,상처,0.6098507642745972,1
가치관,자기성찰,0.5398943424224854,1
개방,교육,0.5870132446289062,1
검색,여행,0.6249870657920837,1
공격,전투,0.6404148936271667,1
관람,여행,0.5587009191513062,1
국가,경제,0.7089344263076782,1
독일군,군대,0.5101509094238281,3
리더십,자기성찰,0.5289939641952515,1
미군,군사,0.6460919976234436,1
미래,미래,1,1
반격,추격,0.641403079032898,1
배치,수색,0.5295758843421936,1
버기,정글,0.5416097640991211,1
부대,군대,0.6763806939125061,1
사회,경제,0.8096231818199158,1
상영,방송,0.6350025534629822,1
세계,경제,0.6071235537528992,1
소대,전투,0.606023907661438,1
시작,발견,0.534450113773346,2
액션,액션,1,1
영화,만화,0.7536719441413879,5
우애,우정,0.6188060641288757,1
작전,전투,0.6892815232276917,1
장르,음악,0.7329081892967224,1
전쟁,전쟁,1,1
전투,전투,1,2
정보,교통,0.6121577620506287,9
줄거리,드라마,0.531794548034668,3
중독,폭력,0.650359034538269,1
통합,교육,0.6034629344940186,1
포화,충격,0.6131952404975891,1

Category,Count,average
전투,4,0.7339300811290741
경제,3,0.7085603872934977
교육,2,0.5952380895614624
군대,2,0.5932658016681671
여행,2,0.591843992471695
자기성찰,2,0.5344441533088684
미래,1,1.0
액션,1,1.0
전쟁,1,1.0
만화,1,0.7536719441413879
음악,1,0.7329081892967224
폭력,1,0.650359034538269
군사,1,0.6460919976234436
추격,1,0.641403079032898
방송,1,0.6350025534629822
우정,1,0.6188060641288757
충격,1,0.6131952404975891
교통,1,0.6121577620506287
상처,1,0.6098507642745972
정글,1,0.5416097640991211
발견,1,0.534450113773346
드라마,1,0.531794548034668
수색,1,0.5295758843421936
