Word,Category,Similarity,Frequency
기억,사랑,0.6537694931030273,1
느낌,슬픔,0.6343626976013184,4
딱총,인형,0.5154463052749634,1
모습,꿈,0.5368646383285522,3
생각,후회,0.6602693200111389,1
소란,폭력,0.6053000092506409,2
영화,만화,0.7536719441413879,6
우드,정글,0.5368337035179138,1
이름,신화,0.5608668327331543,1
전투,전투,1,1
출연,방송,0.659591019153595,1
탱크,좀비,0.6285848021507263,1
포탄,군사,0.5396752953529358,1
허공,바다,0.582145631313324,1
화염,마법,0.6151210069656372,1
후회,후회,1,1

Category,Count,average
후회,2,0.8301346600055695
전투,1,1.0
만화,1,0.7536719441413879
방송,1,0.659591019153595
사랑,1,0.6537694931030273
슬픔,1,0.6343626976013184
좀비,1,0.6285848021507263
마법,1,0.6151210069656372
폭력,1,0.6053000092506409
바다,1,0.582145631313324
신화,1,0.5608668327331543
군사,1,0.5396752953529358
꿈,1,0.5368646383285522
정글,1,0.5368337035179138
인형,1,0.5154463052749634
