Word,Category,Similarity,Frequency
가슴,상처,0.6098507642745972,1
감상,음악,0.6411212086677551,1
기분,유쾌,0.6678951382637024,1
놀이,춤,0.6705771684646606,1
독특,춤,0.5334261655807495,1
동물,동물,1,1
맞춤,교육,0.5435973405838013,1
모습,꿈,0.5368646383285522,1
반려동물,동물,0.5375193953514099,2
사랑,사랑,1,1
사진전,다큐멘터리,0.5081700682640076,1
산골,시골,0.7590840458869934,1
산자락,설원,0.564384937286377,1
시작,발견,0.534450113773346,1
썰매,춤,0.5649005770683289,1
안개,유령,0.5902785062789917,1
여행,여행,1,3
영화,만화,0.7536719441413879,9
위험,불안,0.6922099590301514,1
자연,환경,0.6941760182380676,1
장소,여행,0.6031988263130188,1
전시회,미술,0.5285125374794006,1
정취,기쁨,0.5700288414955139,1
제품,환경,0.5750954747200012,1
조장,갈등,0.5332424640655518,1
추락,충격,0.5615158081054688,2
추천,여행,0.5768113136291504,1
특별,의료,0.5320938229560852,1
힐링,정글,0.5479092597961426,1

Category,Count,average
여행,3,0.7266700466473898
춤,3,0.589634637037913
동물,2,0.768759697675705
환경,2,0.6346357464790344
사랑,1,1.0
시골,1,0.7590840458869934
만화,1,0.7536719441413879
불안,1,0.6922099590301514
유쾌,1,0.6678951382637024
음악,1,0.6411212086677551
상처,1,0.6098507642745972
유령,1,0.5902785062789917
기쁨,1,0.5700288414955139
설원,1,0.564384937286377
충격,1,0.5615158081054688
정글,1,0.5479092597961426
교육,1,0.5435973405838013
꿈,1,0.5368646383285522
발견,1,0.534450113773346
갈등,1,0.5332424640655518
의료,1,0.5320938229560852
미술,1,0.5285125374794006
다큐멘터리,1,0.5081700682640076
