Word,Category,Similarity,Frequency
거대,괴물,0.5640032887458801,1
격투,액션,0.6852583885192871,1
관람,여행,0.5587009191513062,1
구장,도시,0.5626206398010254,1
국가,경제,0.7089344263076782,1
느낌,슬픔,0.6343626976013184,2
대결,갈등,0.5924415588378906,1
도시,도시,1,6
몰입,열정,0.6674494743347168,1
문제,갈등,0.6495088934898376,1
발차기,춤,0.5042825937271118,1
범죄,범죄,1,1
보디가드,드라마,0.5466750860214233,7
비기,좀비,0.5114507079124451,1
뽕짝,음악,0.5608783960342407,1
사형,독재,0.5577566027641296,1
상영,방송,0.6350025534629822,1
상황,혼란,0.6442916989326477,1
액션,액션,1,2
여주인공,로맨스,0.5319628715515137,1
연출,액션,0.5377380847930908,1
영화,만화,0.7536719441413879,5
위험,불안,0.6922099590301514,1
음모,음모,1,1
이해,철학,0.5395932197570801,1
인상,기대,0.6044384241104126,1
장르,음악,0.7329081892967224,1
장면,액션,0.5999083518981934,3
전대미문,전쟁,0.5123085975646973,1
정벌,멸망,0.6579797267913818,6
정보,교통,0.6121577620506287,7
조직,군대,0.5703792572021484,1
줄거리,드라마,0.531794548034668,3
짜증,불안,0.627656877040863,1
철퇴,추격,0.5670374631881714,2
촬영,방송,0.6484997272491455,1

Category,Count,average
액션,4,0.7057262063026428
도시,2,0.7813103199005127
불안,2,0.6599334180355072
음악,2,0.6468932926654816
방송,2,0.6417511403560638
갈등,2,0.6209752261638641
드라마,2,0.5392348170280457
범죄,1,1.0
음모,1,1.0
만화,1,0.7536719441413879
경제,1,0.7089344263076782
열정,1,0.6674494743347168
멸망,1,0.6579797267913818
혼란,1,0.6442916989326477
슬픔,1,0.6343626976013184
교통,1,0.6121577620506287
기대,1,0.6044384241104126
군대,1,0.5703792572021484
추격,1,0.5670374631881714
괴물,1,0.5640032887458801
여행,1,0.5587009191513062
독재,1,0.5577566027641296
철학,1,0.5395932197570801
로맨스,1,0.5319628715515137
전쟁,1,0.5123085975646973
좀비,1,0.5114507079124451
춤,1,0.5042825937271118
