Word,Category,Similarity,Frequency
가족,가족,1,3
감성,심리,0.6301533579826355,1
사람,꿈,0.5610076785087585,1
사진,미술,0.5546669960021973,1
영화,만화,0.7536719441413879,2
추천,여행,0.5768113136291504,1

Category,Count,average
가족,1,1.0
만화,1,0.7536719441413879
심리,1,0.6301533579826355
여행,1,0.5768113136291504
꿈,1,0.5610076785087585
미술,1,0.5546669960021973
