Word,Category,Similarity,Frequency
감상,음악,0.6411212086677551,2
검색,여행,0.6249870657920837,1
괴물,괴물,1,3
기대,기대,1,1
냄새,음식,0.5817655324935913,1
누나,가족,0.5465071797370911,1
누님,만화,0.5331792831420898,6
덧니,자아,0.5614726543426514,1
드라마,드라마,1,2
로맨스,로맨스,1,2
모습,꿈,0.5368646383285522,1
발견,발견,1,1
뱀파이어,흡혈귀,0.6941889524459839,6
분장실,드라마,0.5238068699836731,3
생각,후회,0.6602693200111389,2
실패,후회,0.6084508299827576,1
심장,기쁨,0.5264105200767517,1
아들,가족,0.5667959451675415,2
애교,개그,0.5999221205711365,1
여배우,드라마,0.5256187319755554,1
연인,사랑,0.6981024742126465,1
영화,만화,0.7536719441413879,10
예상,기대,0.655988872051239,1
오디션,뮤지컬,0.6122252941131592,3
이웃,가족,0.6304181218147278,1
인디,액션,0.6633222103118896,1
인물,정치,0.5848035216331482,1
잔망,액션,1,2
장면,액션,0.5999083518981934,5
절제,욕망,0.5824708938598633,1
추리,탐정,0.6983305811882019,1
추천,여행,0.5768113136291504,1
충격,충격,1,1
캡처,방송,0.5567418932914734,1
컨셉,개그,0.5215927958488464,1
코믹,만화,0.7493361830711365,1
팝송,음악,0.6902397274971008,1
팬심,의리,0.616875171661377,1
플레이,서바이벌,0.5245938897132874,2
합법,범죄,0.5498071312904358,1
헌혈,의료,0.5531933307647705,1
환영,희망,0.5663730502128601,1
흡혈,마법,0.5938692688941956,1

Category,Count,average
액션,3,0.754410187403361
드라마,3,0.6831418673197428
만화,3,0.6787291367848715
가족,3,0.5812404155731201
기대,2,0.8279944360256195
음악,2,0.665680468082428
후회,2,0.6343600749969482
여행,2,0.6008991897106171
개그,2,0.5607574582099915
괴물,1,1.0
로맨스,1,1.0
발견,1,1.0
충격,1,1.0
탐정,1,0.6983305811882019
사랑,1,0.6981024742126465
흡혈귀,1,0.6941889524459839
의리,1,0.616875171661377
뮤지컬,1,0.6122252941131592
마법,1,0.5938692688941956
정치,1,0.5848035216331482
욕망,1,0.5824708938598633
음식,1,0.5817655324935913
희망,1,0.5663730502128601
자아,1,0.5614726543426514
방송,1,0.5567418932914734
의료,1,0.5531933307647705
범죄,1,0.5498071312904358
꿈,1,0.5368646383285522
기쁨,1,0.5264105200767517
서바이벌,1,0.5245938897132874
