Word,Category,Similarity,Frequency
과정,교육,0.6268183588981628,1
관통,충격,0.5143977403640747,2
기차,교통,0.6118013858795166,5
난관,갈등,0.5635523796081543,1
남편,가족,0.6233720779418945,1
레이스,스포츠,0.55909663438797,1
매력,열정,0.6489761471748352,1
모양,인형,0.6405982375144958,1
몸짓,춤,0.688373863697052,1
물건,인형,0.6116355657577515,1
발견,발견,1,1
발휘,기대,0.5250481367111206,1
봉착,고통,0.546981692314148,1
사람,꿈,0.5610076785087585,4
사랑,사랑,1,1
상황,혼란,0.6442916989326477,1
색채,미술,0.6537377238273621,1
생각,후회,0.6602693200111389,1
생활,환경,0.7009555697441101,1
여자,사랑,0.5380519032478333,3
여정,이별,0.6358245611190796,1
영화,만화,0.7536719441413879,6
오해,상처,0.5473958253860474,1
웃음,개그,0.6434062123298645,1
위로,바다,0.5024420619010925,1
위험,불안,0.6922099590301514,3
유혹,욕망,0.6288394331932068,1
은퇴,미래,0.5451258420944214,1
이해,철학,0.5395932197570801,1
장면,액션,0.5999083518981934,1
전경,도시,0.5084432363510132,2
철거,수색,0.5857065916061401,1
철길,설원,0.5330963134765625,1
추억,사랑,0.6609922647476196,1
충격,충격,1,1
코믹,만화,0.7493361830711365,2
팬티,만화,0.5663322806358337,1
표정,유쾌,0.5511194467544556,1

Category,Count,average
사랑,3,0.733014722665151
만화,3,0.6897801359494528
충격,2,0.7571988701820374
인형,2,0.6261169016361237
발견,1,1.0
환경,1,0.7009555697441101
불안,1,0.6922099590301514
춤,1,0.688373863697052
후회,1,0.6602693200111389
미술,1,0.6537377238273621
열정,1,0.6489761471748352
혼란,1,0.6442916989326477
개그,1,0.6434062123298645
이별,1,0.6358245611190796
욕망,1,0.6288394331932068
교육,1,0.6268183588981628
가족,1,0.6233720779418945
교통,1,0.6118013858795166
액션,1,0.5999083518981934
수색,1,0.5857065916061401
갈등,1,0.5635523796081543
꿈,1,0.5610076785087585
스포츠,1,0.55909663438797
유쾌,1,0.5511194467544556
상처,1,0.5473958253860474
고통,1,0.546981692314148
미래,1,0.5451258420944214
철학,1,0.5395932197570801
설원,1,0.5330963134765625
기대,1,0.5250481367111206
도시,1,0.5084432363510132
바다,1,0.5024420619010925
