Word,Category,Similarity,Frequency
결혼,연애,0.6863196492195129,1
공포,공포,1,3
공포감,무력감,0.6693056225776672,1
기대,기대,1,1
느낌,슬픔,0.6343626976013184,2
만족감,기대,0.5598728656768799,1
매니아,판타지,0.5267682075500488,1
목격,발견,0.6813858151435852,1
바이러스,질병,0.5053297281265259,2
반응,충격,0.5951288342475891,1
발병,질병,0.6885514855384827,1
보균자,질병,0.5844519734382629,1
살인,살인,1,1
살인마,살인,0.5618112683296204,4
살인범,정신병,0.575529932975769,1
살점,상처,0.6040549278259277,1
살해,살인,0.6861730217933655,1
상품,여행,0.6432608962059021,1
상황,혼란,0.6442916989326477,1
생각,후회,0.6602693200111389,3
세계,경제,0.6071235537528992,1
소비,경제,0.6587632894515991,1
시리즈,만화,0.5106303691864014,2
시작,발견,0.534450113773346,2
시체,살인,0.6126627326011658,1
여자,사랑,0.5380519032478333,1
연출,액션,0.5377380847930908,1
영화,만화,0.7536719441413879,16
욕구,욕망,0.741037905216217,1
원작,만화,0.7227425575256348,1
의심,의심,1,1
잔인,음모,0.569640040397644,1
잔혹,폭력,0.6832144260406494,1
재미,모험,0.6051297187805176,1
전편,만화,0.6458731293678284,1
줄거리,드라마,0.531794548034668,1
차림,춤,0.5520768761634827,1
최초,발견,0.5291507840156555,1
토막,개그,0.5314797759056091,1
현장,교육,0.5853086113929749,1
효과,기대,0.5692968964576721,1
휴가,여행,0.6868858933448792,1

Category,Count,average
살인,4,0.7151617556810379
만화,4,0.6582295000553131
기대,3,0.7097232540448507
질병,3,0.5927777290344238
발견,3,0.5816622376441956
여행,2,0.6650733947753906
경제,2,0.6329434216022491
공포,1,1.0
의심,1,1.0
욕망,1,0.741037905216217
연애,1,0.6863196492195129
폭력,1,0.6832144260406494
무력감,1,0.6693056225776672
후회,1,0.6602693200111389
혼란,1,0.6442916989326477
슬픔,1,0.6343626976013184
모험,1,0.6051297187805176
상처,1,0.6040549278259277
충격,1,0.5951288342475891
교육,1,0.5853086113929749
정신병,1,0.575529932975769
음모,1,0.569640040397644
춤,1,0.5520768761634827
사랑,1,0.5380519032478333
액션,1,0.5377380847930908
드라마,1,0.531794548034668
개그,1,0.5314797759056091
판타지,1,0.5267682075500488
