Word,Category,Similarity,Frequency
가능,여행,0.6136982440948486,2
관람,여행,0.5587009191513062,1
국가,경제,0.7089344263076782,1
극한,생존,0.5677410364151001,3
노래,춤,0.7242721915245056,1
라스트,카우보이,0.5365300178527832,3
사투,추격,0.57225102186203,2
살인,살인,1,1
설치,교육,0.5344357490539551,2
세계,경제,0.6071235537528992,1
스릴러,스릴러,1,7
시작,발견,0.534450113773346,1
액션,액션,1,1
연출,액션,0.5377380847930908,1
영화,만화,0.7536719441413879,4
예고편,드라마,0.5787103772163391,1
자동차,전기,0.5792412161827087,2
장르,음악,0.7329081892967224,1
장편,만화,0.7140740752220154,1
제한,상실,0.636760413646698,2
줄거리,드라마,0.531794548034668,1
추억,사랑,0.6609922647476196,1
출연,방송,0.659591019153595,1
테러,범죄,0.731650173664093,3
폭탄,충격,0.65119469165802,9
플랫폼,가상현실,0.5415536761283875,1
플레이,서바이벌,0.5245938897132874,1
행복,기쁨,0.7726561427116394,1
환영,희망,0.5663730502128601,1

Category,Count,average
액션,2,0.7688690423965454
만화,2,0.7338730096817017
경제,2,0.6580289900302887
여행,2,0.5861995816230774
드라마,2,0.5552524626255035
살인,1,1.0
스릴러,1,1.0
기쁨,1,0.7726561427116394
음악,1,0.7329081892967224
범죄,1,0.731650173664093
춤,1,0.7242721915245056
사랑,1,0.6609922647476196
방송,1,0.659591019153595
충격,1,0.65119469165802
상실,1,0.636760413646698
전기,1,0.5792412161827087
추격,1,0.57225102186203
생존,1,0.5677410364151001
희망,1,0.5663730502128601
가상현실,1,0.5415536761283875
카우보이,1,0.5365300178527832
발견,1,0.534450113773346
교육,1,0.5344357490539551
서바이벌,1,0.5245938897132874
