Word,Category,Similarity,Frequency
가혹,폭력,0.7184136509895325,1
강도,저항,0.6040131449699402,4
거주,도시,0.6213511228561401,2
고향,시골,0.6128569841384888,2
과정,교육,0.6268183588981628,2
관람,여행,0.5587009191513062,2
국가,경제,0.7089344263076782,2
군인,군대,0.6802380084991455,2
드라마,드라마,1,2
밀매,범죄,0.6278576850891113,2
범죄,범죄,1,2
부패,범죄,0.6599663496017456,2
사랑,사랑,1,2
사촌,가족,0.594305157661438,2
상영,방송,0.6350025534629822,1
시작,발견,0.534450113773346,1
실패,후회,0.6084508299827576,2
액션,액션,1,2
영화,만화,0.7536719441413879,6
예고편,드라마,0.5787103772163391,1
장르,음악,0.7329081892967224,2
전화,대화,0.5852361917495728,2
정보,교통,0.6121577620506287,6
줄거리,드라마,0.531794548034668,3
지역,도시,0.7241222858428955,2
총격전,수색,0.5613901019096375,2
파이널,뮤지컬,0.568351686000824,1
협력,대화,0.6538437008857727,2

Category,Count,average
범죄,3,0.762608011563619
드라마,3,0.7035016417503357
도시,2,0.6727367043495178
대화,2,0.6195399463176727
사랑,1,1.0
액션,1,1.0
만화,1,0.7536719441413879
음악,1,0.7329081892967224
폭력,1,0.7184136509895325
경제,1,0.7089344263076782
군대,1,0.6802380084991455
방송,1,0.6350025534629822
교육,1,0.6268183588981628
시골,1,0.6128569841384888
교통,1,0.6121577620506287
후회,1,0.6084508299827576
저항,1,0.6040131449699402
가족,1,0.594305157661438
뮤지컬,1,0.568351686000824
수색,1,0.5613901019096375
여행,1,0.5587009191513062
발견,1,0.534450113773346
