Word,Category,Similarity,Frequency
굿바이,드라마,0.5183427333831787,1
극장판,드라마,0.5479550361633301,1
누명,살인,0.5723448395729065,1
답변,의심,0.5017156600952148,1
댓글,후회,0.505795419216156,1
모녀,가족,0.6818090677261353,1
북극,해양,0.7268598079681396,1
사칭,범죄,0.6201412081718445,1
시장,경제,0.6355687975883484,2
아들,가족,0.5667959451675415,1
얼음,바다,0.6190788745880127,1
열쇠,희망,0.5891710519790649,2
영화,만화,0.7536719441413879,1
위기,혼란,0.6975850462913513,1
자녀,가족,0.7003896832466125,1
저금통,인형,0.5797374248504639,1
전편,만화,0.6458731293678284,1
죽음,고독,0.6896678805351257,1
증거,발견,0.5749884247779846,2
질문,대화,0.5432519912719727,1
채널,방송,0.7239679098129272,2
특별,의료,0.5320938229560852,1
핑계,이별,0.5365244746208191,1
하키,학교,0.5517789721488953,1
확인,발견,0.6419516205787659,1

Category,Count,average
가족,3,0.6496648987134298
만화,2,0.6997725367546082
발견,2,0.6084700226783752
드라마,2,0.5331488847732544
해양,1,0.7268598079681396
방송,1,0.7239679098129272
혼란,1,0.6975850462913513
고독,1,0.6896678805351257
경제,1,0.6355687975883484
범죄,1,0.6201412081718445
바다,1,0.6190788745880127
희망,1,0.5891710519790649
인형,1,0.5797374248504639
살인,1,0.5723448395729065
학교,1,0.5517789721488953
대화,1,0.5432519912719727
이별,1,0.5365244746208191
의료,1,0.5320938229560852
후회,1,0.505795419216156
의심,1,0.5017156600952148
