Word,Category,Similarity,Frequency
감상,음악,0.6411212086677551,5
고독,고독,1,1
관심,기대,0.6249675154685974,2
광고,방송,0.6559303998947144,2
남자,사랑,0.5456969141960144,1
댓글,후회,0.505795419216156,2
드라마,드라마,1,2
모습,꿈,0.5368646383285522,1
뮤지컬,뮤지컬,1,1
발견,발견,1,1
발언,대화,0.537577211856842,1
배급,교육,0.5531435608863831,1
분장,개그,0.5647703409194946,1
사람,꿈,0.5610076785087585,1
삭제,의심,0.5076044797897339,1
상상,욕망,0.6180667877197266,1
생각,후회,0.6602693200111389,1
생활,환경,0.7009555697441101,1
선물,사랑,0.605575680732727,1
세계,경제,0.6071235537528992,1
소설,만화,0.8215566873550415,4
시작,발견,0.534450113773346,1
식민지,전쟁,0.5045368671417236,1
실화,공포,0.6056075096130371,2
안부,대화,0.6139237284660339,1
애니,만화,0.7641763091087341,1
여왕,유령,0.5411664247512817,6
여우,동물,0.6776934266090393,1
역사,철학,0.6869469285011292,1
영화,만화,0.7536719441413879,13
욕설,폭력,0.6747787594795227,1
원작,만화,0.7227425575256348,1
장르,음악,0.7329081892967224,1
장애,질병,0.7015629410743713,1
정확,의심,0.5156928300857544,1
제작사,드라마,0.522915244102478,1
존엄,평등,0.6833188533782959,1
집필,만화,0.5247843861579895,1
차단,의심,0.5930317640304565,1
출연,방송,0.659591019153595,1
코미디,코미디,1,1
환영,희망,0.5663730502128601,1
황실,군사,0.5646456480026245,1

Category,Count,average
만화,5,0.7173863768577575
의심,3,0.5387763579686483
발견,2,0.767225056886673
드라마,2,0.761457622051239
음악,2,0.6870146989822388
방송,2,0.6577607095241547
후회,2,0.5830323696136475
대화,2,0.575750470161438
사랑,2,0.5756362974643707
꿈,2,0.5489361584186554
고독,1,1.0
뮤지컬,1,1.0
코미디,1,1.0
질병,1,0.7015629410743713
환경,1,0.7009555697441101
철학,1,0.6869469285011292
평등,1,0.6833188533782959
동물,1,0.6776934266090393
폭력,1,0.6747787594795227
기대,1,0.6249675154685974
욕망,1,0.6180667877197266
경제,1,0.6071235537528992
공포,1,0.6056075096130371
희망,1,0.5663730502128601
개그,1,0.5647703409194946
군사,1,0.5646456480026245
교육,1,0.5531435608863831
유령,1,0.5411664247512817
전쟁,1,0.5045368671417236
