Word,Category,Similarity,Frequency
걱정,후회,0.651527464389801,1
검색,여행,0.6249870657920837,2
광고,방송,0.6559303998947144,1
댓글,후회,0.505795419216156,1
맛집,음식,0.6337778568267822,1
몰입,열정,0.6674494743347168,1
사랑,사랑,1,1
생각,후회,0.6602693200111389,2
영화,만화,0.7536719441413879,7
용기,용기,1,1
탐방,여행,0.626908004283905,1

Category,Count,average
후회,3,0.6058640678723654
여행,2,0.6259475350379944
사랑,1,1.0
용기,1,1.0
만화,1,0.7536719441413879
열정,1,0.6674494743347168
방송,1,0.6559303998947144
음식,1,0.6337778568267822
