Word,Category,Similarity,Frequency
가족,가족,1,1
가치,윤리,0.6346501111984253,1
감정,심리,0.7588332891464233,2
결단,용서,0.5725662112236023,1
고심,기대,0.5159546732902527,1
고향,시골,0.6128569841384888,2
골드,정글,0.5455614924430847,1
궁합,연애,0.5512279272079468,1
남친,연애,0.6194848418235779,4
렌즈,용기,0.5198469161987305,1
로맨스,로맨스,1,2
마음,기쁨,0.6783162951469421,1
매력,열정,0.6489761471748352,1
미안,후회,0.5432184934616089,1
버거,음식,0.5228381752967834,1
불안감,두려움,0.7379971742630005,1
사람,꿈,0.5610076785087585,3
사랑,사랑,1,2
사촌,가족,0.594305157661438,1
생각,후회,0.6602693200111389,2
송별,가족,0.5852373838424683,1
스트레스,무력감,0.6226179003715515,1
연애,연애,1,1
영화,만화,0.7536719441413879,5
용기,용기,1,1
이별,이별,1,1
일상,유쾌,0.5978867411613464,1
짝사랑,연애,0.6175044178962708,1
청춘,사랑,0.612774670124054,1
추억,사랑,0.6609922647476196,1
출연,방송,0.659591019153595,1
카페,유령,0.5409449934959412,1
캐릭터,인형,0.5306801795959473,2
헤더,액션,0.5061398148536682,2

Category,Count,average
연애,4,0.6970542967319489
사랑,3,0.7579223116238912
가족,3,0.7265141805013021
용기,2,0.7599234580993652
후회,2,0.6017439067363739
로맨스,1,1.0
이별,1,1.0
심리,1,0.7588332891464233
만화,1,0.7536719441413879
두려움,1,0.7379971742630005
기쁨,1,0.6783162951469421
방송,1,0.659591019153595
열정,1,0.6489761471748352
윤리,1,0.6346501111984253
무력감,1,0.6226179003715515
시골,1,0.6128569841384888
유쾌,1,0.5978867411613464
용서,1,0.5725662112236023
꿈,1,0.5610076785087585
정글,1,0.5455614924430847
유령,1,0.5409449934959412
인형,1,0.5306801795959473
음식,1,0.5228381752967834
기대,1,0.5159546732902527
액션,1,0.5061398148536682
