Word,Category,Similarity,Frequency
결혼,연애,0.6863196492195129,2
고교,학교,0.6200820207595825,1
남자,사랑,0.5456969141960144,1
대출,유령,0.5509581565856934,2
문제,갈등,0.6495088934898376,1
발목,상처,0.5137267112731934,1
부동산,경제,0.5007047057151794,1
부인,가족,0.5428288578987122,1
사람,꿈,0.5610076785087585,2
사랑,사랑,1,1
솜씨,춤,0.5051486492156982,1
스캔들,로맨스,0.5457527041435242,1
아내,가족,0.582758903503418,2
연애,연애,1,1
영화,만화,0.7536719441413879,3
유혹,욕망,0.6288394331932068,1
주말,여행,0.5565044283866882,2
추천,여행,0.5768113136291504,1
캐릭터,인형,0.5306801795959473,1
흡족,기대,0.5414984822273254,1

Category,Count,average
연애,2,0.8431598246097565
사랑,2,0.7728484570980072
여행,2,0.5666578710079193
가족,2,0.5627938807010651
만화,1,0.7536719441413879
갈등,1,0.6495088934898376
욕망,1,0.6288394331932068
학교,1,0.6200820207595825
꿈,1,0.5610076785087585
유령,1,0.5509581565856934
로맨스,1,0.5457527041435242
기대,1,0.5414984822273254
인형,1,0.5306801795959473
상처,1,0.5137267112731934
춤,1,0.5051486492156982
경제,1,0.5007047057151794
