Word,Category,Similarity,Frequency
가능,여행,0.6136982440948486,1
감정,심리,0.7588332891464233,2
격려,동정,0.5737254619598389,1
과정,교육,0.6268183588981628,1
관람,여행,0.5587009191513062,1
기억,사랑,0.6537694931030273,1
데이트,로맨스,0.5355676412582397,3
모습,꿈,0.5368646383285522,1
목표,성장,0.6552416682243347,1
문제,갈등,0.6495088934898376,3
사건,살인,0.7159186005592346,1
사람,꿈,0.5610076785087585,2
서사,신화,0.6202012896537781,1
설득,대화,0.5834951996803284,2
센터,의료,0.6881778836250305,1
수업,교육,0.711469292640686,1
시작,발견,0.534450113773346,1
실현,미래,0.6133867502212524,1
언변,열정,0.523819625377655,1
연애,연애,1,1
영화,만화,0.7536719441413879,4
이해,철학,0.5395932197570801,1
자세,액션,0.5511509776115417,1
장면,액션,0.5999083518981934,2
적대,갈등,0.654803991317749,1
지각,심리,0.5895654559135437,1
지역,도시,0.7241222858428955,1
진정,기쁨,0.5493860840797424,1
질문,대화,0.5432519912719727,2
추천,여행,0.5768113136291504,2
편안,유쾌,0.6909911036491394,1
해결,갈등,0.5887223482131958,1
회유,수색,0.5084037184715271,2
회의,대화,0.5878562331199646,1
흑인,액션,0.5475481748580933,4
희망,희망,1,1

Category,Count,average
갈등,3,0.6310117443402609
여행,3,0.5830701589584351
대화,3,0.5715344746907552
액션,3,0.5662025014559428
심리,2,0.6741993725299835
교육,2,0.6691438257694244
꿈,2,0.5489361584186554
연애,1,1.0
희망,1,1.0
만화,1,0.7536719441413879
도시,1,0.7241222858428955
살인,1,0.7159186005592346
유쾌,1,0.6909911036491394
의료,1,0.6881778836250305
성장,1,0.6552416682243347
사랑,1,0.6537694931030273
신화,1,0.6202012896537781
미래,1,0.6133867502212524
동정,1,0.5737254619598389
기쁨,1,0.5493860840797424
철학,1,0.5395932197570801
로맨스,1,0.5355676412582397
발견,1,0.534450113773346
열정,1,0.523819625377655
수색,1,0.5084037184715271
