Word,Category,Similarity,Frequency
가족,가족,1,1
감상,음악,0.6411212086677551,2
감정,심리,0.7588332891464233,1
격리,수색,0.6269633769989014,3
격투,액션,0.6852583885192871,1
공격,전투,0.6404148936271667,3
구역,도시,0.6346057057380676,4
기대,기대,1,1
기억,사랑,0.6537694931030273,1
두뇌,과학,0.5985945463180542,1
멍청이,배신,0.5021394491195679,1
배신,배신,1,2
사람,꿈,0.5610076785087585,1
상대,추격,0.558393657207489,2
생각,후회,0.6602693200111389,1
선택,희망,0.5827092528343201,2
실종,살인,0.5558342933654785,3
악당,좀비,0.6801067590713501,3
액션,액션,1,3
양아치,부도덕,0.5815564393997192,1
엄마,사랑,0.5908297300338745,3
연인,사랑,0.6981024742126465,2
영화,만화,0.7536719441413879,5
웃음,개그,0.6434062123298645,1
이름,신화,0.5608668327331543,1
일당,해적,0.5479298233985901,1
재미,모험,0.6051297187805176,1
조작,범죄,0.5801150798797607,1
줄거리,드라마,0.531794548034668,2
패싸움,폭력,0.5935072302818298,1
해결,갈등,0.5887223482131958,1
환자,질병,0.6447532773017883,1
훈련,교육,0.6947369575500488,2
흐름,질서,0.5799944400787354,1

Category,Count,average
사랑,3,0.6475672324498495
액션,2,0.8426291942596436
배신,2,0.7510697245597839
가족,1,1.0
기대,1,1.0
심리,1,0.7588332891464233
만화,1,0.7536719441413879
교육,1,0.6947369575500488
좀비,1,0.6801067590713501
후회,1,0.6602693200111389
질병,1,0.6447532773017883
개그,1,0.6434062123298645
음악,1,0.6411212086677551
전투,1,0.6404148936271667
도시,1,0.6346057057380676
수색,1,0.6269633769989014
모험,1,0.6051297187805176
과학,1,0.5985945463180542
폭력,1,0.5935072302818298
갈등,1,0.5887223482131958
희망,1,0.5827092528343201
부도덕,1,0.5815564393997192
범죄,1,0.5801150798797607
질서,1,0.5799944400787354
꿈,1,0.5610076785087585
신화,1,0.5608668327331543
추격,1,0.558393657207489
살인,1,0.5558342933654785
해적,1,0.5479298233985901
드라마,1,0.531794548034668
