Word,Category,Similarity,Frequency
-무,액션,1,3
감동,기쁨,0.6450744271278381,1
권력,권력,1,2
그림자,유령,0.5297560691833496,4
기억,사랑,0.6537694931030273,1
느낌,슬픔,0.6343626976013184,1
대결,갈등,0.5924415588378906,1
모양,인형,0.6405982375144958,1
사람,꿈,0.5610076785087585,1
시작,발견,0.534450113773346,2
신경전,갈등,0.5416640639305115,1
싸움,전투,0.6696678996086121,1
어둠,절망,0.694835364818573,1
영웅,신화,0.649358868598938,3
영자,탐정,0.5136799216270447,3
영화,만화,0.7536719441413879,9
재미,모험,0.6051297187805176,1
적국,군사,0.6257956027984619,1
줄거리,드라마,0.531794548034668,1
치명상,상처,0.5564205050468445,1

Category,Count,average
갈등,2,0.567052811384201
액션,1,1.0
권력,1,1.0
만화,1,0.7536719441413879
절망,1,0.694835364818573
전투,1,0.6696678996086121
사랑,1,0.6537694931030273
신화,1,0.649358868598938
기쁨,1,0.6450744271278381
인형,1,0.6405982375144958
슬픔,1,0.6343626976013184
군사,1,0.6257956027984619
모험,1,0.6051297187805176
꿈,1,0.5610076785087585
상처,1,0.5564205050468445
발견,1,0.534450113773346
드라마,1,0.531794548034668
유령,1,0.5297560691833496
탐정,1,0.5136799216270447
