Word,Category,Similarity,Frequency
가톨릭,종교,0.5992807149887085,1
결핍,상실,0.6430530548095703,2
권력,권력,1,1
기타,음악,0.5873071551322937,1
납치,살인,0.6689104437828064,1
달타냥,도둑,0.5800089240074158,1
대결,갈등,0.5924415588378906,1
대립,갈등,0.8246769905090332,1
댓글,후회,0.505795419216156,1
미션,액션,0.6060617566108704,1
방문,여행,0.5841829180717468,1
삼총사,뮤지컬,0.554417610168457,2
시작,발견,0.534450113773346,1
실패,후회,0.6084508299827576,1
아들,가족,0.5667959451675415,1
영화,만화,0.7536719441413879,4
원작,만화,0.7227425575256348,1
은퇴,미래,0.5451258420944214,1
전쟁,전쟁,1,1
제작국,방송,0.6784050464630127,1
줄거리,드라마,0.531794548034668,1
총사,해적,0.6600728034973145,1
출연,방송,0.659591019153595,1
충격,충격,1,1

Category,Count,average
만화,2,0.7382072508335114
갈등,2,0.7085592746734619
방송,2,0.6689980328083038
후회,2,0.5571231245994568
권력,1,1.0
전쟁,1,1.0
충격,1,1.0
살인,1,0.6689104437828064
해적,1,0.6600728034973145
상실,1,0.6430530548095703
액션,1,0.6060617566108704
종교,1,0.5992807149887085
음악,1,0.5873071551322937
여행,1,0.5841829180717468
도둑,1,0.5800089240074158
가족,1,0.5667959451675415
뮤지컬,1,0.554417610168457
미래,1,0.5451258420944214
발견,1,0.534450113773346
드라마,1,0.531794548034668
