Word,Category,Similarity,Frequency
감지,발견,0.5597200989723206,1
교도소,감옥,0.6448109149932861,1
교수,윤리,0.563416063785553,1
금발,마법,0.610371470451355,1
기타,음악,0.5873071551322937,1
댓글,후회,0.505795419216156,1
마녀,유령,0.7514040470123291,2
미달,기대,0.5363534092903137,1
방문,여행,0.5841829180717468,1
부덕,의리,0.6219189763069153,1
분수,춤,0.6253907084465027,1
사건,살인,0.7159186005592346,1
사악,유쾌,0.588767945766449,1
살인자,도둑,0.5604517459869385,1
심사,교육,0.5537958741188049,1
악귀,살인,0.6600191593170166,2
얌전,유쾌,0.5084940791130066,1
어둠,절망,0.694835364818573,1
영화,만화,0.7536719441413879,4
일자리,희망,0.5018449425697327,1
자격,상실,0.5623282790184021,1
저주,살인,0.6187702417373657,2
제작국,방송,0.6784050464630127,1
좀비,좀비,1,1
줄거리,드라마,0.531794548034668,1
지옥,감옥,0.6124275922775269,1
출동,수색,0.5925505757331848,1
출소,이별,0.5374647378921509,1
출연,방송,0.659591019153595,1
충격,충격,1,1
킬러,괴물,0.6982237100601196,1

Category,Count,average
살인,3,0.6649026672045389
방송,2,0.6689980328083038
감옥,2,0.6286192536354065
유쾌,2,0.5486310124397278
좀비,1,1.0
충격,1,1.0
만화,1,0.7536719441413879
유령,1,0.7514040470123291
괴물,1,0.6982237100601196
절망,1,0.694835364818573
춤,1,0.6253907084465027
의리,1,0.6219189763069153
마법,1,0.610371470451355
수색,1,0.5925505757331848
음악,1,0.5873071551322937
여행,1,0.5841829180717468
윤리,1,0.563416063785553
상실,1,0.5623282790184021
도둑,1,0.5604517459869385
발견,1,0.5597200989723206
교육,1,0.5537958741188049
이별,1,0.5374647378921509
기대,1,0.5363534092903137
드라마,1,0.531794548034668
후회,1,0.505795419216156
희망,1,0.5018449425697327
