Word,Category,Similarity,Frequency
기타,음악,0.5873071551322937,1
길목,설원,0.5156900882720947,1
대결,갈등,0.5924415588378906,1
댓글,후회,0.505795419216156,1
방문,여행,0.5841829180717468,1
승려,종교,0.5267084240913391,1
시작,발견,0.534450113773346,1
영화,만화,0.7536719441413879,4
전투,전투,1,1
제작국,방송,0.6784050464630127,1
줄거리,드라마,0.531794548034668,1
출연,방송,0.659591019153595,1
혈전,절망,0.5367928743362427,1

Category,Count,average
방송,2,0.6689980328083038
전투,1,1.0
만화,1,0.7536719441413879
갈등,1,0.5924415588378906
음악,1,0.5873071551322937
여행,1,0.5841829180717468
절망,1,0.5367928743362427
발견,1,0.534450113773346
드라마,1,0.531794548034668
종교,1,0.5267084240913391
설원,1,0.5156900882720947
후회,1,0.505795419216156
