Word,Category,Similarity,Frequency
간접,교육,0.5171768665313721,1
감성,심리,0.6301533579826355,1
광고,방송,0.6559303998947144,1
기대,기대,1,1
느낌,슬픔,0.6343626976013184,1
댓글,후회,0.505795419216156,1
마음,기쁨,0.6783162951469421,1
모양,인형,0.6405982375144958,1
사건,살인,0.7159186005592346,1
사람,꿈,0.5610076785087585,1
새드,액션,0.6351451277732849,1
소설,만화,0.8215566873550415,2
소울메이트,로맨스,0.5167174339294434,1
시골,시골,1,4
신비,기쁨,0.6222472786903381,1
심플,복고,0.5281141996383667,1
애니메이션,만화,0.68199223279953,3
영화,만화,0.7536719441413879,3
원작,만화,0.7227425575256348,1
이웃,가족,0.6304181218147278,2
정확,의심,0.5156928300857544,1
줄거리,드라마,0.531794548034668,1
짜증,불안,0.627656877040863,1
프로젝터,컴퓨터,0.5171160101890564,1
해피엔딩,로맨스,0.6157752275466919,1
행복,기쁨,0.7726561427116394,1
힐링,정글,0.5479092597961426,1

Category,Count,average
만화,4,0.7449908554553986
기쁨,3,0.6910732388496399
로맨스,2,0.5662463307380676
기대,1,1.0
시골,1,1.0
살인,1,0.7159186005592346
방송,1,0.6559303998947144
인형,1,0.6405982375144958
액션,1,0.6351451277732849
슬픔,1,0.6343626976013184
가족,1,0.6304181218147278
심리,1,0.6301533579826355
불안,1,0.627656877040863
꿈,1,0.5610076785087585
정글,1,0.5479092597961426
드라마,1,0.531794548034668
복고,1,0.5281141996383667
교육,1,0.5171768665313721
컴퓨터,1,0.5171160101890564
의심,1,0.5156928300857544
후회,1,0.505795419216156
