Word,Category,Similarity,Frequency
무단,폭력,0.5057473182678223,2
사진,미술,0.5546669960021973,2
식당,음식,0.6759225726127625,1
제한,상실,0.636760413646698,1

Category,Count,average
음식,1,0.6759225726127625
상실,1,0.636760413646698
미술,1,0.5546669960021973
폭력,1,0.5057473182678223
