Word,Category,Similarity,Frequency
관람,여행,0.5587009191513062,1
국가,경제,0.7089344263076782,1
도술,마법,0.5730981230735779,1
도착,여행,0.6466491222381592,1
무덤,신화,0.5744480490684509,2
발견,발견,1,1
액션,액션,1,1
어부,해적,0.6063424944877625,1
영화,만화,0.7536719441413879,3
요괴,좀비,0.6535662412643433,1
장르,음악,0.7329081892967224,1
줄거리,드라마,0.531794548034668,1
짬뽕,괴담,0.5525099039077759,1
출연,방송,0.659591019153595,1
탐욕,욕망,0.6861580610275269,1

Category,Count,average
여행,2,0.6026750206947327
발견,1,1.0
액션,1,1.0
만화,1,0.7536719441413879
음악,1,0.7329081892967224
경제,1,0.7089344263076782
욕망,1,0.6861580610275269
방송,1,0.659591019153595
좀비,1,0.6535662412643433
해적,1,0.6063424944877625
신화,1,0.5744480490684509
마법,1,0.5730981230735779
괴담,1,0.5525099039077759
드라마,1,0.531794548034668
