Word,Category,Similarity,Frequency
검색,여행,0.6249870657920837,1
통합,교육,0.6034629344940186,1

Category,Count,average
여행,1,0.6249870657920837
교육,1,0.6034629344940186
