Word,Category,Similarity,Frequency
가능,여행,0.6136982440948486,1
가족,가족,1,3
감상자,심리,0.5284456610679626,2
계획,여행,0.6060113906860352,1
교수,윤리,0.563416063785553,3
그로테스크,판타지,0.5354764461517334,1
긍정,희망,0.608379602432251,1
기분,유쾌,0.6678951382637024,1
내연,전기,0.6273136138916016,1
동성애,시민운동,0.5410732626914978,1
말기,멸망,0.6098299622535706,1
바늘,동물,0.5620018839836121,1
변화,성장,0.7235260605812073,1
사람,꿈,0.5610076785087585,2
사랑,사랑,1,1
수업,교육,0.711469292640686,1
술집,유령,0.5887368321418762,1
슬픔,슬픔,1,1
시계,미술,0.6200137138366699,1
시작,발견,0.534450113773346,1
아내,가족,0.582758903503418,4
애인,연애,0.6649367809295654,1
여행,여행,1,1
영화,만화,0.7536719441413879,2
예의,의리,0.5226932168006897,1
웃음,개그,0.6434062123298645,1
위로,바다,0.5024420619010925,1
전통,음식,0.6568764448165894,1
죽음,고독,0.6896678805351257,2
치료,질병,0.7063292264938354,2
판정,의심,0.5116661787033081,1
폐암,질병,0.6576868295669556,1
표본,발견,0.5174914002418518,1
학생,학교,0.7100017070770264,1
행복,기쁨,0.7726561427116394,1
협박,폭력,0.6928228735923767,1

Category,Count,average
여행,3,0.7399032115936279
가족,2,0.791379451751709
질병,2,0.6820080280303955
발견,2,0.5259707570075989
사랑,1,1.0
슬픔,1,1.0
기쁨,1,0.7726561427116394
만화,1,0.7536719441413879
성장,1,0.7235260605812073
교육,1,0.711469292640686
학교,1,0.7100017070770264
폭력,1,0.6928228735923767
고독,1,0.6896678805351257
유쾌,1,0.6678951382637024
연애,1,0.6649367809295654
음식,1,0.6568764448165894
개그,1,0.6434062123298645
전기,1,0.6273136138916016
미술,1,0.6200137138366699
멸망,1,0.6098299622535706
희망,1,0.608379602432251
유령,1,0.5887368321418762
윤리,1,0.563416063785553
동물,1,0.5620018839836121
꿈,1,0.5610076785087585
시민운동,1,0.5410732626914978
판타지,1,0.5354764461517334
심리,1,0.5284456610679626
의리,1,0.5226932168006897
의심,1,0.5116661787033081
바다,1,0.5024420619010925
