Word,Category,Similarity,Frequency
공격,전투,0.6404148936271667,1
괴생명체,괴물,0.591654360294342,1
괴수,괴물,0.711188793182373,1
기타,음악,0.5873071551322937,1
눈밭,설원,0.5864757895469666,1
댓글,후회,0.505795419216156,1
동물,동물,1,1
마음,기쁨,0.6783162951469421,2
마취,의료,0.5537869930267334,2
방문,여행,0.5841829180717468,1
부녀,가족,0.6044618487358093,1
사람,꿈,0.5610076785087585,2
산사태,재난,0.5515721440315247,1
생물,동물,0.7907639741897583,1
영화,만화,0.7536719441413879,4
제작국,방송,0.6784050464630127,1
줄거리,드라마,0.531794548034668,1
처치,전투,0.5220757722854614,1
추격,추격,1,1
출연,방송,0.659591019153595,1
탈주,살인,0.5844007730484009,1
희생,희생,1,1

Category,Count,average
동물,2,0.8953819870948792
방송,2,0.6689980328083038
괴물,2,0.6514215767383575
전투,2,0.5812453329563141
추격,1,1.0
희생,1,1.0
만화,1,0.7536719441413879
기쁨,1,0.6783162951469421
가족,1,0.6044618487358093
음악,1,0.5873071551322937
설원,1,0.5864757895469666
살인,1,0.5844007730484009
여행,1,0.5841829180717468
꿈,1,0.5610076785087585
의료,1,0.5537869930267334
재난,1,0.5515721440315247
드라마,1,0.531794548034668
후회,1,0.505795419216156
