Word,Category,Similarity,Frequency
기억,사랑,0.6537694931030273,1
기타,음악,0.5873071551322937,1
눈길,동정,0.5653472542762756,1
대리전,음모론,0.5238293409347534,1
댓글,후회,0.505795419216156,1
모습,꿈,0.5368646383285522,1
미래,미래,1,1
방문,여행,0.5841829180717468,1
베개,가족,0.6249520778656006,1
성장,성장,1,1
세계,경제,0.6071235537528992,1
시리즈,만화,0.5106303691864014,1
영화,만화,0.7536719441413879,4
전사,전투,0.5905117392539978,1
전쟁,전쟁,1,1
전투,전투,1,1
제작국,방송,0.6784050464630127,1
줄거리,드라마,0.531794548034668,1
출연,방송,0.659591019153595,1
크롤러,액션,0.5009453892707825,1
투입,추격,0.5248116850852966,1
파일럿,드라마,0.5027030110359192,3
평화,평등,0.671115517616272,1
피로,고통,0.56242835521698,1
훈련,교육,0.6947369575500488,1

Category,Count,average
전투,2,0.7952558696269989
방송,2,0.6689980328083038
만화,2,0.6321511566638947
드라마,2,0.5172487795352936
미래,1,1.0
성장,1,1.0
전쟁,1,1.0
교육,1,0.6947369575500488
평등,1,0.671115517616272
사랑,1,0.6537694931030273
가족,1,0.6249520778656006
경제,1,0.6071235537528992
음악,1,0.5873071551322937
여행,1,0.5841829180717468
동정,1,0.5653472542762756
고통,1,0.56242835521698
꿈,1,0.5368646383285522
추격,1,0.5248116850852966
음모론,1,0.5238293409347534
후회,1,0.505795419216156
액션,1,0.5009453892707825
