Word,Category,Similarity,Frequency
공포,공포,1,11
광고,방송,0.6559303998947144,1
국가,경제,0.7089344263076782,1
만화,만화,1,1
미스터리,미스터리,1,1
스릴러,스릴러,1,1
습관,철학,0.6081326007843018,1
영화,만화,0.7536719441413879,17
장르,음악,0.7329081892967224,1
짜증,불안,0.627656877040863,1
코미디,코미디,1,1

Category,Count,average
만화,2,0.876835972070694
공포,1,1.0
미스터리,1,1.0
스릴러,1,1.0
코미디,1,1.0
음악,1,0.7329081892967224
경제,1,0.7089344263076782
방송,1,0.6559303998947144
불안,1,0.627656877040863
철학,1,0.6081326007843018
