Word,Category,Similarity,Frequency
가족,가족,1,2
관람,여행,0.5587009191513062,1
국가,경제,0.7089344263076782,1
남자,사랑,0.5456969141960144,1
납치,살인,0.6689104437828064,1
내부자,범죄,0.5989553928375244,1
드라마,드라마,1,1
반역자,배신,0.5672177672386169,1
배급,교육,0.5531435608863831,1
아내,가족,0.582758903503418,1
아들,가족,0.5667959451675415,1
액션,액션,1,1
어부,해적,0.6063424944877625,1
여정,이별,0.6358245611190796,1
영화,만화,0.7536719441413879,2
위험,불안,0.6922099590301514,1
음모,음모,1,1
장르,음악,0.7329081892967224,1
재미,모험,0.6051297187805176,1
전사,전투,0.5905117392539978,1
줄거리,드라마,0.531794548034668,1
출연,방송,0.659591019153595,1
판타지,판타지,1,1

Category,Count,average
가족,3,0.7165182828903198
드라마,2,0.765897274017334
액션,1,1.0
음모,1,1.0
판타지,1,1.0
만화,1,0.7536719441413879
음악,1,0.7329081892967224
경제,1,0.7089344263076782
불안,1,0.6922099590301514
살인,1,0.6689104437828064
방송,1,0.659591019153595
이별,1,0.6358245611190796
해적,1,0.6063424944877625
모험,1,0.6051297187805176
범죄,1,0.5989553928375244
전투,1,0.5905117392539978
배신,1,0.5672177672386169
여행,1,0.5587009191513062
교육,1,0.5531435608863831
사랑,1,0.5456969141960144
