Word,Category,Similarity,Frequency
감동,기쁨,0.6450744271278381,1
공연,음악,0.7031762599945068,1
과정,교육,0.6268183588981628,1
관람,여행,0.5587009191513062,1
기대,기대,1,1
기억,사랑,0.6537694931030273,2
다큐멘터리,다큐멘터리,1,1
땀방울,기쁨,0.5406385660171509,1
마음,기쁨,0.6783162951469421,2
매력,열정,0.6489761471748352,1
부스,인형,0.5842044353485107,1
사람,꿈,0.5610076785087585,1
사진,미술,0.5546669960021973,1
생각,후회,0.6602693200111389,1
실황,음악,0.6211564540863037,1
여정,이별,0.6358245611190796,1
영화,만화,0.7536719441413879,12
영화관,드라마,0.5831791758537292,1
인터뷰,다큐멘터리,0.5540832281112671,1
장르,음악,0.7329081892967224,1
정보,교통,0.6121577620506287,2
제공,여행,0.6024255156517029,1
출연,방송,0.659591019153595,1
콘서트,뮤지컬,0.5832942724227905,4
티켓,여행,0.6218228340148926,2
환영,희망,0.5663730502128601,1

Category,Count,average
음악,3,0.685746967792511
기쁨,3,0.6213430960973104
여행,3,0.5943164229393005
다큐멘터리,2,0.7770416140556335
기대,1,1.0
만화,1,0.7536719441413879
후회,1,0.6602693200111389
방송,1,0.659591019153595
사랑,1,0.6537694931030273
열정,1,0.6489761471748352
이별,1,0.6358245611190796
교육,1,0.6268183588981628
교통,1,0.6121577620506287
인형,1,0.5842044353485107
뮤지컬,1,0.5832942724227905
드라마,1,0.5831791758537292
희망,1,0.5663730502128601
꿈,1,0.5610076785087585
미술,1,0.5546669960021973
