Word,Category,Similarity,Frequency
거대,괴물,0.5640032887458801,1
과격,폭력,0.6488479971885681,1
기대,기대,1,1
베테랑,탐정,0.5211659669876099,1
수사,범죄,0.673683226108551,1
영화,만화,0.7536719441413879,3
예고편,드라마,0.5787103772163391,1
음모,음모,1,1
작전,전투,0.6892815232276917,1
추천,여행,0.5768113136291504,1
콤비,개그,0.587888240814209,1

Category,Count,average
기대,1,1.0
음모,1,1.0
만화,1,0.7536719441413879
전투,1,0.6892815232276917
범죄,1,0.673683226108551
폭력,1,0.6488479971885681
개그,1,0.587888240814209
드라마,1,0.5787103772163391
여행,1,0.5768113136291504
괴물,1,0.5640032887458801
탐정,1,0.5211659669876099
