Word,Category,Similarity,Frequency
결점,상처,0.5049402117729187,1
기타,음악,0.5873071551322937,1
꼬꼬,정글,0.5388485789299011,1
댓글,후회,0.505795419216156,1
마법,마법,1,3
문어,괴물,0.5492439270019531,1
방문,여행,0.5841829180717468,1
부적,꿈,0.5368970036506653,4
소원,사랑,0.6399070620536804,1
습관,철학,0.6081326007843018,1
시작,발견,0.534450113773346,1
실력,춤,0.5194166302680969,1
엄마,사랑,0.5908297300338745,1
여자,사랑,0.5380519032478333,1
영화,만화,0.7536719441413879,4
외계인,외계인,1,1
작전,전투,0.6892815232276917,2
전화,대화,0.5852361917495728,1
정복,탐험,0.6582491397857666,1
제작국,방송,0.6784050464630127,1
줄거리,드라마,0.531794548034668,1
지구,우주,0.7121323943138123,3
출연,방송,0.659591019153595,1
치킨,좀비,0.5944420695304871,1

Category,Count,average
사랑,3,0.5895962317784628
방송,2,0.6689980328083038
마법,1,1.0
외계인,1,1.0
만화,1,0.7536719441413879
우주,1,0.7121323943138123
전투,1,0.6892815232276917
탐험,1,0.6582491397857666
철학,1,0.6081326007843018
좀비,1,0.5944420695304871
음악,1,0.5873071551322937
대화,1,0.5852361917495728
여행,1,0.5841829180717468
괴물,1,0.5492439270019531
정글,1,0.5388485789299011
꿈,1,0.5368970036506653
발견,1,0.534450113773346
드라마,1,0.531794548034668
춤,1,0.5194166302680969
후회,1,0.505795419216156
상처,1,0.5049402117729187
