Word,Category,Similarity,Frequency
구조,환경,0.6101574897766113,1
기차,교통,0.6118013858795166,1
깨알,개그,0.5848792195320129,1
논리,철학,0.5892475247383118,1
도시,도시,1,1
도착,여행,0.6466491222381592,1
사람,꿈,0.5610076785087585,1
사진,미술,0.5546669960021973,1
상상,욕망,0.6180667877197266,1
생각,후회,0.6602693200111389,1
영화,만화,0.7536719441413879,5
자녀,가족,0.7003896832466125,1
자연,환경,0.6941760182380676,1
재미,모험,0.6051297187805176,1
추천,여행,0.5768113136291504,1

Category,Count,average
환경,2,0.6521667540073395
여행,2,0.6117302179336548
도시,1,1.0
만화,1,0.7536719441413879
가족,1,0.7003896832466125
후회,1,0.6602693200111389
욕망,1,0.6180667877197266
교통,1,0.6118013858795166
모험,1,0.6051297187805176
철학,1,0.5892475247383118
개그,1,0.5848792195320129
꿈,1,0.5610076785087585
미술,1,0.5546669960021973
