Word,Category,Similarity,Frequency
기억,사랑,0.6537694931030273,1
레이싱,스포츠,0.6553410887718201,1
소란,폭력,0.6053000092506409,2
식상,의리,0.5438627004623413,1
엄마,사랑,0.5908297300338745,1
여행,여행,1,1
영화,만화,0.7536719441413879,2
이름,신화,0.5608668327331543,1
장면,액션,0.5999083518981934,1
줄거리,드라마,0.531794548034668,1
후회,후회,1,1

Category,Count,average
사랑,2,0.6222996115684509
여행,1,1.0
후회,1,1.0
만화,1,0.7536719441413879
스포츠,1,0.6553410887718201
폭력,1,0.6053000092506409
액션,1,0.5999083518981934
신화,1,0.5608668327331543
의리,1,0.5438627004623413
드라마,1,0.531794548034668
