Word,Category,Similarity,Frequency
감상,음악,0.6411212086677551,2
광고,방송,0.6559303998947144,2
교수,윤리,0.563416063785553,4
남자,사랑,0.5456969141960144,2
댓글,후회,0.505795419216156,2
도착,여행,0.6466491222381592,1
드라마,드라마,1,2
러브,액션,0.6233081817626953,1
로맨스,로맨스,1,3
마음,기쁨,0.6783162951469421,1
발언,대화,0.537577211856842,1
사람,꿈,0.5610076785087585,1
사랑,사랑,1,1
삭제,의심,0.5076044797897339,1
소설,만화,0.8215566873550415,1
아내,가족,0.582758903503418,1
안부,대화,0.6139237284660339,1
애니,만화,0.7641763091087341,1
여자,사랑,0.5380519032478333,2
영화,만화,0.7536719441413879,10
욕설,폭력,0.6747787594795227,1
장르,음악,0.7329081892967224,1
장애,질병,0.7015629410743713,1
재미,모험,0.6051297187805176,1
졸음,공포,0.5716024041175842,2
줄거리,드라마,0.531794548034668,2
차단,의심,0.5930317640304565,1
천문학,과학,0.614375114440918,3
출연,방송,0.659591019153595,1
통화,경제,0.6143816113471985,1
특징,환경,0.5862691402435303,1
편지,꿈,0.625590443611145,2
학위,교육,0.6049222946166992,1
화상,의료,0.6069163680076599,1
환영,희망,0.5663730502128601,1

Category,Count,average
만화,3,0.7798016468683878
사랑,3,0.6945829391479492
드라마,2,0.765897274017334
음악,2,0.6870146989822388
방송,2,0.6577607095241547
꿈,2,0.5932990610599518
대화,2,0.575750470161438
의심,2,0.5503181219100952
로맨스,1,1.0
질병,1,0.7015629410743713
기쁨,1,0.6783162951469421
폭력,1,0.6747787594795227
여행,1,0.6466491222381592
액션,1,0.6233081817626953
경제,1,0.6143816113471985
과학,1,0.614375114440918
의료,1,0.6069163680076599
모험,1,0.6051297187805176
교육,1,0.6049222946166992
환경,1,0.5862691402435303
가족,1,0.582758903503418
공포,1,0.5716024041175842
희망,1,0.5663730502128601
윤리,1,0.563416063785553
후회,1,0.505795419216156
