Word,Category,Similarity,Frequency
가슴,상처,0.6098507642745972,1
강도,저항,0.6040131449699402,1
거대,괴물,0.5640032887458801,1
검색,여행,0.6249870657920837,1
과도,권력,0.5410835146903992,1
괴수,괴물,0.711188793182373,3
난사,폭력,0.5636513829231262,1
느낌,슬픔,0.6343626976013184,2
당국,군사,0.5687816739082336,1
러브레터,드라마,0.6174168586730957,1
문제점,사회문제,0.5382509231567383,1
발생,혼란,0.6102904081344604,1
버릇,괴담,0.5234306454658508,1
복제,동물,0.5838690400123596,1
분야,과학,0.6800429821014404,1
분출,충격,0.5524009466171265,1
사랑,사랑,1,1
사전,교육,0.5635393261909485,1
사회,경제,0.8096231818199158,1
상상,욕망,0.6180667877197266,1
생각,후회,0.6602693200111389,7
속담,음식,0.5821081399917603,1
영화,만화,0.7536719441413879,10
옛날,시골,0.5727385878562927,1
원작,만화,0.7227425575256348,3
정보,교통,0.6121577620506287,3
제한,상실,0.636760413646698,1
존중,평등,0.623870849609375,1
표현,대화,0.5644240975379944,1
풍자,정치,0.6569647192955017,1
해석,심리,0.5405862331390381,2
흉내,내면,0.5602818131446838,1
흐름,질서,0.5799944400787354,1

Category,Count,average
만화,2,0.7382072508335114
괴물,2,0.6375960409641266
사랑,1,1.0
경제,1,0.8096231818199158
과학,1,0.6800429821014404
후회,1,0.6602693200111389
정치,1,0.6569647192955017
상실,1,0.636760413646698
슬픔,1,0.6343626976013184
여행,1,0.6249870657920837
평등,1,0.623870849609375
욕망,1,0.6180667877197266
드라마,1,0.6174168586730957
교통,1,0.6121577620506287
혼란,1,0.6102904081344604
상처,1,0.6098507642745972
저항,1,0.6040131449699402
동물,1,0.5838690400123596
음식,1,0.5821081399917603
질서,1,0.5799944400787354
시골,1,0.5727385878562927
군사,1,0.5687816739082336
대화,1,0.5644240975379944
폭력,1,0.5636513829231262
교육,1,0.5635393261909485
내면,1,0.5602818131446838
충격,1,0.5524009466171265
권력,1,0.5410835146903992
심리,1,0.5405862331390381
사회문제,1,0.5382509231567383
괴담,1,0.5234306454658508
