Word,Category,Similarity,Frequency
관람,여행,0.5587009191513062,2
괴롭힘,죄책감,0.5694694519042969,1
국가,경제,0.7089344263076782,1
기대,기대,1,4
기대감,기대,0.6246221661567688,1
도착,여행,0.6466491222381592,1
동화책,만화,0.5084381103515625,1
뚜껑,용기,0.6211519241333008,1
마녀,유령,0.7514040470123291,2
마법,마법,1,3
마법사,판타지,0.5302509665489197,4
마음,기쁨,0.6783162951469421,1
먹거리,음식,0.5923094749450684,1
모습,꿈,0.5368646383285522,4
모험,모험,1,2
미안,후회,0.5432184934616089,1
상황,혼란,0.6442916989326477,1
생각,후회,0.6602693200111389,1
생쥐,동물,0.7270085215568542,4
시작,발견,0.534450113773346,2
실사,만화,0.575007438659668,2
실상,미래,0.5008105039596558,1
실화,공포,0.6056075096130371,1
애니메이션,만화,0.68199223279953,4
여행,여행,1,1
영화,만화,0.7536719441413879,13
예고편,드라마,0.5787103772163391,2
왕궁,감옥,0.560764729976654,3
왕자,도둑,0.5981267690658569,2
위험,불안,0.6922099590301514,1
장르,음악,0.7329081892967224,1
정보,교통,0.6121577620506287,1
제작진,드라마,0.5286853313446045,2
참여,기대,0.5516729950904846,2
판단,의심,0.5710378289222717,1
판타지,판타지,1,1
표현,대화,0.5644240975379944,1
행복,기쁨,0.7726561427116394,2

Category,Count,average
만화,4,0.6297774314880371
여행,3,0.7351166804631551
기대,3,0.7254317204157511
판타지,2,0.7651254832744598
기쁨,2,0.7254862189292908
후회,2,0.6017439067363739
드라마,2,0.5536978542804718
마법,1,1.0
모험,1,1.0
유령,1,0.7514040470123291
음악,1,0.7329081892967224
동물,1,0.7270085215568542
경제,1,0.7089344263076782
불안,1,0.6922099590301514
혼란,1,0.6442916989326477
용기,1,0.6211519241333008
교통,1,0.6121577620506287
공포,1,0.6056075096130371
도둑,1,0.5981267690658569
음식,1,0.5923094749450684
의심,1,0.5710378289222717
죄책감,1,0.5694694519042969
대화,1,0.5644240975379944
감옥,1,0.560764729976654
꿈,1,0.5368646383285522
발견,1,0.534450113773346
미래,1,0.5008105039596558
