Word,Category,Similarity,Frequency
가족,가족,1,1
갈등,갈등,1,1
과정,교육,0.6268183588981628,1
관람,여행,0.5587009191513062,1
국가,경제,0.7089344263076782,1
노동,경제,0.6806643605232239,1
드라마,드라마,1,1
미스터리,미스터리,1,1
배급,교육,0.5531435608863831,1
사람,꿈,0.5610076785087585,6
사랑,사랑,1,1
사이비,음모론,0.5071605443954468,1
세계,경제,0.6071235537528992,6
슬픔,슬픔,1,1
시골,시골,1,1
아들,가족,0.5667959451675415,7
어둠,절망,0.694835364818573,1
연출,액션,0.5377380847930908,1
영화,만화,0.7536719441413879,7
예고편,드라마,0.5787103772163391,1
원고,고문,0.537358820438385,1
의심,의심,1,1
이별,이별,1,1
장르,음악,0.7329081892967224,1
장면,액션,0.5999083518981934,1
정보,교통,0.6121577620506287,1
정착,성장,0.5926408767700195,1
죽음,고독,0.6896678805351257,3
줄거리,드라마,0.531794548034668,1
출연,방송,0.659591019153595,1
충돌,갈등,0.6331798434257507,1
탈북,범죄,0.5587766766548157,2
포교,종교,0.6003057360649109,1
활동,교육,0.6086112856864929,1

Category,Count,average
드라마,3,0.7035016417503357
경제,3,0.6655741135279337
교육,3,0.5961910684903463
갈등,2,0.8165899217128754
가족,2,0.7833979725837708
액션,2,0.5688232183456421
미스터리,1,1.0
사랑,1,1.0
슬픔,1,1.0
시골,1,1.0
의심,1,1.0
이별,1,1.0
만화,1,0.7536719441413879
음악,1,0.7329081892967224
절망,1,0.694835364818573
고독,1,0.6896678805351257
방송,1,0.659591019153595
교통,1,0.6121577620506287
종교,1,0.6003057360649109
성장,1,0.5926408767700195
꿈,1,0.5610076785087585
범죄,1,0.5587766766548157
여행,1,0.5587009191513062
고문,1,0.537358820438385
음모론,1,0.5071605443954468
