Word,Category,Similarity,Frequency
고독사,재난,0.5626275539398193,1
까메오,드라마,0.5299371480941772,1
리얼,액션,0.6809289455413818,1
미스터리,미스터리,1,1
세상,기쁨,0.6082786321640015,2
센터,의료,0.6881778836250305,1
실버,정글,0.5879717469215393,2
심부름,도둑,0.5386987924575806,1
영화,만화,0.7536719441413879,3
예고편,드라마,0.5787103772163391,1
욕구,욕망,0.741037905216217,1
위기,혼란,0.6975850462913513,1
자연,환경,0.6941760182380676,1
작정,기쁨,0.5546167492866516,1
청춘,사랑,0.612774670124054,1
추천,여행,0.5768113136291504,1
탁배,액션,1,1
택배,교통,0.5790067315101624,2
트립,음악,0.5021359920501709,1
특별,의료,0.5320938229560852,1
할배,도둑,0.6020063757896423,3

Category,Count,average
액션,2,0.8404644727706909
의료,2,0.6101358532905579
기쁨,2,0.5814476907253265
도둑,2,0.5703525841236115
드라마,2,0.5543237626552582
미스터리,1,1.0
만화,1,0.7536719441413879
욕망,1,0.741037905216217
혼란,1,0.6975850462913513
환경,1,0.6941760182380676
사랑,1,0.612774670124054
정글,1,0.5879717469215393
교통,1,0.5790067315101624
여행,1,0.5768113136291504
재난,1,0.5626275539398193
음악,1,0.5021359920501709
