Word,Category,Similarity,Frequency
감상,음악,0.6411212086677551,1
감흥,슬픔,0.63573157787323,1
검색,여행,0.6249870657920837,1
드라마,드라마,1,1
목표,성장,0.6552416682243347,1
뮤지컬,뮤지컬,1,1
상영,방송,0.6350025534629822,2
성인,교육,0.5841577649116516,1
아트,미술,0.6990192532539368,1
역사,철학,0.6869469285011292,1
영화,만화,0.7536719441413879,5
온라인,교육,0.5160459876060486,1
장소,여행,0.6031988263130188,1
저녁,음식,0.5039622187614441,1
전통,음식,0.6568764448165894,1
청소년,교육,0.5544909238815308,1
테크,교육,0.5480461120605469,1
토크,액션,0.5357427597045898,2
티켓,여행,0.6218228340148926,1
피플,정글,0.5488031506538391,1
현장,교육,0.5853086113929749,1

Category,Count,average
교육,5,0.5576098799705506
여행,3,0.6166695753733317
음식,2,0.5804193317890167
드라마,1,1.0
뮤지컬,1,1.0
만화,1,0.7536719441413879
미술,1,0.6990192532539368
철학,1,0.6869469285011292
성장,1,0.6552416682243347
음악,1,0.6411212086677551
슬픔,1,0.63573157787323
방송,1,0.6350025534629822
정글,1,0.5488031506538391
액션,1,0.5357427597045898
