Word,Category,Similarity,Frequency
공격,전투,0.6404148936271667,1
괴물,괴물,1,2
기타,음악,0.5873071551322937,1
단장,동정,0.5008994936943054,1
댓글,후회,0.505795419216156,1
도움,기대,0.5482439994812012,1
도착,여행,0.6466491222381592,1
발생,혼란,0.6102904081344604,1
방문,여행,0.5841829180717468,1
부인,가족,0.5428288578987122,1
사건,살인,0.7159186005592346,1
사회,경제,0.8096231818199158,1
살인자,도둑,0.5604517459869385,1
살해,살인,0.6861730217933655,1
소설,만화,0.8215566873550415,2
애니멀,서바이벌,0.5140047073364258,1
영화,만화,0.7536719441413879,4
오빠,연애,0.5599910020828247,1
임신,질병,0.5124660134315491,1
자매,가족,0.6219213008880615,5
작가,만화,0.6290877461433411,4
정체불명,외계인,0.5420896410942078,1
제작국,방송,0.6784050464630127,1
조련,춤,0.5902107954025269,1
줄거리,드라마,0.531794548034668,1
출연,방송,0.659591019153595,1
파피,정글,0.5291921496391296,2

Category,Count,average
만화,3,0.7347721258799235
살인,2,0.7010458111763
방송,2,0.6689980328083038
여행,2,0.615416020154953
가족,2,0.5823750793933868
괴물,1,1.0
경제,1,0.8096231818199158
전투,1,0.6404148936271667
혼란,1,0.6102904081344604
춤,1,0.5902107954025269
음악,1,0.5873071551322937
도둑,1,0.5604517459869385
연애,1,0.5599910020828247
기대,1,0.5482439994812012
외계인,1,0.5420896410942078
드라마,1,0.531794548034668
정글,1,0.5291921496391296
서바이벌,1,0.5140047073364258
질병,1,0.5124660134315491
후회,1,0.505795419216156
동정,1,0.5008994936943054
