Word,Category,Similarity,Frequency
거실,가족,0.6177316308021545,1
게임,만화,0.7299426198005676,1
꼬마,도둑,0.5964561700820923,1
느낌,슬픔,0.6343626976013184,1
데모,전투,0.5268520712852478,2
독특,춤,0.5334261655807495,1
라이벌,자존심,0.5227869749069214,1
마법,마법,1,12
마법사,판타지,0.5302509665489197,3
만화,만화,1,1
물약,마법,0.6875388622283936,11
배포,교육,0.5816227197647095,1
사고,의심,0.5630502700805664,1
사랑,사랑,1,1
상상,욕망,0.6180667877197266,1
생각,후회,0.6602693200111389,1
성공,성장,0.6859850287437439,2
소득,경제,0.648128092288971,1
소집,전투,0.5274675488471985,1
솜씨,춤,0.5051486492156982,1
시리즈,만화,0.5106303691864014,2
실사,만화,0.575007438659668,1
악당,좀비,0.6801067590713501,1
애니메이션,만화,0.68199223279953,3
여정,이별,0.6358245611190796,1
영화,만화,0.7536719441413879,7
오디션,뮤지컬,0.6122252941131592,1
온라인,교육,0.5160459876060486,1
웃음,개그,0.6434062123298645,1
유쾌,유쾌,1,1
음악,음악,1,5
음악가,음악,0.5680587291717529,1
재료,음식,0.697875440120697,1
제작,방송,0.6307950615882874,1
제작진,드라마,0.5286853313446045,1
즐거움,기쁨,0.6185970902442932,1
테마파크,가상현실,0.5188605189323425,1
특유,춤,0.5365961194038391,1
한탄,슬픔,0.6152825951576233,1

Category,Count,average
만화,6,0.7085407674312592
춤,3,0.5250569780667623
마법,2,0.8437694311141968
음악,2,0.7840293645858765
슬픔,2,0.6248226463794708
교육,2,0.548834353685379
전투,2,0.5271598100662231
사랑,1,1.0
유쾌,1,1.0
음식,1,0.697875440120697
성장,1,0.6859850287437439
좀비,1,0.6801067590713501
후회,1,0.6602693200111389
경제,1,0.648128092288971
개그,1,0.6434062123298645
이별,1,0.6358245611190796
방송,1,0.6307950615882874
기쁨,1,0.6185970902442932
욕망,1,0.6180667877197266
가족,1,0.6177316308021545
뮤지컬,1,0.6122252941131592
도둑,1,0.5964561700820923
의심,1,0.5630502700805664
판타지,1,0.5302509665489197
드라마,1,0.5286853313446045
자존심,1,0.5227869749069214
가상현실,1,0.5188605189323425
