Word,Category,Similarity,Frequency
공상,우주,0.6748765707015991,1
과학,과학,1,1
기술,농업,0.6986809968948364,1
기타,음악,0.5873071551322937,1
납치,살인,0.6689104437828064,1
댓글,후회,0.505795419216156,1
도움,기대,0.5482439994812012,1
라즈,정글,0.5557010173797607,1
발견,발견,1,2
발전,성장,0.7311267852783203,1
방문,여행,0.5841829180717468,1
부대,군대,0.6763806939125061,1
생명체,동물,0.5420880317687988,1
성공,성장,0.6859850287437439,1
시작,발견,0.534450113773346,1
영화,만화,0.7536719441413879,4
외계,우주,0.6573302745819092,3
외계인,외계인,1,1
우주여행,우주,0.6314512491226196,1
전쟁,전쟁,1,1
제작국,방송,0.6784050464630127,1
줄거리,드라마,0.531794548034668,1
지구,우주,0.7121323943138123,2
출연,방송,0.659591019153595,1
충격,충격,1,1
침공,전쟁,0.7090089917182922,1
탐사,해양,0.7014874815940857,1
프로그램,교육,0.6089324355125427,1
행성,우주,0.7238700985908508,1

Category,Count,average
우주,5,0.6799321174621582
전쟁,2,0.8545044958591461
발견,2,0.767225056886673
성장,2,0.7085559070110321
방송,2,0.6689980328083038
과학,1,1.0
외계인,1,1.0
충격,1,1.0
만화,1,0.7536719441413879
해양,1,0.7014874815940857
농업,1,0.6986809968948364
군대,1,0.6763806939125061
살인,1,0.6689104437828064
교육,1,0.6089324355125427
음악,1,0.5873071551322937
여행,1,0.5841829180717468
정글,1,0.5557010173797607
기대,1,0.5482439994812012
동물,1,0.5420880317687988
드라마,1,0.531794548034668
후회,1,0.505795419216156
