Word,Category,Similarity,Frequency
갈등,갈등,1,1
거리,도시,0.60332190990448,1
고립,불안,0.661411464214325,1
관람,여행,0.5587009191513062,1
국가,경제,0.7089344263076782,1
날씨,환경,0.6094790697097778,1
로프,액션,0.6495073437690735,1
반목,갈등,0.7005729079246521,1
부인,가족,0.5428288578987122,2
비장,질병,0.538788378238678,1
빙산,바다,0.6235929727554321,3
빙하,해양,0.6379818916320801,1
살인,살인,1,1
상황,혼란,0.6442916989326477,2
생각,후회,0.6602693200111389,2
선체,수색,0.6016455292701721,1
성공,성장,0.6859850287437439,1
스펙터클,코미디,0.5635918378829956,3
실화,공포,0.6056075096130371,2
아들,가족,0.5667959451675415,1
액션,액션,1,1
엔진,전기,0.573421835899353,1
영화,만화,0.7536719441413879,14
음악,음악,1,1
장르,음악,0.7329081892967224,1
정보,교통,0.6121577620506287,2
제작,방송,0.6307950615882874,1
줄거리,드라마,0.531794548034668,1
추천,여행,0.5768113136291504,1
출산,교육,0.600229024887085,1
충격,충격,1,1
충돌,갈등,0.6331798434257507,1
파편,상처,0.570022463798523,1
포옹,이별,0.6516401767730713,1
해빙,설원,0.5695464611053467,1
효과,기대,0.5692968964576721,1

Category,Count,average
갈등,3,0.7779175837834676
음악,2,0.8664540946483612
액션,2,0.8247536718845367
여행,2,0.5677561163902283
가족,2,0.5548124015331268
살인,1,1.0
충격,1,1.0
만화,1,0.7536719441413879
경제,1,0.7089344263076782
성장,1,0.6859850287437439
불안,1,0.661411464214325
후회,1,0.6602693200111389
이별,1,0.6516401767730713
혼란,1,0.6442916989326477
해양,1,0.6379818916320801
방송,1,0.6307950615882874
바다,1,0.6235929727554321
교통,1,0.6121577620506287
환경,1,0.6094790697097778
공포,1,0.6056075096130371
도시,1,0.60332190990448
수색,1,0.6016455292701721
교육,1,0.600229024887085
전기,1,0.573421835899353
상처,1,0.570022463798523
설원,1,0.5695464611053467
기대,1,0.5692968964576721
코미디,1,0.5635918378829956
질병,1,0.538788378238678
드라마,1,0.531794548034668
