Word,Category,Similarity,Frequency
19금,판타지,0.5272679924964905,2
극복,고통,0.6304678916931152,1
기억,사랑,0.6537694931030273,1
느낌,슬픔,0.6343626976013184,1
본능,욕망,0.7253124713897705,1
소란,폭력,0.6053000092506409,2
실험,과학,0.6881481409072876,1
약점,배신,0.5301685929298401,1
연극,미술,0.7502412796020508,1
영화,만화,0.7536719441413879,3
이름,신화,0.5608668327331543,1
재미,모험,0.6051297187805176,1
표출,분노,0.5903345346450806,1
후회,후회,1,1

Category,Count,average
후회,1,1.0
만화,1,0.7536719441413879
미술,1,0.7502412796020508
욕망,1,0.7253124713897705
과학,1,0.6881481409072876
사랑,1,0.6537694931030273
슬픔,1,0.6343626976013184
고통,1,0.6304678916931152
폭력,1,0.6053000092506409
모험,1,0.6051297187805176
분노,1,0.5903345346450806
신화,1,0.5608668327331543
배신,1,0.5301685929298401
판타지,1,0.5272679924964905
