Word,Category,Similarity,Frequency
가족,가족,1,1
고아원,학교,0.5324312448501587,1
공포,공포,1,3
교회,종교,0.6748078465461731,1
기억,사랑,0.6537694931030273,1
까메오,드라마,0.5299371480941772,1
느낌,슬픔,0.6343626976013184,1
도움,기대,0.5482439994812012,1
린스,액션,0.5176184773445129,2
모습,꿈,0.5368646383285522,5
발생,혼란,0.6102904081344604,1
방해,혼란,0.5498800277709961,1
빙의,마법,0.5283884406089783,3
사건,살인,0.7159186005592346,3
사고,의심,0.5630502700805664,1
사람,꿈,0.5610076785087585,2
사랑,사랑,1,1
사악,유쾌,0.588767945766449,1
사진,미술,0.5546669960021973,8
살해,살인,0.6861730217933655,1
상처,상처,1,1
생각,후회,0.6602693200111389,4
수락,대화,0.551040768623352,2
시리즈,만화,0.5106303691864014,1
시작,발견,0.534450113773346,2
아내,가족,0.582758903503418,1
아웃,액션,0.5564733147621155,2
악령,유령,0.6539614796638489,1
악마,괴물,0.7208051085472107,1
엑소시스트,스릴러,0.5744179487228394,1
영혼,슬픔,0.7210677266120911,2
영화,만화,0.7536719441413879,15
오류,의심,0.5889177322387695,1
이륙,충격,0.5014915466308594,1
인싸,액션,1,1
접촉,대화,0.5968011617660522,1
제작,방송,0.6307950615882874,2
좀비,좀비,1,1
줄거리,드라마,0.531794548034668,1
출연,방송,0.659591019153595,1
탄생,신화,0.5951989889144897,2
활용,교육,0.557722270488739,1

Category,Count,average
액션,3,0.6913639307022095
사랑,2,0.8268847465515137
가족,2,0.791379451751709
살인,2,0.7010458111763
슬픔,2,0.6777152121067047
방송,2,0.6451930403709412
만화,2,0.6321511566638947
혼란,2,0.5800852179527283
의심,2,0.575984001159668
대화,2,0.5739209651947021
꿈,2,0.5489361584186554
드라마,2,0.5308658480644226
공포,1,1.0
상처,1,1.0
좀비,1,1.0
괴물,1,0.7208051085472107
종교,1,0.6748078465461731
후회,1,0.6602693200111389
유령,1,0.6539614796638489
신화,1,0.5951989889144897
유쾌,1,0.588767945766449
스릴러,1,0.5744179487228394
교육,1,0.557722270488739
미술,1,0.5546669960021973
기대,1,0.5482439994812012
발견,1,0.534450113773346
학교,1,0.5324312448501587
마법,1,0.5283884406089783
충격,1,0.5014915466308594
