Word,Category,Similarity,Frequency
거장,미술,0.5483318567276001,1
과정,교육,0.6268183588981628,2
관심,기대,0.6249675154685974,1
기대,기대,1,1
날것,유쾌,0.528749942779541,1
다큐,다큐멘터리,0.6907773613929749,1
매력,열정,0.6489761471748352,1
모습,꿈,0.5368646383285522,1
사람,꿈,0.5610076785087585,3
생각,후회,0.6602693200111389,1
소설,만화,0.8215566873550415,1
시장,경제,0.6355687975883484,2
영화,만화,0.7536719441413879,8
인디,액션,0.6633222103118896,2
잡학,철학,0.6290813684463501,1
장편,만화,0.7140740752220154,1
제작,방송,0.6307950615882874,1
주류,정치,0.5847893953323364,1
질문,대화,0.5432519912719727,1
질주,추격,0.7034077644348145,1
짜증,불안,0.627656877040863,1
차별,평등,0.7053220272064209,1
촬영,방송,0.6484997272491455,1
패턴,심리,0.5403613448143005,1
피로,고통,0.56242835521698,1

Category,Count,average
만화,3,0.7631009022394816
기대,2,0.8124837577342987
방송,2,0.6396473944187164
꿈,2,0.5489361584186554
평등,1,0.7053220272064209
추격,1,0.7034077644348145
다큐멘터리,1,0.6907773613929749
액션,1,0.6633222103118896
후회,1,0.6602693200111389
열정,1,0.6489761471748352
경제,1,0.6355687975883484
철학,1,0.6290813684463501
불안,1,0.627656877040863
교육,1,0.6268183588981628
정치,1,0.5847893953323364
고통,1,0.56242835521698
미술,1,0.5483318567276001
대화,1,0.5432519912719727
심리,1,0.5403613448143005
유쾌,1,0.528749942779541
