Word,Category,Similarity,Frequency
경험,열정,0.6344258189201355,1
마음,기쁨,0.6783162951469421,1
사랑,사랑,1,4
생각,후회,0.6602693200111389,2
스쿨,교육,0.5606486797332764,1
의심,의심,1,1
일상,유쾌,0.5978867411613464,1
홈스쿨링,교육,0.5765421986579895,1

Category,Count,average
교육,2,0.5685954391956329
사랑,1,1.0
의심,1,1.0
기쁨,1,0.6783162951469421
후회,1,0.6602693200111389
열정,1,0.6344258189201355
유쾌,1,0.5978867411613464
