Word,Category,Similarity,Frequency
영화,만화,0.7536719441413879,1
중독,폭력,0.650359034538269,1

Category,Count,average
만화,1,0.7536719441413879
폭력,1,0.650359034538269
