Word,Category,Similarity,Frequency
고역,유쾌,0.5427601933479309,1
군상,고독,0.5473668575286865,1
노동,경제,0.6806643605232239,1
노력,헌신,0.6555296182632446,1
느낌,슬픔,0.6343626976013184,1
사람,꿈,0.5610076785087585,4
생각,후회,0.6602693200111389,1
손아귀,권력,0.5062328577041626,1
스포츠,스포츠,1,1
영화,만화,0.7536719441413879,8
정복,탐험,0.6582491397857666,1
조상,신화,0.5437793135643005,1
총독,군사,0.5308362245559692,2
축구팀,스포츠,0.5123740434646606,2
탄광,농업,0.6525191068649292,1
투자,경제,0.6519772410392761,2
평화,평등,0.671115517616272,1

Category,Count,average
스포츠,2,0.7561870217323303
경제,2,0.66632080078125
만화,1,0.7536719441413879
평등,1,0.671115517616272
후회,1,0.6602693200111389
탐험,1,0.6582491397857666
헌신,1,0.6555296182632446
농업,1,0.6525191068649292
슬픔,1,0.6343626976013184
꿈,1,0.5610076785087585
고독,1,0.5473668575286865
신화,1,0.5437793135643005
유쾌,1,0.5427601933479309
군사,1,0.5308362245559692
권력,1,0.5062328577041626
