Word,Category,Similarity,Frequency
극장판,드라마,0.5479550361633301,1
기타,음악,0.5873071551322937,1
닛타,만화,0.5057811141014099,1
댓글,후회,0.505795419216156,1
도사,법정,0.5338504910469055,1
마녀,유령,0.7514040470123291,1
미스터리,미스터리,1,1
발생,혼란,0.6102904081344604,1
방문,여행,0.5841829180717468,1
변장,인형,0.5359223484992981,1
사건,살인,0.7159186005592346,1
사람,꿈,0.5610076785087585,1
습격,반란,0.656060516834259,1
시작,발견,0.534450113773346,2
영화,만화,0.7536719441413879,4
의심,의심,1,1
제작국,방송,0.6784050464630127,1
줄거리,드라마,0.531794548034668,1
추리,탐정,0.6983305811882019,1
출연,방송,0.659591019153595,1

Category,Count,average
방송,2,0.6689980328083038
만화,2,0.6297265291213989
드라마,2,0.539874792098999
미스터리,1,1.0
의심,1,1.0
유령,1,0.7514040470123291
살인,1,0.7159186005592346
탐정,1,0.6983305811882019
반란,1,0.656060516834259
혼란,1,0.6102904081344604
음악,1,0.5873071551322937
여행,1,0.5841829180717468
꿈,1,0.5610076785087585
인형,1,0.5359223484992981
발견,1,0.534450113773346
법정,1,0.5338504910469055
후회,1,0.505795419216156
