Word,Category,Similarity,Frequency
가족,가족,1,1
갱단,해적,0.6509640216827393,2
기타,음악,0.5873071551322937,1
남편,가족,0.6233720779418945,2
납치,살인,0.6689104437828064,1
대결,갈등,0.5924415588378906,1
댓글,후회,0.505795419216156,1
방문,여행,0.5841829180717468,1
범죄,범죄,1,1
사랑,사랑,1,1
상상,욕망,0.6180667877197266,1
식인,괴물,0.5691968202590942,1
아내,가족,0.582758903503418,1
아들,가족,0.5667959451675415,3
영화,만화,0.7536719441413879,4
오빠,연애,0.5599910020828247,1
인사이드,코미디,0.5295332074165344,1
인질,도둑,0.5884345173835754,1
제작국,방송,0.6784050464630127,1
조직,군대,0.5703792572021484,1
줄거리,드라마,0.531794548034668,1
출연,방송,0.659591019153595,1
침입,멸망,0.5595712661743164,1
킬러,괴물,0.6982237100601196,2

Category,Count,average
가족,4,0.6932317316532135
방송,2,0.6689980328083038
괴물,2,0.6337102651596069
범죄,1,1.0
사랑,1,1.0
만화,1,0.7536719441413879
살인,1,0.6689104437828064
해적,1,0.6509640216827393
욕망,1,0.6180667877197266
갈등,1,0.5924415588378906
도둑,1,0.5884345173835754
음악,1,0.5873071551322937
여행,1,0.5841829180717468
군대,1,0.5703792572021484
연애,1,0.5599910020828247
멸망,1,0.5595712661743164
드라마,1,0.531794548034668
코미디,1,0.5295332074165344
후회,1,0.505795419216156
