Word,Category,Similarity,Frequency
고등,과학,0.6939653754234314,1
기억,사랑,0.6537694931030273,1
기타,음악,0.5873071551322937,1
내재,욕망,0.6369141936302185,1
댓글,후회,0.505795419216156,1
두려움,두려움,1,2
마약,범죄,0.71501225233078,1
매춘부,코미디,0.5047982335090637,1
방문,여행,0.5841829180717468,1
벌머,액션,1,1
불머,액션,1,1
사람,꿈,0.5610076785087585,1
시차,불안,0.5471872687339783,1
영화,만화,0.7536719441413879,4
외계,우주,0.6573302745819092,1
우주선,우주,0.6645932197570801,1
위기,혼란,0.6975850462913513,1
절도범,도둑,0.5533220767974854,1
제작국,방송,0.6784050464630127,1
줄거리,드라마,0.531794548034668,1
중독,폭력,0.650359034538269,1
지속,성장,0.6684333086013794,1
출연,방송,0.659591019153595,1
충격,충격,1,1
학교,학교,1,1

Category,Count,average
액션,2,1.0
방송,2,0.6689980328083038
우주,2,0.6609617471694946
두려움,1,1.0
충격,1,1.0
학교,1,1.0
만화,1,0.7536719441413879
범죄,1,0.71501225233078
혼란,1,0.6975850462913513
과학,1,0.6939653754234314
성장,1,0.6684333086013794
사랑,1,0.6537694931030273
폭력,1,0.650359034538269
욕망,1,0.6369141936302185
음악,1,0.5873071551322937
여행,1,0.5841829180717468
꿈,1,0.5610076785087585
도둑,1,0.5533220767974854
불안,1,0.5471872687339783
드라마,1,0.531794548034668
후회,1,0.505795419216156
코미디,1,0.5047982335090637
