Word,Category,Similarity,Frequency
공격,전투,0.6404148936271667,1
공룡,동물,0.6991666555404663,2
공포,공포,1,1
기타,음악,0.5873071551322937,1
댓글,후회,0.505795419216156,1
마상,전투,0.6922339200973511,1
발견,발견,1,1
방문,여행,0.5841829180717468,1
상상,욕망,0.6180667877197266,1
생존,생존,1,1
선박,해양,0.712157666683197,1
영화,만화,0.7536719441413879,4
외계,우주,0.6573302745819092,2
외계인,외계인,1,1
장소,여행,0.6031988263130188,1
전쟁,전쟁,1,1
전투,전투,1,2
정찰,수색,0.6751967668533325,1
제작국,방송,0.6784050464630127,1
줄거리,드라마,0.531794548034668,1
쥬라기,가상현실,0.5152379870414734,1
출연,방송,0.659591019153595,1
탐사,해양,0.7014874815940857,1
탐험대,탐험,0.52621990442276,2
파견,군대,0.592928946018219,1
행성,우주,0.7238700985908508,1
환경,환경,1,1

Category,Count,average
전투,3,0.7775496045748392
해양,2,0.7068225741386414
우주,2,0.69060018658638
방송,2,0.6689980328083038
여행,2,0.5936908721923828
공포,1,1.0
발견,1,1.0
생존,1,1.0
외계인,1,1.0
전쟁,1,1.0
환경,1,1.0
만화,1,0.7536719441413879
동물,1,0.6991666555404663
수색,1,0.6751967668533325
욕망,1,0.6180667877197266
군대,1,0.592928946018219
음악,1,0.5873071551322937
드라마,1,0.531794548034668
탐험,1,0.52621990442276
가상현실,1,0.5152379870414734
후회,1,0.505795419216156
