Word,Category,Similarity,Frequency
가게,여행,0.5113754868507385,1
결혼,연애,0.6863196492195129,1
고향,시골,0.6128569841384888,1
기타,음악,0.5873071551322937,1
느낌,슬픔,0.6343626976013184,1
댓글,후회,0.505795419216156,1
명단,동정,0.5356495976448059,1
발견,발견,1,1
방문,여행,0.5841829180717468,1
사건,살인,0.7159186005592346,1
상자,용기,0.6402463316917419,1
영화,만화,0.7536719441413879,4
원망,절망,0.6686849594116211,1
장난감,인형,0.5990570783615112,1
저주,살인,0.6187702417373657,1
제작국,방송,0.6784050464630127,1
줄거리,드라마,0.531794548034668,1
책망,용서,0.5652990341186523,2
출연,방송,0.659591019153595,1
트라우마,트라우마,1,1

Category,Count,average
방송,2,0.6689980328083038
살인,2,0.6673444211483002
여행,2,0.5477792024612427
발견,1,1.0
트라우마,1,1.0
만화,1,0.7536719441413879
연애,1,0.6863196492195129
절망,1,0.6686849594116211
용기,1,0.6402463316917419
슬픔,1,0.6343626976013184
시골,1,0.6128569841384888
인형,1,0.5990570783615112
음악,1,0.5873071551322937
용서,1,0.5652990341186523
동정,1,0.5356495976448059
드라마,1,0.531794548034668
후회,1,0.505795419216156
