Word,Category,Similarity,Frequency
거장,미술,0.5483318567276001,1
경험,열정,0.6344258189201355,1
관람,여행,0.5587009191513062,1
느낌,슬픔,0.6343626976013184,1
드라마,드라마,1,1
마음,기쁨,0.6783162951469421,1
상영,방송,0.6350025534629822,1
생각,후회,0.6602693200111389,2
생활,환경,0.7009555697441101,1
세계,경제,0.6071235537528992,1
신작,만화,0.6367781758308411,1
영화,만화,0.7536719441413879,6
오디션,뮤지컬,0.6122252941131592,3
일상,유쾌,0.5978867411613464,1
자연,환경,0.6941760182380676,1
장르,음악,0.7329081892967224,1
출연,방송,0.659591019153595,1
충격,충격,1,1
코미디,코미디,1,1
플롯,개그,0.5973898768424988,1

Category,Count,average
환경,2,0.6975657939910889
만화,2,0.6952250599861145
방송,2,0.6472967863082886
드라마,1,1.0
충격,1,1.0
코미디,1,1.0
음악,1,0.7329081892967224
기쁨,1,0.6783162951469421
후회,1,0.6602693200111389
열정,1,0.6344258189201355
슬픔,1,0.6343626976013184
뮤지컬,1,0.6122252941131592
경제,1,0.6071235537528992
유쾌,1,0.5978867411613464
개그,1,0.5973898768424988
여행,1,0.5587009191513062
미술,1,0.5483318567276001
