Word,Category,Similarity,Frequency
가상,우주,0.619330644607544,1
간신,권력,0.5848585367202759,1
궁궐,도시,0.5612877607345581,2
대결,갈등,0.5924415588378906,1
도움,기대,0.5482439994812012,1
드라마,드라마,1,1
반란,반란,1,5
불사신,좀비,0.5745419263839722,1
사건,살인,0.7159186005592346,1
사극,드라마,0.6280291676521301,2
생각,후회,0.6602693200111389,1
수첩,용기,0.597621500492096,1
시작,발견,0.534450113773346,2
액션,액션,1,2
액션물,스릴러,0.6431871652603149,1
역모,살인,0.5466442108154297,8
역사,철학,0.6869469285011292,2
역적,의리,0.5943530797958374,3
영화,만화,0.7536719441413879,9
예고편,드라마,0.5787103772163391,1
왕좌,마법,0.5014407634735107,3
인물,정치,0.5848035216331482,1
임금,평등,0.582544207572937,1
장르,음악,0.7329081892967224,1
정보,교통,0.6121577620506287,4
줄거리,드라마,0.531794548034668,3
집단,폭력,0.6576167941093445,1
채널,방송,0.7239679098129272,1
출현,발견,0.6073639988899231,1
편성,방송,0.615676760673523,2
포졸,도둑,0.6523504257202148,3

Category,Count,average
드라마,4,0.6846335232257843
방송,2,0.6698223352432251
살인,2,0.6312814056873322
발견,2,0.5709070563316345
반란,1,1.0
액션,1,1.0
만화,1,0.7536719441413879
음악,1,0.7329081892967224
철학,1,0.6869469285011292
후회,1,0.6602693200111389
폭력,1,0.6576167941093445
도둑,1,0.6523504257202148
스릴러,1,0.6431871652603149
우주,1,0.619330644607544
교통,1,0.6121577620506287
용기,1,0.597621500492096
의리,1,0.5943530797958374
갈등,1,0.5924415588378906
권력,1,0.5848585367202759
정치,1,0.5848035216331482
평등,1,0.582544207572937
좀비,1,0.5745419263839722
도시,1,0.5612877607345581
기대,1,0.5482439994812012
마법,1,0.5014407634735107
