Word,Category,Similarity,Frequency
감정,심리,0.7588332891464233,2
건설,도시,0.6078121066093445,1
극단,미술,0.5709163546562195,1
김밥,음식,0.6216344833374023,1
내막,충격,0.5473086833953857,1
도전,열정,0.6956499814987183,1
모양,인형,0.6405982375144958,2
복싱,액션,0.6534175872802734,1
복합,의료,0.577019214630127,1
분야,과학,0.6800429821014404,1
사람,꿈,0.5610076785087585,3
생각,후회,0.6602693200111389,1
실화,공포,0.6056075096130371,1
업무,교통,0.6426385641098022,1
에피소드,드라마,0.5304465889930725,1
연극,미술,0.7502412796020508,1
연출,액션,0.5377380847930908,1
영화,만화,0.7536719441413879,1
정확,의심,0.5156928300857544,1
제작,방송,0.6307950615882874,1
참여,기대,0.5516729950904846,2
창출,성장,0.6529039740562439,1
촬영,방송,0.6484997272491455,1
탄생,신화,0.5951989889144897,1
행복,기쁨,0.7726561427116394,1

Category,Count,average
미술,2,0.6605788171291351
방송,2,0.6396473944187164
액션,2,0.5955778360366821
기쁨,1,0.7726561427116394
심리,1,0.7588332891464233
만화,1,0.7536719441413879
열정,1,0.6956499814987183
과학,1,0.6800429821014404
후회,1,0.6602693200111389
성장,1,0.6529039740562439
교통,1,0.6426385641098022
인형,1,0.6405982375144958
음식,1,0.6216344833374023
도시,1,0.6078121066093445
공포,1,0.6056075096130371
신화,1,0.5951989889144897
의료,1,0.577019214630127
꿈,1,0.5610076785087585
기대,1,0.5516729950904846
충격,1,0.5473086833953857
드라마,1,0.5304465889930725
의심,1,0.5156928300857544
