Word,Category,Similarity,Frequency
감상,음악,0.6411212086677551,1
고통,고통,1,1
기대,기대,1,1
기억,사랑,0.6537694931030273,1
드라마,드라마,1,1
로맨스,로맨스,1,1
마음,기쁨,0.6783162951469421,2
사람,꿈,0.5610076785087585,1
사랑,사랑,1,3
상처,상처,1,2
색감,미술,0.5213123559951782,1
생각,후회,0.6602693200111389,3
성장,성장,1,1
속박,충격,0.6008642315864563,1
시리즈,만화,0.5106303691864014,1
시작,발견,0.534450113773346,2
여주인공,로맨스,0.5319628715515137,1
영화,만화,0.7536719441413879,11
예고편,드라마,0.5787103772163391,1
일탈,폭력,0.6677380204200745,1
장르,음악,0.7329081892967224,1
폭력,폭력,1,1
표현,대화,0.5644240975379944,1
학대,범죄,0.6776032447814941,1
혼란,혼란,1,1
희망,희망,1,1

Category,Count,average
폭력,2,0.8338690102100372
사랑,2,0.8268847465515137
드라마,2,0.7893551886081696
로맨스,2,0.7659814357757568
음악,2,0.6870146989822388
만화,2,0.6321511566638947
고통,1,1.0
기대,1,1.0
상처,1,1.0
성장,1,1.0
혼란,1,1.0
희망,1,1.0
기쁨,1,0.6783162951469421
범죄,1,0.6776032447814941
후회,1,0.6602693200111389
충격,1,0.6008642315864563
대화,1,0.5644240975379944
꿈,1,0.5610076785087585
발견,1,0.534450113773346
미술,1,0.5213123559951782
