Word,Category,Similarity,Frequency
가치,윤리,0.6346501111984253,1
감상,음악,0.6411212086677551,2
걱정,후회,0.651527464389801,2
과정,교육,0.6268183588981628,2
관심,기대,0.6249675154685974,1
그늘,바다,0.6106565594673157,1
긍정,희망,0.608379602432251,1
기대,기대,1,1
느낌,슬픔,0.6343626976013184,1
능력,교육,0.6137364506721497,1
매니아,판타지,0.5267682075500488,1
문제,갈등,0.6495088934898376,1
방향,미래,0.5546501278877258,1
방황,이별,0.6669331789016724,1
범죄,범죄,1,1
분열,혼란,0.6591632962226868,1
불안감,두려움,0.7379971742630005,1
사건,살인,0.7159186005592346,1
사람,꿈,0.5610076785087585,1
사랑,사랑,1,1
상영,방송,0.6350025534629822,1
색깔,동물,0.5537340044975281,1
생각,후회,0.6602693200111389,3
세간,자아,0.5878546237945557,1
세계,경제,0.6071235537528992,1
연출,액션,0.5377380847930908,2
영화,만화,0.7536719441413879,6
원칙,질서,0.6225343942642212,1
음악,음악,1,1
인상,기대,0.6044384241104126,2
일상,유쾌,0.5978867411613464,1
직관,심리,0.5504079461097717,1
청소년,교육,0.5544909238815308,1
통치,독재,0.6866793036460876,1
해결,갈등,0.5887223482131958,1
해석,심리,0.5405862331390381,2
화면,액션,0.6001543998718262,1

Category,Count,average
기대,3,0.7431353131930033
교육,3,0.5983485778172811
음악,2,0.8205606043338776
후회,2,0.65589839220047
갈등,2,0.6191156208515167
액션,2,0.5689462423324585
심리,2,0.5454970896244049
범죄,1,1.0
사랑,1,1.0
만화,1,0.7536719441413879
두려움,1,0.7379971742630005
살인,1,0.7159186005592346
독재,1,0.6866793036460876
이별,1,0.6669331789016724
혼란,1,0.6591632962226868
방송,1,0.6350025534629822
윤리,1,0.6346501111984253
슬픔,1,0.6343626976013184
질서,1,0.6225343942642212
바다,1,0.6106565594673157
희망,1,0.608379602432251
경제,1,0.6071235537528992
유쾌,1,0.5978867411613464
자아,1,0.5878546237945557
꿈,1,0.5610076785087585
미래,1,0.5546501278877258
동물,1,0.5537340044975281
판타지,1,0.5267682075500488
