Word,Category,Similarity,Frequency
기타,음악,0.5873071551322937,1
남자,사랑,0.5456969141960144,1
댓글,후회,0.505795419216156,1
바다,바다,1,1
바닷가,바다,0.5303730368614197,1
발레,미술,0.6749600768089294,1
방문,여행,0.5841829180717468,1
사람,꿈,0.5610076785087585,2
생각,후회,0.6602693200111389,1
습관,철학,0.6081326007843018,2
식사,음식,0.727923572063446,1
실패,후회,0.6084508299827576,1
영화,만화,0.7536719441413879,7
위기,혼란,0.6975850462913513,1
은퇴,미래,0.5451258420944214,1
제작국,방송,0.6784050464630127,1
조폭,범죄,0.6374698281288147,1
줄거리,드라마,0.531794548034668,1
출연,방송,0.659591019153595,1

Category,Count,average
후회,3,0.5915051897366842
바다,2,0.7651865184307098
방송,2,0.6689980328083038
만화,1,0.7536719441413879
음식,1,0.727923572063446
혼란,1,0.6975850462913513
미술,1,0.6749600768089294
범죄,1,0.6374698281288147
철학,1,0.6081326007843018
음악,1,0.5873071551322937
여행,1,0.5841829180717468
꿈,1,0.5610076785087585
사랑,1,0.5456969141960144
미래,1,0.5451258420944214
드라마,1,0.531794548034668
