Word,Category,Similarity,Frequency
경험,열정,0.6344258189201355,1
기억,사랑,0.6537694931030273,1
대처,재난,0.5325601696968079,1
마법,마법,1,1
마음,기쁨,0.6783162951469421,1
막장,개그,0.6745045781135559,1
매력,열정,0.6489761471748352,1
모습,꿈,0.5368646383285522,2
부정,폭력,0.6489901542663574,1
비중,성장,0.5152275562286377,1
사람,꿈,0.5610076785087585,1
상황,혼란,0.6442916989326477,1
스틸,액션,0.5995299220085144,1
영화,만화,0.7536719441413879,9
예고편,드라마,0.5787103772163391,1
인상,기대,0.6044384241104126,1
재미,모험,0.6051297187805176,1
주말,여행,0.5565044283866882,1
줄거리,드라마,0.531794548034668,1
추억,사랑,0.6609922647476196,1
추천,여행,0.5768113136291504,1
코믹,만화,0.7493361830711365,1
허리,상처,0.5423044562339783,1
화보,여행,0.5939497351646423,1

Category,Count,average
여행,3,0.5757551590601603
만화,2,0.7515040636062622
사랑,2,0.6573808789253235
열정,2,0.6417009830474854
드라마,2,0.5552524626255035
꿈,2,0.5489361584186554
마법,1,1.0
기쁨,1,0.6783162951469421
개그,1,0.6745045781135559
폭력,1,0.6489901542663574
혼란,1,0.6442916989326477
모험,1,0.6051297187805176
기대,1,0.6044384241104126
액션,1,0.5995299220085144
상처,1,0.5423044562339783
재난,1,0.5325601696968079
성장,1,0.5152275562286377
