Word,Category,Similarity,Frequency
감성,심리,0.6301533579826355,1
감탄,열정,0.5392419099807739,2
거래,도박,0.6013003587722778,3
검색,여행,0.6249870657920837,1
냉소,분노,0.720836877822876,1
능력,교육,0.6137364506721497,1
문법,철학,0.664255678653717,2
비탄,고통,0.6733841896057129,1
사기,도박,0.624628484249115,3
사기꾼,도둑,0.5275356769561768,1
사기단,도둑,0.5964199304580688,1
사람,꿈,0.5610076785087585,1
생각,후회,0.6602693200111389,1
업계,방송,0.5229802131652832,1
영화,만화,0.7536719441413879,20
웃음,개그,0.6434062123298645,2
웃프,액션,1,1
유발,의심,0.6065707206726074,1
일당,해적,0.5479298233985901,1
자처,고문,0.5536627173423767,1
장면,액션,0.5999083518981934,2
재미,모험,0.6051297187805176,1
제작,방송,0.6307950615882874,1
중고,전기,0.5318365097045898,3
처벌,폭력,0.6293380856513977,1
촬영,방송,0.6484997272491455,1
탄생,신화,0.5951989889144897,1
특유,춤,0.5365961194038391,1
판타지,판타지,1,1
평화,평등,0.671115517616272,6
해석,심리,0.5405862331390381,1
환경,환경,1,1
효과,기대,0.5692968964576721,1

Category,Count,average
방송,3,0.6007583340009054
액션,2,0.7999541759490967
도박,2,0.6129644215106964
심리,2,0.5853697955608368
도둑,2,0.5619778037071228
판타지,1,1.0
환경,1,1.0
만화,1,0.7536719441413879
분노,1,0.720836877822876
고통,1,0.6733841896057129
평등,1,0.671115517616272
철학,1,0.664255678653717
후회,1,0.6602693200111389
개그,1,0.6434062123298645
폭력,1,0.6293380856513977
여행,1,0.6249870657920837
교육,1,0.6137364506721497
의심,1,0.6065707206726074
모험,1,0.6051297187805176
신화,1,0.5951989889144897
기대,1,0.5692968964576721
꿈,1,0.5610076785087585
고문,1,0.5536627173423767
해적,1,0.5479298233985901
열정,1,0.5392419099807739
춤,1,0.5365961194038391
전기,1,0.5318365097045898
