Word,Category,Similarity,Frequency
공포,공포,1,1
관람,여행,0.5587009191513062,1
광고,방송,0.6559303998947144,1
기억,사랑,0.6537694931030273,6
노력,헌신,0.6555296182632446,1
누나,가족,0.5465071797370911,2
능력,교육,0.6137364506721497,3
동거,연애,0.6906545758247375,6
드라마,드라마,1,3
뚜껑,용기,0.6211519241333008,1
미안,후회,0.5432184934616089,1
배달,음식,0.6220709681510925,1
본사,학교,0.5560317039489746,1
부도,경제,0.5217757821083069,1
불법,범죄,0.6486050486564636,1
사고,의심,0.5630502700805664,1
사람,꿈,0.5610076785087585,1
상영,방송,0.6350025534629822,1
시작,발견,0.534450113773346,1
싸움,전투,0.6696678996086121,1
악귀,살인,0.6600191593170166,9
여자,사랑,0.5380519032478333,1
여주인공,로맨스,0.5319628715515137,1
영업,방송,0.561005175113678,1
영화,만화,0.7536719441413879,7
오빠,연애,0.5599910020828247,1
육체,자아,0.5753576159477234,1
음악,음악,1,1
장르,음악,0.7329081892967224,2
정보,교통,0.6121577620506287,2
제작,방송,0.6307950615882874,1
줄거리,드라마,0.531794548034668,2
카페,유령,0.5409449934959412,3
코미디,코미디,1,2
콘텐츠,가상현실,0.5792493224143982,1
통증,질병,0.6339668035507202,1
퇴마,액션,0.643349826335907,1
플랫폼,가상현실,0.5415536761283875,1
협박,폭력,0.6928228735923767,1
혼령,분노,0.6107680201530457,5

Category,Count,average
방송,4,0.6206832975149155
음악,2,0.8664540946483612
드라마,2,0.765897274017334
연애,2,0.6253227889537811
사랑,2,0.5959106981754303
가상현실,2,0.5604014992713928
공포,1,1.0
코미디,1,1.0
만화,1,0.7536719441413879
폭력,1,0.6928228735923767
전투,1,0.6696678996086121
살인,1,0.6600191593170166
헌신,1,0.6555296182632446
범죄,1,0.6486050486564636
액션,1,0.643349826335907
질병,1,0.6339668035507202
음식,1,0.6220709681510925
용기,1,0.6211519241333008
교육,1,0.6137364506721497
교통,1,0.6121577620506287
분노,1,0.6107680201530457
자아,1,0.5753576159477234
의심,1,0.5630502700805664
꿈,1,0.5610076785087585
여행,1,0.5587009191513062
학교,1,0.5560317039489746
가족,1,0.5465071797370911
후회,1,0.5432184934616089
유령,1,0.5409449934959412
발견,1,0.534450113773346
로맨스,1,0.5319628715515137
경제,1,0.5217757821083069
