Word,Category,Similarity,Frequency
문제,갈등,0.6495088934898376,1
사진,미술,0.5546669960021973,1
상황,혼란,0.6442916989326477,1
샘플,교육,0.5128485560417175,1
위기,혼란,0.6975850462913513,1
출연작,드라마,0.6371352076530457,1
토끼,동물,0.7010551691055298,5
해결,갈등,0.5887223482131958,1

Category,Count,average
혼란,2,0.6709383726119995
갈등,2,0.6191156208515167
동물,1,0.7010551691055298
드라마,1,0.6371352076530457
미술,1,0.5546669960021973
교육,1,0.5128485560417175
