Word,Category,Similarity,Frequency
결혼,연애,0.6863196492195129,1
고급,음식,0.5831040740013123,1
관람,여행,0.5587009191513062,1
노래,춤,0.7242721915245056,1
노인,가족,0.6170642375946045,1
느낌,슬픔,0.6343626976013184,1
다큐멘터리,다큐멘터리,1,1
독해,철학,0.6137232184410095,2
마음,기쁨,0.6783162951469421,1
뮤지컬,뮤지컬,1,1
발레,미술,0.6749600768089294,1
사람,꿈,0.5610076785087585,4
사랑,사랑,1,5
사진,미술,0.5546669960021973,1
실화,공포,0.6056075096130371,3
여행,여행,1,9
연극,미술,0.7502412796020508,1
연인,사랑,0.6981024742126465,1
연출,액션,0.5377380847930908,1
영화,만화,0.7536719441413879,9
예고편,드라마,0.5787103772163391,2
옛날,시골,0.5727385878562927,1
오페라,뮤지컬,0.6098440885543823,1
요리,음식,0.7475793361663818,2
음악,음악,1,1
자연,환경,0.6941760182380676,1
전통,음식,0.6568764448165894,1
정보,교통,0.6121577620506287,5
제작진,드라마,0.5286853313446045,2
주요,도시,0.5643994808197021,1
촬영,방송,0.6484997272491455,1
패션,미술,0.6880987882614136,2
포토,동정,0.5201435089111328,1

Category,Count,average
미술,4,0.6669917851686478
음식,3,0.6625199516614279
사랑,2,0.8490512371063232
뮤지컬,2,0.8049220442771912
여행,2,0.7793504595756531
드라마,2,0.5536978542804718
다큐멘터리,1,1.0
음악,1,1.0
만화,1,0.7536719441413879
춤,1,0.7242721915245056
환경,1,0.6941760182380676
연애,1,0.6863196492195129
기쁨,1,0.6783162951469421
방송,1,0.6484997272491455
슬픔,1,0.6343626976013184
가족,1,0.6170642375946045
철학,1,0.6137232184410095
교통,1,0.6121577620506287
공포,1,0.6056075096130371
시골,1,0.5727385878562927
도시,1,0.5643994808197021
꿈,1,0.5610076785087585
액션,1,0.5377380847930908
동정,1,0.5201435089111328
