Word,Category,Similarity,Frequency
가족,가족,1,1
경제,경제,1,1
계획,여행,0.6060113906860352,2
관람,여행,0.5587009191513062,1
납치,살인,0.6689104437828064,3
도망,도둑,0.5489647388458252,1
발생,혼란,0.6102904081344604,1
사고,의심,0.5630502700805664,1
상영,방송,0.6350025534629822,2
상황,혼란,0.6442916989326477,1
스릴러,스릴러,1,1
스트리밍,음악,0.5658097267150879,1
영화,만화,0.7536719441413879,1
장르,음악,0.7329081892967224,1
정보,교통,0.6121577620506287,3
줄거리,드라마,0.531794548034668,2
참여,기대,0.5516729950904846,1
파국,혼란,0.6406258940696716,1
팝콘,음식,0.529098629951477,1
학생,학교,0.7100017070770264,2

Category,Count,average
혼란,3,0.6317360003789266
음악,2,0.6493589580059052
여행,2,0.5823561549186707
가족,1,1.0
경제,1,1.0
스릴러,1,1.0
만화,1,0.7536719441413879
학교,1,0.7100017070770264
살인,1,0.6689104437828064
방송,1,0.6350025534629822
교통,1,0.6121577620506287
의심,1,0.5630502700805664
기대,1,0.5516729950904846
도둑,1,0.5489647388458252
드라마,1,0.531794548034668
음식,1,0.529098629951477
