Word,Category,Similarity,Frequency
갈등,갈등,1,1
격려,동정,0.5737254619598389,1
공포,공포,1,1
국가,경제,0.7089344263076782,1
당황,충격,0.6099472045898438,1
발견,발견,1,1
보호,환경,0.6321627497673035,1
사람,꿈,0.5610076785087585,6
상황,혼란,0.6442916989326477,1
성장,성장,1,1
세계,경제,0.6071235537528992,1
세상,기쁨,0.6082786321640015,1
아동,가족,0.6625723242759705,1
영화,만화,0.7536719441413879,2
의심,의심,1,1
이빨,상처,0.5658416748046875,2
이웃,가족,0.6304181218147278,1
적국,군사,0.6257956027984619,1
전쟁,전쟁,1,1
줄거리,드라마,0.531794548034668,1
청소년,교육,0.5544909238815308,1
치과,의료,0.7078388929367065,4
치료,질병,0.7063292264938354,1

Category,Count,average
경제,2,0.6580289900302887
가족,2,0.6464952230453491
갈등,1,1.0
공포,1,1.0
발견,1,1.0
성장,1,1.0
의심,1,1.0
전쟁,1,1.0
만화,1,0.7536719441413879
의료,1,0.7078388929367065
질병,1,0.7063292264938354
혼란,1,0.6442916989326477
환경,1,0.6321627497673035
군사,1,0.6257956027984619
충격,1,0.6099472045898438
기쁨,1,0.6082786321640015
동정,1,0.5737254619598389
상처,1,0.5658416748046875
꿈,1,0.5610076785087585
교육,1,0.5544909238815308
드라마,1,0.531794548034668
