Word,Category,Similarity,Frequency
감상,음악,0.6411212086677551,1
고정관념,자존심,0.5037301778793335,1
과정,교육,0.6268183588981628,1
노인,가족,0.6170642375946045,1
드라마,드라마,1,1
드럼,전기,0.5194173455238342,2
마음,기쁨,0.6783162951469421,1
모습,꿈,0.5368646383285522,1
발부,수색,0.5060637593269348,1
방문,여행,0.5841829180717468,1
베테랑,탐정,0.5211659669876099,1
사건,살인,0.7159186005592346,1
사람,꿈,0.5610076785087585,2
생각,후회,0.6602693200111389,2
성장,성장,1,4
수사,범죄,0.673683226108551,3
시리즈,만화,0.5106303691864014,1
시작,발견,0.534450113773346,1
실력,춤,0.5194166302680969,1
영화,만화,0.7536719441413879,4
예고편,드라마,0.5787103772163391,1
음악,음악,1,3
장르,음악,0.7329081892967224,1
체포,고문,0.6018785238265991,1
코드,액션,0.5642611384391785,1
코미디,코미디,1,1
패기,열정,0.6787471771240234,1
플레이,서바이벌,0.5245938897132874,1
형사,탐정,0.7352063655853271,1

Category,Count,average
음악,3,0.7913431326548258
드라마,2,0.7893551886081696
만화,2,0.6321511566638947
탐정,2,0.6281861662864685
꿈,2,0.5489361584186554
성장,1,1.0
코미디,1,1.0
살인,1,0.7159186005592346
열정,1,0.6787471771240234
기쁨,1,0.6783162951469421
범죄,1,0.673683226108551
후회,1,0.6602693200111389
교육,1,0.6268183588981628
가족,1,0.6170642375946045
고문,1,0.6018785238265991
여행,1,0.5841829180717468
액션,1,0.5642611384391785
발견,1,0.534450113773346
서바이벌,1,0.5245938897132874
전기,1,0.5194173455238342
춤,1,0.5194166302680969
수색,1,0.5060637593269348
자존심,1,0.5037301778793335
