Word,Category,Similarity,Frequency
가식,열정,0.5882983207702637,1
갈래,신화,0.5194810628890991,1
개념,교육,0.6287856698036194,1
관심,기대,0.6249675154685974,1
기억,사랑,0.6537694931030273,1
동영상,가상현실,0.5586168169975281,2
불만,분노,0.6757481098175049,1
불신,분노,0.6821345090866089,1
사람,꿈,0.5610076785087585,1
생각,후회,0.6602693200111389,3
생활,환경,0.7009555697441101,1
선택,희망,0.5827092528343201,1
세상,기쁨,0.6082786321640015,1
숙소,여행,0.6805042028427124,1
시위,폭력,0.688738226890564,2
시작,발견,0.534450113773346,1
실망감,무력감,0.6360117197036743,1
실천,철학,0.6342154145240784,1
여자,사랑,0.5380519032478333,1
영화,만화,0.7536719441413879,8
온라인,교육,0.5160459876060486,1
이름,신화,0.5608668327331543,2
이해,철학,0.5395932197570801,1
인물,정치,0.5848035216331482,1
장면,액션,0.5999083518981934,1
재미,모험,0.6051297187805176,1
전화,대화,0.5852361917495728,1
좌파,정치,0.6880481839179993,3
중도파,정치,0.5997892022132874,1
쪽방,시골,0.560563325881958,1
초상,꿈,0.5586968064308167,1
치부,부도덕,0.560454249382019,1
침해,의심,0.5960001945495605,1

Category,Count,average
정치,3,0.6242136359214783
분노,2,0.6789413094520569
사랑,2,0.5959106981754303
철학,2,0.5869043171405792
교육,2,0.572415828704834
꿈,2,0.5598522424697876
신화,2,0.5401739478111267
만화,1,0.7536719441413879
환경,1,0.7009555697441101
폭력,1,0.688738226890564
여행,1,0.6805042028427124
후회,1,0.6602693200111389
무력감,1,0.6360117197036743
기대,1,0.6249675154685974
기쁨,1,0.6082786321640015
모험,1,0.6051297187805176
액션,1,0.5999083518981934
의심,1,0.5960001945495605
열정,1,0.5882983207702637
대화,1,0.5852361917495728
희망,1,0.5827092528343201
시골,1,0.560563325881958
부도덕,1,0.560454249382019
가상현실,1,0.5586168169975281
발견,1,0.534450113773346
