Word,Category,Similarity,Frequency
가슴,상처,0.6098507642745972,1
관람,여행,0.5587009191513062,1
남자,사랑,0.5456969141960144,1
느낌,슬픔,0.6343626976013184,1
다짐,열정,0.6131012439727783,1
드라마,드라마,1,2
미래,미래,1,2
미련,고독,0.6796653270721436,1
발전,성장,0.7311267852783203,1
분야,과학,0.6800429821014404,1
사람,꿈,0.5610076785087585,5
사랑,사랑,1,2
사진,미술,0.5546669960021973,1
생각,후회,0.6602693200111389,1
선택,희망,0.5827092528343201,1
세계,경제,0.6071235537528992,1
시작,발견,0.534450113773346,3
신비,기쁨,0.6222472786903381,1
여자,사랑,0.5380519032478333,2
영화,만화,0.7536719441413879,8
장르,음악,0.7329081892967224,1
정보,교통,0.6121577620506287,1
추천,여행,0.5768113136291504,2
탐험,탐험,1,1
특유,춤,0.5365961194038391,1
후회,후회,1,4
흔적,발견,0.5892268419265747,1
희망,희망,1,1

Category,Count,average
사랑,3,0.6945829391479492
후회,2,0.8301346600055695
희망,2,0.79135462641716
여행,2,0.5677561163902283
발견,2,0.5618384778499603
드라마,1,1.0
미래,1,1.0
탐험,1,1.0
만화,1,0.7536719441413879
음악,1,0.7329081892967224
성장,1,0.7311267852783203
과학,1,0.6800429821014404
고독,1,0.6796653270721436
슬픔,1,0.6343626976013184
기쁨,1,0.6222472786903381
열정,1,0.6131012439727783
교통,1,0.6121577620506287
상처,1,0.6098507642745972
경제,1,0.6071235537528992
꿈,1,0.5610076785087585
미술,1,0.5546669960021973
춤,1,0.5365961194038391
