Word,Category,Similarity,Frequency
가능,여행,0.6136982440948486,1
감상,음악,0.6411212086677551,1
결혼,연애,0.6863196492195129,6
관람,여행,0.5587009191513062,1
기대,기대,1,1
남자,사랑,0.5456969141960144,1
댓가,배신,0.5249300599098206,1
매력,열정,0.6489761471748352,1
미스터리,미스터리,1,1
바텐더,탐정,0.5277588963508606,1
방해,혼란,0.5498800277709961,1
배급사,드라마,0.5019193887710571,1
사랑,사랑,1,2
선택,희망,0.5827092528343201,1
스릴러,스릴러,1,2
스틸,액션,0.5995299220085144,1
시작,발견,0.534450113773346,1
신비,기쁨,0.6222472786903381,1
실수,후회,0.5709443092346191,2
심리,심리,1,1
여행,여행,1,2
영화,만화,0.7536719441413879,2
예약,여행,0.7399519085884094,1
웨딩드레스,로맨스,0.5020800232887268,1
장르,음악,0.7329081892967224,1
재미,모험,0.6051297187805176,1
존중,평등,0.623870849609375,1
줄거리,드라마,0.531794548034668,3
처녀,꿈,0.5849674940109253,1
취소,여행,0.5734337568283081,1
피로,고통,0.56242835521698,1
한번,후회,0.5221735835075378,1
핸드폰,컴퓨터,0.5639285445213318,1
행복,기쁨,0.7726561427116394,1

Category,Count,average
여행,5,0.6971569657325745
사랑,2,0.7728484570980072
기쁨,2,0.6974517107009888
음악,2,0.6870146989822388
후회,2,0.5465589463710785
드라마,2,0.5168569684028625
기대,1,1.0
미스터리,1,1.0
스릴러,1,1.0
심리,1,1.0
만화,1,0.7536719441413879
연애,1,0.6863196492195129
열정,1,0.6489761471748352
평등,1,0.623870849609375
모험,1,0.6051297187805176
액션,1,0.5995299220085144
꿈,1,0.5849674940109253
희망,1,0.5827092528343201
컴퓨터,1,0.5639285445213318
고통,1,0.56242835521698
혼란,1,0.5498800277709961
발견,1,0.534450113773346
탐정,1,0.5277588963508606
배신,1,0.5249300599098206
로맨스,1,0.5020800232887268
