Word,Category,Similarity,Frequency
감옥,감옥,1,1
강도,저항,0.6040131449699402,1
갱스터,코미디,0.5787258744239807,3
계획,여행,0.6060113906860352,3
교도소,감옥,0.6448109149932861,1
기타,음악,0.5873071551322937,1
댓글,후회,0.505795419216156,1
방문,여행,0.5841829180717468,1
버진,정글,0.5519282817840576,1
범죄,범죄,1,1
스틸,액션,0.5995299220085144,1
시작,발견,0.534450113773346,1
액션,액션,1,1
영화,만화,0.7536719441413879,4
은퇴,미래,0.5451258420944214,1
제작국,방송,0.6784050464630127,1
줄거리,드라마,0.531794548034668,1
출연,방송,0.659591019153595,1
탈옥,범죄,0.565085232257843,3

Category,Count,average
감옥,2,0.8224054574966431
액션,2,0.7997649610042572
범죄,2,0.7825426161289215
방송,2,0.6689980328083038
여행,2,0.595097154378891
만화,1,0.7536719441413879
저항,1,0.6040131449699402
음악,1,0.5873071551322937
코미디,1,0.5787258744239807
정글,1,0.5519282817840576
미래,1,0.5451258420944214
발견,1,0.534450113773346
드라마,1,0.531794548034668
후회,1,0.505795419216156
