Word,Category,Similarity,Frequency
과정,교육,0.6268183588981628,1
마법,마법,1,2
모습,꿈,0.5368646383285522,1
상황,혼란,0.6442916989326477,1
생각,후회,0.6602693200111389,1
서사,신화,0.6202012896537781,1
성장,성장,1,1
세계,경제,0.6071235537528992,1
신비,기쁨,0.6222472786903381,1
영화,만화,0.7536719441413879,4
인상,기대,0.6044384241104126,1
작업,수색,0.6102691888809204,1
장면,액션,0.5999083518981934,5
지역,도시,0.7241222858428955,1
특별,의료,0.5320938229560852,1
환경,환경,1,1

Category,Count,average
마법,1,1.0
성장,1,1.0
환경,1,1.0
만화,1,0.7536719441413879
도시,1,0.7241222858428955
후회,1,0.6602693200111389
혼란,1,0.6442916989326477
교육,1,0.6268183588981628
기쁨,1,0.6222472786903381
신화,1,0.6202012896537781
수색,1,0.6102691888809204
경제,1,0.6071235537528992
기대,1,0.6044384241104126
액션,1,0.5999083518981934
꿈,1,0.5368646383285522
의료,1,0.5320938229560852
