Word,Category,Similarity,Frequency
드라마,드라마,1,1
방문,여행,0.5841829180717468,1
영화,만화,0.7536719441413879,1
웹툰,만화,0.7226575613021851,1
환영,희망,0.5663730502128601,1

Category,Count,average
만화,2,0.7381647527217865
드라마,1,1.0
여행,1,0.5841829180717468
희망,1,0.5663730502128601
