Word,Category,Similarity,Frequency
공포,공포,1,4
관람,여행,0.5587009191513062,2
국가,경제,0.7089344263076782,2
군사,군사,1,2
리더,성장,0.5860862135887146,2
방문,여행,0.5841829180717468,1
사건,살인,0.7159186005592346,2
상황,혼란,0.6442916989326477,2
스릴러,스릴러,1,2
시설,여행,0.6567099690437317,2
시스템,컴퓨터,0.5808395743370056,2
시작,발견,0.534450113773346,2
액션,액션,1,2
영화,만화,0.7536719441413879,7
장르,음악,0.7329081892967224,2
정보,교통,0.6121577620506287,12
지능,과학,0.6590995788574219,2
차단,의심,0.5930317640304565,2
청소년,교육,0.5544909238815308,2
코드,액션,0.5642611384391785,7
행복,기쁨,0.7726561427116394,1
환영,희망,0.5663730502128601,1
훈련,교육,0.6947369575500488,2

Category,Count,average
여행,3,0.5998646020889282
액션,2,0.7821305692195892
교육,2,0.6246139407157898
공포,1,1.0
군사,1,1.0
스릴러,1,1.0
기쁨,1,0.7726561427116394
만화,1,0.7536719441413879
음악,1,0.7329081892967224
살인,1,0.7159186005592346
경제,1,0.7089344263076782
과학,1,0.6590995788574219
혼란,1,0.6442916989326477
교통,1,0.6121577620506287
의심,1,0.5930317640304565
성장,1,0.5860862135887146
컴퓨터,1,0.5808395743370056
희망,1,0.5663730502128601
발견,1,0.534450113773346
