Word,Category,Similarity,Frequency
감시,범죄,0.5818687081336975,2
감행,추격,0.5397303700447083,1
과도,권력,0.5410835146903992,1
관람,여행,0.5587009191513062,1
국가,경제,0.7089344263076782,1
그릇,음식,0.6678139567375183,2
남자,사랑,0.5456969141960144,1
남편,가족,0.6233720779418945,1
도움,기대,0.5482439994812012,1
몰입,열정,0.6674494743347168,1
반역자,배신,0.5672177672386169,2
발레,미술,0.6749600768089294,1
버스,교통,0.730898916721344,1
사건,살인,0.7159186005592346,1
상황,혼란,0.6442916989326477,1
설득,대화,0.5834951996803284,1
성공,성장,0.6859850287437439,2
수사,범죄,0.673683226108551,1
스릴러,스릴러,1,1
싸움,전투,0.6696678996086121,1
영화,만화,0.7536719441413879,14
욕심,욕망,0.6326161026954651,1
용의자,살인,0.5122509598731995,1
장르,음악,0.7329081892967224,1
정보,교통,0.6121577620506287,2
제작,방송,0.6307950615882874,1
죄책감,죄책감,1,1
줄거리,드라마,0.531794548034668,1
추천,여행,0.5768113136291504,1
테러,범죄,0.731650173664093,1
폭로,충격,0.6623914837837219,1
폭행,폭력,0.7447036504745483,1
혼돈,혼란,0.7121860980987549,1

Category,Count,average
범죄,3,0.6624007026354471
혼란,2,0.6782388985157013
교통,2,0.6715283393859863
살인,2,0.614084780216217
여행,2,0.5677561163902283
스릴러,1,1.0
죄책감,1,1.0
만화,1,0.7536719441413879
폭력,1,0.7447036504745483
음악,1,0.7329081892967224
경제,1,0.7089344263076782
성장,1,0.6859850287437439
미술,1,0.6749600768089294
전투,1,0.6696678996086121
음식,1,0.6678139567375183
열정,1,0.6674494743347168
충격,1,0.6623914837837219
욕망,1,0.6326161026954651
방송,1,0.6307950615882874
가족,1,0.6233720779418945
대화,1,0.5834951996803284
배신,1,0.5672177672386169
기대,1,0.5482439994812012
사랑,1,0.5456969141960144
권력,1,0.5410835146903992
추격,1,0.5397303700447083
드라마,1,0.531794548034668
