Word,Category,Similarity,Frequency
가짜,괴담,0.5858274698257446,1
게임,만화,0.7299426198005676,1
고통,고통,1,1
광고,방송,0.6559303998947144,1
군사,군사,1,2
기억,사랑,0.6537694931030273,1
기타,음악,0.5873071551322937,1
남녀,평등,0.5715689063072205,2
남자,사랑,0.5456969141960144,2
노래,춤,0.7242721915245056,1
댓글,후회,0.505795419216156,1
멘트,개그,0.5644389390945435,1
발현,성장,0.5772488117218018,2
방문,여행,0.5841829180717468,1
부모,가족,0.6875284910202026,5
사람,꿈,0.5610076785087585,1
사악,유쾌,0.588767945766449,1
사진,미술,0.5546669960021973,1
살해,살인,0.6861730217933655,2
상담,심리,0.672296941280365,1
생각,후회,0.6602693200111389,2
세상,기쁨,0.6082786321640015,1
술잔,꿈,0.5519399642944336,1
시설,여행,0.6567099690437317,6
시작,발견,0.534450113773346,6
실종,살인,0.5558342933654785,1
실험,과학,0.6881481409072876,2
어린아이,외계인,0.5061091780662537,1
영화,만화,0.7536719441413879,11
음료,음식,0.7682728171348572,2
이웃,가족,0.6304181218147278,1
잠재,성장,0.55486661195755,1
장면,액션,0.5999083518981934,2
장소,여행,0.6031988263130188,2
저장,음식,0.5627219080924988,1
제작국,방송,0.6784050464630127,1
줄거리,드라마,0.531794548034668,2
출연,방송,0.659591019153595,1
트라우마,트라우마,1,1
행복,기쁨,0.7726561427116394,1

Category,Count,average
방송,3,0.6646421551704407
여행,3,0.6146972378094991
만화,2,0.7418072819709778
기쁨,2,0.6904673874378204
음식,2,0.665497362613678
가족,2,0.6589733064174652
살인,2,0.621003657579422
사랑,2,0.5997332036495209
후회,2,0.5830323696136475
성장,2,0.5660577118396759
꿈,2,0.5564738214015961
고통,1,1.0
군사,1,1.0
트라우마,1,1.0
춤,1,0.7242721915245056
과학,1,0.6881481409072876
심리,1,0.672296941280365
액션,1,0.5999083518981934
유쾌,1,0.588767945766449
음악,1,0.5873071551322937
괴담,1,0.5858274698257446
평등,1,0.5715689063072205
개그,1,0.5644389390945435
미술,1,0.5546669960021973
발견,1,0.534450113773346
드라마,1,0.531794548034668
외계인,1,0.5061091780662537
