Word,Category,Similarity,Frequency
거대,괴물,0.5640032887458801,1
공격,전투,0.6404148936271667,1
과정,교육,0.6268183588981628,1
과학,과학,1,1
관람,여행,0.5587009191513062,1
괴수,괴물,0.711188793182373,1
국가,경제,0.7089344263076782,1
놀이,춤,0.6705771684646606,1
마왕,유령,0.6424453854560852,1
문어,괴물,0.5492439270019531,1
발생,혼란,0.6102904081344604,1
배급,교육,0.5531435608863831,1
사건,살인,0.7159186005592346,1
사설,재난,0.5673307776451111,1
생명체,동물,0.5420880317687988,1
소꼽,액션,1,1
속박,충격,0.6008642315864563,1
수사,범죄,0.673683226108551,1
스릴러,스릴러,1,1
시공간,우주,0.5488505363464355,1
시작,발견,0.534450113773346,2
액션,액션,1,1
어부,해적,0.6063424944877625,1
영화,만화,0.7536719441413879,3
외계,우주,0.6573302745819092,1
외계인,외계인,1,1
음모,음모,1,1
장르,음악,0.7329081892967224,1
전쟁,전쟁,1,1
줄거리,드라마,0.531794548034668,1
지구,우주,0.7121323943138123,1
지루,후회,0.5244942307472229,1
추리,탐정,0.6983305811882019,1
출연,방송,0.659591019153595,1
탐정,탐정,1,1
판타지,판타지,1,1
평행,우주,0.6617175936698914,1

Category,Count,average
우주,4,0.6450076997280121
괴물,3,0.6081453363100687
액션,2,1.0
탐정,2,0.849165290594101
교육,2,0.589980959892273
과학,1,1.0
스릴러,1,1.0
외계인,1,1.0
음모,1,1.0
전쟁,1,1.0
판타지,1,1.0
만화,1,0.7536719441413879
음악,1,0.7329081892967224
살인,1,0.7159186005592346
경제,1,0.7089344263076782
범죄,1,0.673683226108551
춤,1,0.6705771684646606
방송,1,0.659591019153595
유령,1,0.6424453854560852
전투,1,0.6404148936271667
혼란,1,0.6102904081344604
해적,1,0.6063424944877625
충격,1,0.6008642315864563
재난,1,0.5673307776451111
여행,1,0.5587009191513062
동물,1,0.5420880317687988
발견,1,0.534450113773346
드라마,1,0.531794548034668
후회,1,0.5244942307472229
