Word,Category,Similarity,Frequency
거액,도박,0.5036361217498779,1
계획,여행,0.6060113906860352,1
과정,교육,0.6268183588981628,1
광고,방송,0.6559303998947144,1
글로벌,가상현실,0.526810348033905,1
기대,기대,1,1
놀이,춤,0.6705771684646606,1
멸망,멸망,1,4
발상,철학,0.5057413578033447,1
분쇄,저항,0.608788251876831,2
사람,꿈,0.5610076785087585,1
사악,유쾌,0.588767945766449,1
상자,용기,0.6402463316917419,1
생각,후회,0.6602693200111389,1
수행,성장,0.5646498799324036,1
업무,교통,0.6426385641098022,1
영화,만화,0.7536719441413879,6
유머,개그,0.6961884498596191,1
이웃,가족,0.6304181218147278,1
작별,이별,0.7365326285362244,1
재미,모험,0.6051297187805176,1
전략,미래,0.6338134407997131,1
좀비,좀비,1,1
출근,이별,0.512470543384552,1
키치,신화,0.5691781044006348,1
확인,발견,0.6419516205787659,1
희망,희망,1,1

Category,Count,average
이별,2,0.6245015859603882
기대,1,1.0
멸망,1,1.0
좀비,1,1.0
희망,1,1.0
만화,1,0.7536719441413879
개그,1,0.6961884498596191
춤,1,0.6705771684646606
후회,1,0.6602693200111389
방송,1,0.6559303998947144
교통,1,0.6426385641098022
발견,1,0.6419516205787659
용기,1,0.6402463316917419
미래,1,0.6338134407997131
가족,1,0.6304181218147278
교육,1,0.6268183588981628
저항,1,0.608788251876831
여행,1,0.6060113906860352
모험,1,0.6051297187805176
유쾌,1,0.588767945766449
신화,1,0.5691781044006348
성장,1,0.5646498799324036
꿈,1,0.5610076785087585
가상현실,1,0.526810348033905
철학,1,0.5057413578033447
도박,1,0.5036361217498779
