Word,Category,Similarity,Frequency
감지,발견,0.5597200989723206,1
관람,여행,0.5587009191513062,1
괴한,폭력,0.6403436660766602,1
국가,경제,0.7089344263076782,1
군사,군사,1,1
미스터리,미스터리,1,1
배급,교육,0.5531435608863831,1
벼랑,절망,0.5671937465667725,1
스릴러,스릴러,1,1
습격,반란,0.656060516834259,1
액션,액션,1,3
어부,해적,0.6063424944877625,1
영화,만화,0.7536719441413879,2
장르,음악,0.7329081892967224,1
정체불명,외계인,0.5420896410942078,1
줄거리,드라마,0.531794548034668,1
지렸,액션,1,1
추천,여행,0.5768113136291504,1
출연,방송,0.659591019153595,1
폐허,전쟁,0.5982295274734497,1
희생,희생,1,1

Category,Count,average
액션,2,1.0
여행,2,0.5677561163902283
군사,1,1.0
미스터리,1,1.0
스릴러,1,1.0
희생,1,1.0
만화,1,0.7536719441413879
음악,1,0.7329081892967224
경제,1,0.7089344263076782
방송,1,0.659591019153595
반란,1,0.656060516834259
폭력,1,0.6403436660766602
해적,1,0.6063424944877625
전쟁,1,0.5982295274734497
절망,1,0.5671937465667725
발견,1,0.5597200989723206
교육,1,0.5531435608863831
외계인,1,0.5420896410942078
드라마,1,0.531794548034668
