Word,Category,Similarity,Frequency
공포,공포,1,4
관람,여행,0.5587009191513062,1
교통사고,재난,0.5448524355888367,3
기대감,기대,0.6246221661567688,1
기분,유쾌,0.6678951382637024,1
기억,사랑,0.6537694931030273,2
기타,음악,0.5873071551322937,1
남자,사랑,0.5456969141960144,1
뉴스,방송,0.70646071434021,1
댓글,후회,0.505795419216156,1
마네킹,인형,0.50029057264328,1
만끽,평온,0.5107535123825073,1
맛집,음식,0.6337778568267822,1
문제,갈등,0.6495088934898376,1
방문,여행,0.5841829180717468,2
비참,고독,0.6815916895866394,1
사건,살인,0.7159186005592346,1
사고,의심,0.5630502700805664,1
상실,상실,1,1
소음,환경,0.5501613020896912,1
스릴,액션,0.6477225422859192,1
시작,발견,0.534450113773346,3
실종,살인,0.5558342933654785,1
영화,만화,0.7536719441413879,11
예고편,드라마,0.5787103772163391,1
의심,의심,1,1
이웃,가족,0.6304181218147278,2
인격,자아,0.7295798063278198,1
일상,유쾌,0.5978867411613464,1
제작국,방송,0.6784050464630127,1
줄거리,드라마,0.531794548034668,2
촬영,방송,0.6484997272491455,2
출연,방송,0.659591019153595,1
포착,발견,0.6197287440299988,1
폭력,폭력,1,1
후유증,트라우마,0.5702524781227112,2
후회,후회,1,1
휴가,여행,0.6868858933448792,1
희망,희망,1,1
희생자,희생,0.5491129755973816,1

Category,Count,average
방송,4,0.6732391268014908
여행,3,0.609923243522644
의심,2,0.7815251350402832
후회,2,0.752897709608078
살인,2,0.6358764469623566
유쾌,2,0.6328909397125244
사랑,2,0.5997332036495209
발견,2,0.5770894289016724
드라마,2,0.5552524626255035
공포,1,1.0
상실,1,1.0
폭력,1,1.0
희망,1,1.0
만화,1,0.7536719441413879
자아,1,0.7295798063278198
고독,1,0.6815916895866394
갈등,1,0.6495088934898376
액션,1,0.6477225422859192
음식,1,0.6337778568267822
가족,1,0.6304181218147278
기대,1,0.6246221661567688
음악,1,0.5873071551322937
트라우마,1,0.5702524781227112
환경,1,0.5501613020896912
희생,1,0.5491129755973816
재난,1,0.5448524355888367
평온,1,0.5107535123825073
인형,1,0.50029057264328
