Word,Category,Similarity,Frequency
거지,도둑,0.6057764291763306,1
게임,만화,0.7299426198005676,1
난동,폭력,0.638001561164856,1
남자,사랑,0.5456969141960144,8
노력,헌신,0.6555296182632446,1
노출,충격,0.60725998878479,1
도움,기대,0.5482439994812012,1
문제,갈등,0.6495088934898376,2
발전,성장,0.7311267852783203,1
범죄,범죄,1,2
분석,교육,0.5877142548561096,1
비난,분노,0.6010863780975342,1
빈자,시골,0.5350687503814697,1
사람,꿈,0.5610076785087585,8
사회,경제,0.8096231818199158,15
선택,희망,0.5827092528343201,1
시작,발견,0.534450113773346,2
실수,후회,0.5709443092346191,1
아이돌,드라마,0.5358486175537109,1
영화,만화,0.7536719441413879,5
장면,액션,0.5999083518981934,1
적응,환경,0.6063060760498047,2
전염,질병,0.6556164622306824,6
제품,환경,0.5750954747200012,1
주먹,도둑,0.5742208957672119,1
죽음,고독,0.6896678805351257,1
지하철,교통,0.5799862146377563,2
징후,불안,0.6183449029922485,1
컨텐츠,가상현실,0.517380952835083,1
쾌감,기쁨,0.6326329112052917,1
파악,발견,0.628048837184906,1
폭력,폭력,1,20
해결,갈등,0.5887223482131958,1
해석,심리,0.5405862331390381,1
행각,폭력,0.6145714521408081,1

Category,Count,average
폭력,3,0.7508576711018881
만화,2,0.7418072819709778
갈등,2,0.6191156208515167
환경,2,0.590700775384903
도둑,2,0.5899986624717712
발견,2,0.581249475479126
범죄,1,1.0
경제,1,0.8096231818199158
성장,1,0.7311267852783203
고독,1,0.6896678805351257
질병,1,0.6556164622306824
헌신,1,0.6555296182632446
기쁨,1,0.6326329112052917
불안,1,0.6183449029922485
충격,1,0.60725998878479
분노,1,0.6010863780975342
액션,1,0.5999083518981934
교육,1,0.5877142548561096
희망,1,0.5827092528343201
교통,1,0.5799862146377563
후회,1,0.5709443092346191
꿈,1,0.5610076785087585
기대,1,0.5482439994812012
사랑,1,0.5456969141960144
심리,1,0.5405862331390381
드라마,1,0.5358486175537109
시골,1,0.5350687503814697
가상현실,1,0.517380952835083
