Word,Category,Similarity,Frequency
건축,미술,0.7201681733131409,1
관람,여행,0.5587009191513062,1
기억,사랑,0.6537694931030273,1
농장,농업,0.6616603136062622,4
느낌,슬픔,0.6343626976013184,2
돌입,추격,0.5638843774795532,1
로컬,음식,0.5831502079963684,1
말싸움,갈등,0.5753747820854187,1
모임,가족,0.6203815937042236,3
몰입,열정,0.6674494743347168,1
발전,성장,0.7311267852783203,1
뱀파이어,흡혈귀,0.6941889524459839,10
본능,욕망,0.7253124713897705,1
불멸,고독,0.5689334273338318,2
불빛,꿈,0.5932316780090332,1
사람,꿈,0.5610076785087585,1
사진,미술,0.5546669960021973,1
살해,살인,0.6861730217933655,1
생존,생존,1,1
세계,경제,0.6071235537528992,1
시골,시골,1,1
액션,액션,1,4
영화,만화,0.7536719441413879,6
장르,음악,0.7329081892967224,3
장소,여행,0.6031988263130188,1
전쟁,전쟁,1,3
전쟁터,전쟁,0.5828185677528381,1
정보,교통,0.6121577620506287,1
찬반,종교,0.5120957493782043,1
총알,충격,0.5519258975982666,1
추적,수색,0.6436203122138977,1
코드,액션,0.5642611384391785,1
코미디,코미디,1,2
탐험,탐험,1,1
파워,액션,0.5782656669616699,1
폭발,충격,0.6844252347946167,1
폭염,재난,0.654521107673645,1
화염,마법,0.6151210069656372,1
희생,희생,1,1

Category,Count,average
액션,3,0.7141756018002828
전쟁,2,0.7914092838764191
미술,2,0.6374175846576691
충격,2,0.6181755661964417
여행,2,0.5809498727321625
꿈,2,0.5771196782588959
생존,1,1.0
시골,1,1.0
코미디,1,1.0
탐험,1,1.0
희생,1,1.0
만화,1,0.7536719441413879
음악,1,0.7329081892967224
성장,1,0.7311267852783203
욕망,1,0.7253124713897705
흡혈귀,1,0.6941889524459839
살인,1,0.6861730217933655
열정,1,0.6674494743347168
농업,1,0.6616603136062622
재난,1,0.654521107673645
사랑,1,0.6537694931030273
수색,1,0.6436203122138977
슬픔,1,0.6343626976013184
가족,1,0.6203815937042236
마법,1,0.6151210069656372
교통,1,0.6121577620506287
경제,1,0.6071235537528992
음식,1,0.5831502079963684
갈등,1,0.5753747820854187
고독,1,0.5689334273338318
추격,1,0.5638843774795532
종교,1,0.5120957493782043
