Word,Category,Similarity,Frequency
궁금,유쾌,0.5355631113052368,1
기대,기대,1,1
꼬마,도둑,0.5964561700820923,1
드라마,드라마,1,2
리턴즈,드라마,0.5475810170173645,2
매니아,판타지,0.5267682075500488,1
모험,모험,1,1
생각,후회,0.6602693200111389,2
섹스,만화,0.6615440249443054,1
수다,대화,0.5187240242958069,1
스틸,액션,0.5995299220085144,1
애니메이션,만화,0.68199223279953,1
액션,액션,1,2
영웅,신화,0.649358868598938,1
영화,만화,0.7536719441413879,5
원정대,탐험,0.5564109683036804,1
작전,전투,0.6892815232276917,1
출연,방송,0.659591019153595,4
코미디,코미디,1,1
행복,기쁨,0.7726561427116394,1
협업,대화,0.5782889723777771,1
환영,희망,0.5663730502128601,1

Category,Count,average
만화,3,0.6990694006284078
액션,2,0.7997649610042572
드라마,2,0.7737905085086823
대화,2,0.548506498336792
기대,1,1.0
모험,1,1.0
코미디,1,1.0
기쁨,1,0.7726561427116394
전투,1,0.6892815232276917
후회,1,0.6602693200111389
방송,1,0.659591019153595
신화,1,0.649358868598938
도둑,1,0.5964561700820923
희망,1,0.5663730502128601
탐험,1,0.5564109683036804
유쾌,1,0.5355631113052368
판타지,1,0.5267682075500488
