Word,Category,Similarity,Frequency
관람,여행,0.5587009191513062,1
국가,경제,0.7089344263076782,1
기억,사랑,0.6537694931030273,2
기타,음악,0.5873071551322937,1
납치,살인,0.6689104437828064,2
댓글,후회,0.505795419216156,1
도움,기대,0.5482439994812012,1
도주,추격,0.6170496940612793,1
라스트,카우보이,0.5365300178527832,1
목격,발견,0.6813858151435852,2
무단,폭력,0.5057473182678223,2
방문,여행,0.5841829180717468,1
범죄,범죄,1,2
범행,범죄,0.5743876695632935,1
사고,의심,0.5630502700805664,1
사진,미술,0.5546669960021973,2
살인,살인,1,1
상영,방송,0.6350025534629822,1
수사,범죄,0.673683226108551,4
스릴러,스릴러,1,1
시장,경제,0.6355687975883484,1
식당,음식,0.6759225726127625,1
액션,액션,1,1
영화,만화,0.7536719441413879,8
일당,해적,0.5479298233985901,4
자동차,전기,0.5792412161827087,4
자매,가족,0.6219213008880615,2
작전,전투,0.6892815232276917,8
잠복,수색,0.5748220682144165,2
장르,음악,0.7329081892967224,1
정보,교통,0.6121577620506287,8
제작국,방송,0.6784050464630127,1
제한,상실,0.636760413646698,1
조직,군대,0.5703792572021484,1
줄거리,드라마,0.531794548034668,4
체포,고문,0.6018785238265991,2
출연,방송,0.659591019153595,1
취미,음악,0.5891837477684021,1
판단,의심,0.5710378289222717,1
폭발,충격,0.6844252347946167,1
형사,탐정,0.7352063655853271,1

Category,Count,average
범죄,3,0.7493569652239481
방송,3,0.6576662063598633
음악,3,0.636466364065806
살인,2,0.8344552218914032
경제,2,0.6722516119480133
여행,2,0.5714419186115265
의심,2,0.5670440495014191
스릴러,1,1.0
액션,1,1.0
만화,1,0.7536719441413879
탐정,1,0.7352063655853271
전투,1,0.6892815232276917
충격,1,0.6844252347946167
발견,1,0.6813858151435852
음식,1,0.6759225726127625
사랑,1,0.6537694931030273
상실,1,0.636760413646698
가족,1,0.6219213008880615
추격,1,0.6170496940612793
교통,1,0.6121577620506287
고문,1,0.6018785238265991
전기,1,0.5792412161827087
수색,1,0.5748220682144165
군대,1,0.5703792572021484
미술,1,0.5546669960021973
기대,1,0.5482439994812012
해적,1,0.5479298233985901
카우보이,1,0.5365300178527832
드라마,1,0.531794548034668
후회,1,0.505795419216156
폭력,1,0.5057473182678223
