Word,Category,Similarity,Frequency
개봉작,드라마,0.5794780254364014,1
관람,여행,0.5587009191513062,1
관심,기대,0.6249675154685974,1
기대,기대,1,2
대답,후회,0.5436964631080627,2
리얼,액션,0.6809289455413818,1
마음,기쁨,0.6783162951469421,1
말장난,개그,0.590356707572937,2
모습,꿈,0.5368646383285522,1
분노,분노,1,3
빙고,춤,0.5476836562156677,1
상영,방송,0.6350025534629822,4
상황,혼란,0.6442916989326477,1
생각,후회,0.6602693200111389,2
시작,발견,0.534450113773346,1
실패,후회,0.6084508299827576,1
여행,여행,1,1
영화,만화,0.7536719441413879,16
영화인,다큐멘터리,0.5932591557502747,2
웃음,개그,0.6434062123298645,1
유쾌,유쾌,1,1
이름,신화,0.5608668327331543,1
장면,액션,0.5999083518981934,1
적자,경제,0.5383437275886536,4
질문,대화,0.5432519912719727,2
참전,전쟁,0.659963071346283,1
침체,불안,0.7115039825439453,1
코드,액션,0.5642611384391785,1
패러디,코미디,0.5152478814125061,1
표현,대화,0.5644240975379944,1
풍문,괴담,0.6067429780960083,1
호응도,기대,0.5505381226539612,1

Category,Count,average
기대,3,0.7251685460408529
액션,3,0.6150328119595846
후회,3,0.6041388710339864
여행,2,0.7793504595756531
개그,2,0.6168814599514008
대화,2,0.5538380444049835
분노,1,1.0
유쾌,1,1.0
만화,1,0.7536719441413879
불안,1,0.7115039825439453
기쁨,1,0.6783162951469421
전쟁,1,0.659963071346283
혼란,1,0.6442916989326477
방송,1,0.6350025534629822
괴담,1,0.6067429780960083
다큐멘터리,1,0.5932591557502747
드라마,1,0.5794780254364014
신화,1,0.5608668327331543
춤,1,0.5476836562156677
경제,1,0.5383437275886536
꿈,1,0.5368646383285522
발견,1,0.534450113773346
코미디,1,0.5152478814125061
