Word,Category,Similarity,Frequency
검색,여행,0.6249870657920837,1
결혼,연애,0.6863196492195129,1
골프,여행,0.580535888671875,2
기분,유쾌,0.6678951382637024,1
느낌,슬픔,0.6343626976013184,1
맞춤,교육,0.5435973405838013,1
뮤지션,뮤지컬,0.5509675741195679,1
발견,발견,1,1
사람,꿈,0.5610076785087585,1
상담,심리,0.672296941280365,1
상황,혼란,0.6442916989326477,1
스윙,액션,0.5747882127761841,1
실존,생존,0.5969371199607849,2
실화,공포,0.6056075096130371,1
아들,가족,0.5667959451675415,3
압력,저항,0.6949247121810913,1
엄마,사랑,0.5908297300338745,1
역사,철학,0.6869469285011292,1
영화,만화,0.7536719441413879,12
유대인,종교,0.5570569634437561,1
음악,음악,1,2
인물,정치,0.5848035216331482,4
재즈,음악,0.7233191728591919,3
주말,여행,0.5565044283866882,2
줄거리,드라마,0.531794548034668,1
집시,유령,0.6045172214508057,3
투어,여행,0.6807637214660645,1
학살,폭력,0.6382682919502258,1
흑인,액션,0.5475481748580933,1

Category,Count,average
여행,4,0.6106977760791779
음악,2,0.861659586429596
액션,2,0.5611681938171387
발견,1,1.0
만화,1,0.7536719441413879
저항,1,0.6949247121810913
철학,1,0.6869469285011292
연애,1,0.6863196492195129
심리,1,0.672296941280365
유쾌,1,0.6678951382637024
혼란,1,0.6442916989326477
폭력,1,0.6382682919502258
슬픔,1,0.6343626976013184
공포,1,0.6056075096130371
유령,1,0.6045172214508057
생존,1,0.5969371199607849
사랑,1,0.5908297300338745
정치,1,0.5848035216331482
가족,1,0.5667959451675415
꿈,1,0.5610076785087585
종교,1,0.5570569634437561
뮤지컬,1,0.5509675741195679
교육,1,0.5435973405838013
드라마,1,0.531794548034668
