Word,Category,Similarity,Frequency
공격,전투,0.6404148936271667,1
세계,경제,0.6071235537528992,1
어택,액션,0.5888261198997498,1
영화,만화,0.7536719441413879,1
조직,군대,0.5703792572021484,1
중독,폭력,0.650359034538269,1
충격,충격,1,1
테러,범죄,0.731650173664093,2

Category,Count,average
충격,1,1.0
만화,1,0.7536719441413879
범죄,1,0.731650173664093
폭력,1,0.650359034538269
전투,1,0.6404148936271667
경제,1,0.6071235537528992
액션,1,0.5888261198997498
군대,1,0.5703792572021484
