Word,Category,Similarity,Frequency
가족,가족,1,1
강력,충격,0.5549739599227905,1
공룡,동물,0.6991666555404663,4
넉살,유쾌,0.5196940302848816,1
도착,여행,0.6466491222381592,1
돌연변이,외계인,0.5175120830535889,1
드라마,드라마,1,1
모험,모험,1,2
사막,정글,0.6484219431877136,1
상상,욕망,0.6180667877197266,1
상영,방송,0.6350025534629822,1
시작,발견,0.534450113773346,1
아들,가족,0.5667959451675415,2
악당,좀비,0.6801067590713501,1
애니메이션,만화,0.68199223279953,1
영화,만화,0.7536719441413879,5
장르,음악,0.7329081892967224,1
재난,재난,1,1
정보,교통,0.6121577620506287,4
줄거리,드라마,0.531794548034668,4
초식,동물,0.6810201406478882,1
콘텐츠,가상현실,0.5792493224143982,1
협곡,정글,0.6355416774749756,1
활화산,정글,0.5054165124893188,1
흔적,발견,0.5892268419265747,1

Category,Count,average
정글,3,0.5964600443840027
가족,2,0.7833979725837708
드라마,2,0.765897274017334
만화,2,0.717832088470459
동물,2,0.6900933980941772
발견,2,0.5618384778499603
모험,1,1.0
재난,1,1.0
음악,1,0.7329081892967224
좀비,1,0.6801067590713501
여행,1,0.6466491222381592
방송,1,0.6350025534629822
욕망,1,0.6180667877197266
교통,1,0.6121577620506287
가상현실,1,0.5792493224143982
충격,1,0.5549739599227905
유쾌,1,0.5196940302848816
외계인,1,0.5175120830535889
