Word,Category,Similarity,Frequency
거대,괴물,0.5640032887458801,1
납치,살인,0.6689104437828064,1
당일,여행,0.5352691411972046,1
사람,꿈,0.5610076785087585,1
사막,정글,0.6484219431877136,1
생각,후회,0.6602693200111389,1
설산,설원,0.5926897525787354,1
시리즈,만화,0.5106303691864014,1
역사,철학,0.6869469285011292,1
영화,만화,0.7536719441413879,1
예고편,드라마,0.5787103772163391,1
인물,정치,0.5848035216331482,1
장면,액션,0.5999083518981934,1
전사,전투,0.5905117392539978,1
전쟁,전쟁,1,1
지옥,감옥,0.6124275922775269,1
추천,여행,0.5768113136291504,1
코미디물,코미디,0.6792858839035034,1
평화,평등,0.671115517616272,1
혼인,연애,0.6107092499732971,2

Category,Count,average
만화,2,0.6321511566638947
여행,2,0.5560402274131775
전쟁,1,1.0
철학,1,0.6869469285011292
코미디,1,0.6792858839035034
평등,1,0.671115517616272
살인,1,0.6689104437828064
후회,1,0.6602693200111389
정글,1,0.6484219431877136
감옥,1,0.6124275922775269
연애,1,0.6107092499732971
액션,1,0.5999083518981934
설원,1,0.5926897525787354
전투,1,0.5905117392539978
정치,1,0.5848035216331482
드라마,1,0.5787103772163391
괴물,1,0.5640032887458801
꿈,1,0.5610076785087585
