Word,Category,Similarity,Frequency
공주,유령,0.5845017433166504,5
관심,기대,0.6249675154685974,1
귀몰,액션,1,1
누이,가족,0.5941245555877686,1
마술사,마법,0.5550655722618103,2
모습,꿈,0.5368646383285522,2
미끼,도둑,0.5375844836235046,1
발전,성장,0.7311267852783203,1
사랑,사랑,1,1
생각,후회,0.6602693200111389,2
성장,성장,1,1
시녀,탐정,0.5862163305282593,1
심장,기쁨,0.5264105200767517,1
아역,액션,0.5058702826499939,1
영화,만화,0.7536719441413879,8
의심,의심,1,1
재미,모험,0.6051297187805176,1

Category,Count,average
성장,2,0.8655633926391602
액션,2,0.752935141324997
사랑,1,1.0
의심,1,1.0
만화,1,0.7536719441413879
후회,1,0.6602693200111389
기대,1,0.6249675154685974
모험,1,0.6051297187805176
가족,1,0.5941245555877686
탐정,1,0.5862163305282593
유령,1,0.5845017433166504
마법,1,0.5550655722618103
도둑,1,0.5375844836235046
꿈,1,0.5368646383285522
기쁨,1,0.5264105200767517
