Word,Category,Similarity,Frequency
강의실,학교,0.561844527721405,1
개막작,뮤지컬,0.6037431359291077,1
경험,열정,0.6344258189201355,1
과정,교육,0.6268183588981628,1
교수,윤리,0.563416063785553,8
드라마,드라마,1,1
바이러스,질병,0.5053297281265259,1
사례,교육,0.6318955421447754,1
산학,과학,0.649416983127594,1
상영,방송,0.6350025534629822,2
세상,기쁨,0.6082786321640015,2
앞줄,가족,0.5025866031646729,1
여타,해양,0.5220579504966736,1
연극,미술,0.7502412796020508,3
연출,액션,0.5377380847930908,1
영화,만화,0.7536719441413879,10
위협,폭력,0.639009416103363,1
장르,음악,0.7329081892967224,1
장편,만화,0.7140740752220154,1
절차,법정,0.6070003509521484,1
정보,교통,0.6121577620506287,1
제작,방송,0.6307950615882874,2
졸업,여행,0.5504979491233826,2
좀비,좀비,1,12
지속,성장,0.6684333086013794,1
질문,대화,0.5432519912719727,1
참여,기대,0.5516729950904846,6
촬영,방송,0.6484997272491455,7
촬영장,드라마,0.5815523266792297,1
최강,괴물,0.5176655650138855,1
최초,발견,0.5291507840156555,1
출발,여행,0.6575770378112793,1
코믹,만화,0.7493361830711365,1
퇴치,질병,0.6471990942955017,1
학부,과학,0.6368926167488098,3
학생,학교,0.7100017070770264,2
현장,교육,0.5853086113929749,3
협력,대화,0.6538437008857727,1
활동,교육,0.6086112856864929,1

Category,Count,average
교육,4,0.6131584495306015
만화,3,0.7390274008115133
방송,3,0.6380991141001383
드라마,2,0.7907761633396149
과학,2,0.6431547999382019
학교,2,0.6359231173992157
여행,2,0.6040374934673309
대화,2,0.5985478460788727
질병,2,0.5762644112110138
좀비,1,1.0
미술,1,0.7502412796020508
음악,1,0.7329081892967224
성장,1,0.6684333086013794
폭력,1,0.639009416103363
열정,1,0.6344258189201355
교통,1,0.6121577620506287
기쁨,1,0.6082786321640015
법정,1,0.6070003509521484
뮤지컬,1,0.6037431359291077
윤리,1,0.563416063785553
기대,1,0.5516729950904846
액션,1,0.5377380847930908
발견,1,0.5291507840156555
해양,1,0.5220579504966736
괴물,1,0.5176655650138855
가족,1,0.5025866031646729
