Word,Category,Similarity,Frequency
감정,심리,0.7588332891464233,1
매력,열정,0.6489761471748352,1
명작,만화,0.6867616772651672,1
민폐,개그,0.5627604722976685,1
발암,질병,0.5669583082199097,1
액션,액션,1,1
영화,만화,0.7536719441413879,4
유발,의심,0.6065707206726074,1
캐릭터,인형,0.5306801795959473,1
특별,의료,0.5320938229560852,2

Category,Count,average
만화,2,0.7202168107032776
액션,1,1.0
심리,1,0.7588332891464233
열정,1,0.6489761471748352
의심,1,0.6065707206726074
질병,1,0.5669583082199097
개그,1,0.5627604722976685
의료,1,0.5320938229560852
인형,1,0.5306801795959473
