Word,Category,Similarity,Frequency
감정,심리,0.7588332891464233,1
고철,유령,0.5170645713806152,1
공정,평등,0.5861278176307678,1
교수,윤리,0.563416063785553,1
도서관,학교,0.5833439230918884,1
불사,종교,0.512650728225708,1
붕괴,혼란,0.6892794370651245,1
사랑,사랑,1,2
사회주의,독재,0.5478858947753906,2
서방,종교,0.5511748194694519,1
세상,기쁨,0.6082786321640015,2
소설,만화,0.8215566873550415,1
열망,열정,0.7022903561592102,1
영화,만화,0.7536719441413879,2
원작,만화,0.7227425575256348,1
이념,정치,0.6977240443229675,3
이웃,가족,0.6304181218147278,1
장면,액션,0.5999083518981934,1
점령,전쟁,0.6118645668029785,1
제국주의,전쟁,0.579637348651886,1
죽음,고독,0.6896678805351257,1
활용,교육,0.557722270488739,1

Category,Count,average
만화,3,0.7659903963406881
전쟁,2,0.5957509577274323
종교,2,0.53191277384758
사랑,1,1.0
심리,1,0.7588332891464233
열정,1,0.7022903561592102
정치,1,0.6977240443229675
고독,1,0.6896678805351257
혼란,1,0.6892794370651245
가족,1,0.6304181218147278
기쁨,1,0.6082786321640015
액션,1,0.5999083518981934
평등,1,0.5861278176307678
학교,1,0.5833439230918884
윤리,1,0.563416063785553
교육,1,0.557722270488739
독재,1,0.5478858947753906
유령,1,0.5170645713806152
