Word,Category,Similarity,Frequency
가족,가족,1,2
거대,괴물,0.5640032887458801,1
공룡,동물,0.6991666555404663,4
관람,여행,0.5587009191513062,1
괴로움,고통,0.6400415301322937,1
국가,경제,0.7089344263076782,1
눈앞,기대,0.5104065537452698,1
배급,교육,0.5531435608863831,1
부대,군대,0.6763806939125061,1
살인,살인,1,1
상황,혼란,0.6442916989326477,1
세상,기쁨,0.6082786321640015,1
시작,발견,0.534450113773346,1
아들,가족,0.5667959451675415,1
액션,액션,1,1
어부,해적,0.6063424944877625,1
영화,만화,0.7536719441413879,2
오빠,연애,0.5599910020828247,1
장르,음악,0.7329081892967224,1
재미,모험,0.6051297187805176,1
전투,전투,1,1
정예,군사,0.6188055276870728,1
조작,범죄,0.5801150798797607,1
줄거리,드라마,0.531794548034668,1
착각,후회,0.5621350407600403,1
출연,방송,0.659591019153595,1
혼란,혼란,1,1

Category,Count,average
혼란,2,0.8221458494663239
가족,2,0.7833979725837708
살인,1,1.0
액션,1,1.0
전투,1,1.0
만화,1,0.7536719441413879
음악,1,0.7329081892967224
경제,1,0.7089344263076782
동물,1,0.6991666555404663
군대,1,0.6763806939125061
방송,1,0.659591019153595
고통,1,0.6400415301322937
군사,1,0.6188055276870728
기쁨,1,0.6082786321640015
해적,1,0.6063424944877625
모험,1,0.6051297187805176
범죄,1,0.5801150798797607
괴물,1,0.5640032887458801
후회,1,0.5621350407600403
연애,1,0.5599910020828247
여행,1,0.5587009191513062
교육,1,0.5531435608863831
발견,1,0.534450113773346
드라마,1,0.531794548034668
기대,1,0.5104065537452698
