Word,Category,Similarity,Frequency
국자,음식,0.5273035764694214,1
궁극,생존,0.5224151611328125,1
기억,사랑,0.6537694931030273,1
느낌,슬픔,0.6343626976013184,2
대항,폭력,0.5444368720054626,1
더덕,음식,0.5657879114151001,1
망치,도둑,0.6530934572219849,1
사람,꿈,0.5610076785087585,1
사진,미술,0.5546669960021973,1
생각,후회,0.6602693200111389,8
소통,대화,0.694833517074585,1
시작,발견,0.534450113773346,1
실패,후회,0.6084508299827576,1
싸움,전투,0.6696678996086121,1
액션,액션,1,2
영화,만화,0.7536719441413879,21
예고편,드라마,0.5787103772163391,1
이웃,가족,0.6304181218147278,2
이해,철학,0.5395932197570801,2
장르,음악,0.7329081892967224,1
장면,액션,0.5999083518981934,2
재미,모험,0.6051297187805176,2
전멸,멸망,0.600928008556366,1
전화,대화,0.5852361917495728,1
절벽,바다,0.5490967631340027,1
제작,방송,0.6307950615882874,1
졸개,도둑,0.6050339341163635,2
줄거리,드라마,0.531794548034668,1
짬뽕,괴담,0.5525099039077759,8
추천,여행,0.5768113136291504,1
취소,여행,0.5734337568283081,1
코미디,코미디,1,1
표현,대화,0.5644240975379944,1
한탕주의,부도덕,0.5739715695381165,1
한파,재난,0.6268259286880493,1
핸드폰,컴퓨터,0.5639285445213318,1
환영,희망,0.5663730502128601,1
후예,신화,0.6079544425010681,1

Category,Count,average
대화,3,0.614831268787384
액션,2,0.7999541759490967
후회,2,0.6343600749969482
도둑,2,0.6290636956691742
여행,2,0.5751225352287292
드라마,2,0.5552524626255035
음식,2,0.5465457439422607
코미디,1,1.0
만화,1,0.7536719441413879
음악,1,0.7329081892967224
전투,1,0.6696678996086121
사랑,1,0.6537694931030273
슬픔,1,0.6343626976013184
방송,1,0.6307950615882874
가족,1,0.6304181218147278
재난,1,0.6268259286880493
신화,1,0.6079544425010681
모험,1,0.6051297187805176
멸망,1,0.600928008556366
부도덕,1,0.5739715695381165
희망,1,0.5663730502128601
컴퓨터,1,0.5639285445213318
꿈,1,0.5610076785087585
미술,1,0.5546669960021973
괴담,1,0.5525099039077759
바다,1,0.5490967631340027
폭력,1,0.5444368720054626
철학,1,0.5395932197570801
발견,1,0.534450113773346
생존,1,0.5224151611328125
