Word,Category,Similarity,Frequency
게임,만화,0.7299426198005676,1
국가,경제,0.7089344263076782,1
기대,기대,1,1
드라마,드라마,1,1
사랑,사랑,1,1
상품,여행,0.6432608962059021,1
생각,후회,0.6602693200111389,1
시력,질병,0.5970978140830994,1
신파극,드라마,0.5713956952095032,1
영화,만화,0.7536719441413879,1

Category,Count,average
드라마,2,0.7856978476047516
만화,2,0.7418072819709778
기대,1,1.0
사랑,1,1.0
경제,1,0.7089344263076782
후회,1,0.6602693200111389
여행,1,0.6432608962059021
질병,1,0.5970978140830994
