Word,Category,Similarity,Frequency
거대,괴물,0.5640032887458801,1
경과,전투,0.537216067314148,1
골육,액션,1,1
기타,음악,0.5873071551322937,1
남매,가족,0.677724301815033,1
댓글,후회,0.505795419216156,1
도움,기대,0.5482439994812012,1
몰살,배신,0.5945814251899719,1
방관,폭력,0.5894772410392761,1
방문,여행,0.5841829180717468,1
배화교,종교,0.6044583320617676,2
비정,상실,0.5024368166923523,1
사랑,사랑,1,1
사살,추격,0.5559310913085938,1
살인범,정신병,0.575529932975769,1
살해,살인,0.6861730217933655,2
실수,후회,0.5709443092346191,1
영화,만화,0.7536719441413879,4
오빠,연애,0.5599910020828247,1
원한,고독,0.5244227647781372,1
위기,혼란,0.6975850462913513,1
위장,질병,0.5374902486801147,1
음모,음모,1,1
장손,권력,0.5216225981712341,5
제작국,방송,0.6784050464630127,1
줄거리,드라마,0.531794548034668,1
진정,기쁨,0.5493860840797424,1
찻집,유령,0.5568904280662537,1
추적,수색,0.6436203122138977,1
출연,방송,0.659591019153595,1
탐욕,욕망,0.6861580610275269,1
통합,교육,0.6034629344940186,1
포쾌,액션,1,1
환각,공포,0.6215387582778931,1

Category,Count,average
액션,2,1.0
방송,2,0.6689980328083038
후회,2,0.5383698642253876
사랑,1,1.0
음모,1,1.0
만화,1,0.7536719441413879
혼란,1,0.6975850462913513
살인,1,0.6861730217933655
욕망,1,0.6861580610275269
가족,1,0.677724301815033
수색,1,0.6436203122138977
공포,1,0.6215387582778931
종교,1,0.6044583320617676
교육,1,0.6034629344940186
배신,1,0.5945814251899719
폭력,1,0.5894772410392761
음악,1,0.5873071551322937
여행,1,0.5841829180717468
정신병,1,0.575529932975769
괴물,1,0.5640032887458801
연애,1,0.5599910020828247
유령,1,0.5568904280662537
추격,1,0.5559310913085938
기쁨,1,0.5493860840797424
기대,1,0.5482439994812012
질병,1,0.5374902486801147
전투,1,0.537216067314148
드라마,1,0.531794548034668
고독,1,0.5244227647781372
권력,1,0.5216225981712341
상실,1,0.5024368166923523
