Word,Category,Similarity,Frequency
개념,교육,0.6287856698036194,1
과정,교육,0.6268183588981628,2
논리,철학,0.5892475247383118,1
농부,시골,0.6694933176040649,1
능력,교육,0.6137364506721497,1
맥락,질서,0.601793110370636,1
문제,갈등,0.6495088934898376,2
발전,성장,0.7311267852783203,1
생각,후회,0.6602693200111389,3
성공,성장,0.6859850287437439,2
세상,기쁨,0.6082786321640015,3
신격,신화,0.5912100672721863,1
연출,액션,0.5377380847930908,2
영화,만화,0.7536719441413879,2
외과,의료,0.5879392623901367,1
이념,정치,0.6977240443229675,4
이데올로기,정치,0.5620448589324951,1
이해,철학,0.5395932197570801,1
인물,정치,0.5848035216331482,3
자본주의,경제,0.5420032143592834,1
자연,환경,0.6941760182380676,1
정확,의심,0.5156928300857544,1
죽음,고독,0.6896678805351257,2
중독,폭력,0.650359034538269,1
중점,교육,0.5276418924331665,1
타국,군대,0.5352400541305542,1
투쟁,권력,0.6418794989585876,1
핍박,고통,0.714863657951355,1
하층민,시골,0.5918861627578735,1
한번,후회,0.5221735835075378,1
후대,멸망,0.5330514907836914,1

Category,Count,average
교육,4,0.5992455929517746
정치,3,0.6148574749628702
성장,2,0.7085559070110321
시골,2,0.6306897401809692
후회,2,0.5912214517593384
철학,2,0.5644203722476959
만화,1,0.7536719441413879
고통,1,0.714863657951355
환경,1,0.6941760182380676
고독,1,0.6896678805351257
폭력,1,0.650359034538269
갈등,1,0.6495088934898376
권력,1,0.6418794989585876
기쁨,1,0.6082786321640015
질서,1,0.601793110370636
신화,1,0.5912100672721863
의료,1,0.5879392623901367
경제,1,0.5420032143592834
액션,1,0.5377380847930908
군대,1,0.5352400541305542
멸망,1,0.5330514907836914
의심,1,0.5156928300857544
