Word,Category,Similarity,Frequency
가치,윤리,0.6346501111984253,1
가치관,자기성찰,0.5398943424224854,1
단계,성장,0.6726707220077515,1
선택,희망,0.5827092528343201,1
성인,교육,0.5841577649116516,1
시작,발견,0.534450113773346,2
역경,절망,0.6212114691734314,1
연출,액션,0.5377380847930908,1
영화,만화,0.7536719441413879,2
외과,의료,0.5879392623901367,1
자본주의,경제,0.5420032143592834,1
정답,희망,0.5031519532203674,1
정치가,정치,0.5127251744270325,1
중독,폭력,0.650359034538269,1
질문,대화,0.5432519912719727,1
현대사,다큐멘터리,0.522395670413971,1

Category,Count,average
희망,2,0.5429306030273438
만화,1,0.7536719441413879
성장,1,0.6726707220077515
폭력,1,0.650359034538269
윤리,1,0.6346501111984253
절망,1,0.6212114691734314
의료,1,0.5879392623901367
교육,1,0.5841577649116516
대화,1,0.5432519912719727
경제,1,0.5420032143592834
자기성찰,1,0.5398943424224854
액션,1,0.5377380847930908
발견,1,0.534450113773346
다큐멘터리,1,0.522395670413971
정치,1,0.5127251744270325
