Word,Category,Similarity,Frequency
감상,음악,0.6411212086677551,1
결혼,연애,0.6863196492195129,2
남녀,평등,0.5715689063072205,1
노트북,컴퓨터,0.692142903804779,2
동거,연애,0.6906545758247375,1
리얼리즘,부조리,0.5034682154655457,1
모습,꿈,0.5368646383285522,1
미래,미래,1,1
밀도,저항,0.5150157809257507,1
방송국,방송,0.6448954939842224,1
사진,미술,0.5546669960021973,1
상황,혼란,0.6442916989326477,1
생각,후회,0.6602693200111389,1
스틸,액션,0.5995299220085144,1
싱글,연애,0.5561257600784302,2
아내,가족,0.582758903503418,1
영화,만화,0.7536719441413879,9
예고편,드라마,0.5787103772163391,2
일병,슬픔,0.5195788145065308,2
전역,전쟁,0.5050873756408691,1
청춘,사랑,0.612774670124054,2
초행,이별,0.6109357476234436,4
추천,여행,0.5768113136291504,1
충격,충격,1,1
커플,가족,0.6512839198112488,1
화제작,드라마,0.5287382006645203,1

Category,Count,average
연애,3,0.6443666617075602
가족,2,0.6170214116573334
드라마,2,0.5537242889404297
미래,1,1.0
충격,1,1.0
만화,1,0.7536719441413879
컴퓨터,1,0.692142903804779
후회,1,0.6602693200111389
방송,1,0.6448954939842224
혼란,1,0.6442916989326477
음악,1,0.6411212086677551
사랑,1,0.612774670124054
이별,1,0.6109357476234436
액션,1,0.5995299220085144
여행,1,0.5768113136291504
평등,1,0.5715689063072205
미술,1,0.5546669960021973
꿈,1,0.5368646383285522
슬픔,1,0.5195788145065308
저항,1,0.5150157809257507
전쟁,1,0.5050873756408691
부조리,1,0.5034682154655457
