Word,Category,Similarity,Frequency
공격,전투,0.6404148936271667,1
극장판,드라마,0.5479550361633301,1
기타,음악,0.5873071551322937,1
능력,교육,0.6137364506721497,1
댓글,후회,0.505795419216156,1
도둑,도둑,1,1
동물,동물,1,2
무단,폭력,0.5057473182678223,2
방문,여행,0.5841829180717468,1
방어,전투,0.6440592408180237,1
복제,동물,0.5838690400123596,1
사진,미술,0.5546669960021973,2
세뇌,배신,0.5555883049964905,1
습격,반란,0.656060516834259,1
식당,음식,0.6759225726127625,1
악당,좀비,0.6801067590713501,2
영화,만화,0.7536719441413879,4
외계인,외계인,1,1
울음,슬픔,0.669041633605957,1
전사,전투,0.5905117392539978,2
점프,액션,0.7024405002593994,1
제작국,방송,0.6784050464630127,1
제한,상실,0.636760413646698,1
줄거리,드라마,0.531794548034668,1
최강,괴물,0.5176655650138855,3
출연,방송,0.659591019153595,1
특별,의료,0.5320938229560852,1
파워,액션,0.5782656669616699,1
펭귄,동물,0.6782269477844238,1

Category,Count,average
동물,3,0.7540319959322611
전투,3,0.6249952912330627
방송,2,0.6689980328083038
액션,2,0.6403530836105347
드라마,2,0.539874792098999
도둑,1,1.0
외계인,1,1.0
만화,1,0.7536719441413879
좀비,1,0.6801067590713501
음식,1,0.6759225726127625
슬픔,1,0.669041633605957
반란,1,0.656060516834259
상실,1,0.636760413646698
교육,1,0.6137364506721497
음악,1,0.5873071551322937
여행,1,0.5841829180717468
배신,1,0.5555883049964905
미술,1,0.5546669960021973
의료,1,0.5320938229560852
괴물,1,0.5176655650138855
후회,1,0.505795419216156
폭력,1,0.5057473182678223
