Word,Category,Similarity,Frequency
가능,여행,0.6136982440948486,1
관음,만화,0.5297953486442566,1
기대,기대,1,1
기획,교육,0.625312864780426,1
꼬치,음식,0.5769160389900208,1
너트,정글,0.523601770401001,1
동영상,가상현실,0.5586168169975281,2
드라마,드라마,1,1
생각,후회,0.6602693200111389,1
선발,교육,0.5459800958633423,1
시작,발견,0.534450113773346,1
심리,심리,1,1
안목,철학,0.5071123242378235,1
여우,동물,0.6776934266090393,1
열기,여행,0.5069565176963806,1
영화,만화,0.7536719441413879,2
오뎅,음식,0.5872371196746826,1
이름,신화,0.5608668327331543,2
자부,후회,0.5151330232620239,1
저주,살인,0.6187702417373657,1
좌절,절망,0.6658827662467957,1
창피,폭력,0.5987058281898499,1

Category,Count,average
만화,2,0.6417336463928223
후회,2,0.5877011716365814
교육,2,0.5856464803218842
음식,2,0.5820765793323517
여행,2,0.5603273808956146
기대,1,1.0
드라마,1,1.0
심리,1,1.0
동물,1,0.6776934266090393
절망,1,0.6658827662467957
살인,1,0.6187702417373657
폭력,1,0.5987058281898499
신화,1,0.5608668327331543
가상현실,1,0.5586168169975281
발견,1,0.534450113773346
정글,1,0.523601770401001
철학,1,0.5071123242378235
