Word,Category,Similarity,Frequency
가능,여행,0.6136982440948486,1
감상,음악,0.6411212086677551,1
감정,심리,0.7588332891464233,2
걱정,후회,0.651527464389801,2
계획,여행,0.6060113906860352,1
고분,미술,0.5497816801071167,1
과정,교육,0.6268183588981628,1
관람,여행,0.5587009191513062,1
기대,기대,1,1
기분,유쾌,0.6678951382637024,1
기억,사랑,0.6537694931030273,1
노동,경제,0.6806643605232239,2
단편,만화,0.737099826335907,1
메시지,대화,0.5048822164535522,2
미션,액션,0.6060617566108704,2
백업,환경,0.5367010235786438,1
분투,헌신,0.5715537071228027,1
사랑,사랑,1,3
사치,욕망,0.5516767501831055,1
생각,후회,0.6602693200111389,3
스핀,개그,0.5972995758056641,5
시력,질병,0.5970978140830994,1
시작,발견,0.534450113773346,1
실천,철학,0.6342154145240784,2
영화,만화,0.7536719441413879,21
오프,액션,0.5603551268577576,9
용기,용기,1,2
원작,만화,0.7227425575256348,2
일편,꿈,0.5352843403816223,1
자존심,자존심,1,2
작전,전투,0.6892815232276917,7
제작,방송,0.6307950615882874,1
좀비,좀비,1,1
촬영,방송,0.6484997272491455,1
출연,방송,0.659591019153595,1
충격,충격,1,1
평론가,다큐멘터리,0.5252968668937683,2
행복,기쁨,0.7726561427116394,4
화상,의료,0.6069163680076599,1

Category,Count,average
만화,3,0.7378381093343099
방송,3,0.6462952693303426
여행,3,0.5928035179773966
사랑,2,0.8268847465515137
후회,2,0.65589839220047
액션,2,0.583208441734314
기대,1,1.0
용기,1,1.0
자존심,1,1.0
좀비,1,1.0
충격,1,1.0
기쁨,1,0.7726561427116394
심리,1,0.7588332891464233
전투,1,0.6892815232276917
경제,1,0.6806643605232239
유쾌,1,0.6678951382637024
음악,1,0.6411212086677551
철학,1,0.6342154145240784
교육,1,0.6268183588981628
의료,1,0.6069163680076599
개그,1,0.5972995758056641
질병,1,0.5970978140830994
헌신,1,0.5715537071228027
욕망,1,0.5516767501831055
미술,1,0.5497816801071167
환경,1,0.5367010235786438
꿈,1,0.5352843403816223
발견,1,0.534450113773346
다큐멘터리,1,0.5252968668937683
대화,1,0.5048822164535522
