Word,Category,Similarity,Frequency
가능,여행,0.6136982440948486,1
검색,여행,0.6249870657920837,1
공연,음악,0.7031762599945068,1
기계,전기,0.6900599598884583,1
노래,춤,0.7242721915245056,1
데이트,로맨스,0.5355676412582397,1
모습,꿈,0.5368646383285522,1
뮤지컬,뮤지컬,1,1
부스,인형,0.5842044353485107,1
사전,교육,0.5635393261909485,1
사진,미술,0.5546669960021973,1
요술,인형,0.6478968262672424,2
음악,음악,1,1
인터뷰,다큐멘터리,0.5540832281112671,1
주차,교통,0.6286762952804565,1
출동,수색,0.5925505757331848,1
케이팝,뮤지컬,0.5280177593231201,1
콘서트,뮤지컬,0.5832942724227905,3
투자,경제,0.6519772410392761,1
티켓,여행,0.6218228340148926,2
포토,동정,0.5201435089111328,1
할인,여행,0.5819051265716553,3
호응,기대,0.5844883918762207,1

Category,Count,average
여행,4,0.6106033176183701
뮤지컬,3,0.7037706772486368
음악,2,0.8515881299972534
인형,2,0.6160506308078766
춤,1,0.7242721915245056
전기,1,0.6900599598884583
경제,1,0.6519772410392761
교통,1,0.6286762952804565
수색,1,0.5925505757331848
기대,1,0.5844883918762207
교육,1,0.5635393261909485
미술,1,0.5546669960021973
다큐멘터리,1,0.5540832281112671
꿈,1,0.5368646383285522
로맨스,1,0.5355676412582397
동정,1,0.5201435089111328
