Word,Category,Similarity,Frequency
가능,여행,0.6136982440948486,1
간이,음식,0.5412473082542419,1
공포,공포,1,1
관람,여행,0.5587009191513062,1
구조,환경,0.6101574897766113,1
난파,해적,0.5453930497169495,1
다이빙,스포츠,0.5205369591712952,3
도전,열정,0.6956499814987183,1
드라마,드라마,1,2
로맨스,로맨스,1,2
막장,개그,0.6745045781135559,1
메간,액션,0.5103814601898193,1
바다,바다,1,1
발전,성장,0.7311267852783203,1
보트,정글,0.6473324298858643,1
분야,과학,0.6800429821014404,1
사람,꿈,0.5610076785087585,1
사진,미술,0.5546669960021973,1
사투,추격,0.57225102186203,1
상어,동물,0.6303016543388367,3
상황,혼란,0.6442916989326477,2
생각,후회,0.6602693200111389,1
세계,경제,0.6071235537528992,1
스릴,액션,0.6477225422859192,1
스릴러,스릴러,1,1
시작,발견,0.534450113773346,1
쓰나미,재난,0.5482067465782166,1
여자,사랑,0.5380519032478333,1
여행,여행,1,1
영화,만화,0.7536719441413879,8
오디션,뮤지컬,0.6122252941131592,1
장르,음악,0.7329081892967224,1
정보,교통,0.6121577620506287,1
체험,교육,0.6782315373420715,1
추천,여행,0.5768113136291504,1
탐험,탐험,1,1

Category,Count,average
여행,4,0.6873026192188263
액션,2,0.5790520012378693
공포,1,1.0
드라마,1,1.0
로맨스,1,1.0
바다,1,1.0
스릴러,1,1.0
탐험,1,1.0
만화,1,0.7536719441413879
음악,1,0.7329081892967224
성장,1,0.7311267852783203
열정,1,0.6956499814987183
과학,1,0.6800429821014404
교육,1,0.6782315373420715
개그,1,0.6745045781135559
후회,1,0.6602693200111389
정글,1,0.6473324298858643
혼란,1,0.6442916989326477
동물,1,0.6303016543388367
뮤지컬,1,0.6122252941131592
교통,1,0.6121577620506287
환경,1,0.6101574897766113
경제,1,0.6071235537528992
추격,1,0.57225102186203
꿈,1,0.5610076785087585
미술,1,0.5546669960021973
재난,1,0.5482067465782166
해적,1,0.5453930497169495
음식,1,0.5412473082542419
사랑,1,0.5380519032478333
발견,1,0.534450113773346
스포츠,1,0.5205369591712952
