Word,Category,Similarity,Frequency
가족,가족,1,1
결혼,연애,0.6863196492195129,2
군부대,군대,0.5203508138656616,1
군인,군대,0.6802380084991455,1
라스트,카우보이,0.5365300178527832,7
살인,살인,1,1
상대,추격,0.558393657207489,1
상영,방송,0.6350025534629822,1
생각,후회,0.6602693200111389,1
액션,액션,1,8
약물,질병,0.6198446154594421,1
영화,만화,0.7536719441413879,6
위험,불안,0.6922099590301514,1
인물,정치,0.5848035216331482,1
일당,해적,0.5479298233985901,1
장르,음악,0.7329081892967224,1
정보,교통,0.6121577620506287,10
주입,충격,0.5102196931838989,1
줄거리,드라마,0.531794548034668,3
충격,충격,1,1
편지,꿈,0.625590443611145,1
포박,추격,0.599028468132019,1
표정,유쾌,0.5511194467544556,1
활약,성장,0.5549848675727844,1
히어로,판타지,0.6113652586936951,7

Category,Count,average
충격,2,0.7551098465919495
군대,2,0.6002944111824036
추격,2,0.578711062669754
가족,1,1.0
살인,1,1.0
액션,1,1.0
만화,1,0.7536719441413879
음악,1,0.7329081892967224
불안,1,0.6922099590301514
연애,1,0.6863196492195129
후회,1,0.6602693200111389
방송,1,0.6350025534629822
꿈,1,0.625590443611145
질병,1,0.6198446154594421
교통,1,0.6121577620506287
판타지,1,0.6113652586936951
정치,1,0.5848035216331482
성장,1,0.5549848675727844
유쾌,1,0.5511194467544556
해적,1,0.5479298233985901
카우보이,1,0.5365300178527832
드라마,1,0.531794548034668
