Word,Category,Similarity,Frequency
기대,기대,1,1
기억,사랑,0.6537694931030273,1
느낌,슬픔,0.6343626976013184,1
세계,경제,0.6071235537528992,1
소란,폭력,0.6053000092506409,2
심판,법정,0.5408481955528259,1
영화,만화,0.7536719441413879,4
이름,신화,0.5608668327331543,1
전범,군사,0.5926785469055176,1
추락,충격,0.5615158081054688,1
후회,후회,1,1

Category,Count,average
기대,1,1.0
후회,1,1.0
만화,1,0.7536719441413879
사랑,1,0.6537694931030273
슬픔,1,0.6343626976013184
경제,1,0.6071235537528992
폭력,1,0.6053000092506409
군사,1,0.5926785469055176
충격,1,0.5615158081054688
신화,1,0.5608668327331543
법정,1,0.5408481955528259
