Word,Category,Similarity,Frequency
간호,교육,0.6981058716773987,1
노래,춤,0.7242721915245056,2
눈꼽,후회,0.5374760031700134,1
말싸움,갈등,0.5753747820854187,1
매력,열정,0.6489761471748352,1
바네사,스릴러,0.5088778138160706,2
바이,액션,0.5737445950508118,1
발생,혼란,0.6102904081344604,1
발전,성장,0.7311267852783203,1
분노,분노,1,1
불구,기대,0.5479061007499695,1
비서,탐정,0.5611511468887329,1
사람,꿈,0.5610076785087585,1
사태,혼란,0.6536093354225159,1
생각,후회,0.6602693200111389,3
수직,해양,0.511836588382721,1
시작,발견,0.534450113773346,1
연인,사랑,0.6981024742126465,1
영웅,신화,0.649358868598938,1
영화,만화,0.7536719441413879,8
의심,의심,1,1
장전,전투,0.5516311526298523,2
전신,고문,0.5063562989234924,2
총알,충격,0.5519258975982666,1
출근,이별,0.512470543384552,1
퇴사,이별,0.5366696715354919,2
폭파,전투,0.5420952439308167,1
혹자,액션,1,1

Category,Count,average
액션,2,0.7868722975254059
혼란,2,0.6319498717784882
후회,2,0.5988726615905762
전투,2,0.5468631982803345
이별,2,0.524570107460022
분노,1,1.0
의심,1,1.0
만화,1,0.7536719441413879
성장,1,0.7311267852783203
춤,1,0.7242721915245056
교육,1,0.6981058716773987
사랑,1,0.6981024742126465
신화,1,0.649358868598938
열정,1,0.6489761471748352
갈등,1,0.5753747820854187
탐정,1,0.5611511468887329
꿈,1,0.5610076785087585
충격,1,0.5519258975982666
기대,1,0.5479061007499695
발견,1,0.534450113773346
해양,1,0.511836588382721
스릴러,1,0.5088778138160706
고문,1,0.5063562989234924
