Word,Category,Similarity,Frequency
갈등,갈등,1,1
결전,전투,0.6634336709976196,1
결점,상처,0.5049402117729187,1
경쟁,갈등,0.6576756238937378,1
국수,음식,0.6258513927459717,3
기타,음악,0.5873071551322937,1
댓글,후회,0.505795419216156,1
방문,여행,0.5841829180717468,1
비법,음식,0.5219008326530457,1
사람,꿈,0.5610076785087585,2
실력,춤,0.5194166302680969,1
쌀국수,음식,0.5553284883499146,2
씨네,만화,0.6205931901931763,1
영화,만화,0.7536719441413879,4
음모,음모,1,1
제작국,방송,0.6784050464630127,1
줄거리,드라마,0.531794548034668,1
출연,방송,0.659591019153595,1
충고,희망,0.5609210729598999,1
쿵푸,액션,0.6799797415733337,3
파이터,서바이벌,0.5620080828666687,1
후손,가족,0.5599483847618103,1

Category,Count,average
음식,3,0.5676935712496439
갈등,2,0.8288378119468689
만화,2,0.6871325671672821
방송,2,0.6689980328083038
음모,1,1.0
액션,1,0.6799797415733337
전투,1,0.6634336709976196
음악,1,0.5873071551322937
여행,1,0.5841829180717468
서바이벌,1,0.5620080828666687
꿈,1,0.5610076785087585
희망,1,0.5609210729598999
가족,1,0.5599483847618103
드라마,1,0.531794548034668
춤,1,0.5194166302680969
후회,1,0.505795419216156
상처,1,0.5049402117729187
