Word,Category,Similarity,Frequency
감상문,뮤지컬,0.5310428738594055,1
감성,심리,0.6301533579826355,3
격파,전투,0.590761125087738,2
고심,기대,0.5159546732902527,1
기분,유쾌,0.6678951382637024,1
기억,사랑,0.6537694931030273,1
깡통,도둑,0.573471188545227,1
내공,열정,0.5447922348976135,1
도전,열정,0.6956499814987183,1
동물,동물,1,1
로맨스,로맨스,1,2
마음,기쁨,0.6783162951469421,3
모습,꿈,0.5368646383285522,1
배치,수색,0.5295758843421936,1
생각,후회,0.6602693200111389,1
세계,경제,0.6071235537528992,1
연출,액션,0.5377380847930908,1
영향,기대,0.5794242024421692,1
영화,만화,0.7536719441413879,21
옛날,시골,0.5727385878562927,1
인상,기대,0.6044384241104126,1
장면,액션,0.5999083518981934,2
재미,모험,0.6051297187805176,1
즐거움,기쁨,0.6185970902442932,1
추천,여행,0.5768113136291504,1
특별,의료,0.5320938229560852,1
특유,춤,0.5365961194038391,2
필모그래피,드라마,0.5541918277740479,4
휘발,충격,0.510843813419342,1

Category,Count,average
기대,3,0.5666057666142782
기쁨,2,0.6484566926956177
열정,2,0.6202211081981659
액션,2,0.5688232183456421
동물,1,1.0
로맨스,1,1.0
만화,1,0.7536719441413879
유쾌,1,0.6678951382637024
후회,1,0.6602693200111389
사랑,1,0.6537694931030273
심리,1,0.6301533579826355
경제,1,0.6071235537528992
모험,1,0.6051297187805176
전투,1,0.590761125087738
여행,1,0.5768113136291504
도둑,1,0.573471188545227
시골,1,0.5727385878562927
드라마,1,0.5541918277740479
꿈,1,0.5368646383285522
춤,1,0.5365961194038391
의료,1,0.5320938229560852
뮤지컬,1,0.5310428738594055
수색,1,0.5295758843421936
충격,1,0.510843813419342
