Word,Category,Similarity,Frequency
가슴,상처,0.6098507642745972,1
감옥,감옥,1,1
고등학교,학교,0.6346824765205383,1
과정,교육,0.6268183588981628,1
그릇,음식,0.6678139567375183,1
기차,교통,0.6118013858795166,1
마비,혼란,0.6122421026229858,1
마음,기쁨,0.6783162951469421,3
말썽,혼란,0.526727557182312,1
면회,군대,0.5405725240707397,3
부모,가족,0.6875284910202026,1
사람,꿈,0.5610076785087585,3
사형,독재,0.5577566027641296,1
생각,후회,0.6602693200111389,1
세상,기쁨,0.6082786321640015,1
시골,시골,1,1
시작,발견,0.534450113773346,1
실화,공포,0.6056075096130371,1
심장,기쁨,0.5264105200767517,1
쌈지,신화,0.5592593550682068,1
아들,가족,0.5667959451675415,6
엄마,사랑,0.5908297300338745,7
영화,만화,0.7536719441413879,3
장면,액션,0.5999083518981934,1
졸업,여행,0.5504979491233826,1
죄수,도둑,0.5932549238204956,1
촌놈,시골,0.6466931104660034,1
팥죽,음식,0.5979743599891663,1
편지,꿈,0.625590443611145,2

Category,Count,average
기쁨,3,0.6043351491292318
시골,2,0.8233465552330017
음식,2,0.6328941583633423
가족,2,0.6271622180938721
꿈,2,0.5932990610599518
혼란,2,0.5694848299026489
감옥,1,1.0
만화,1,0.7536719441413879
후회,1,0.6602693200111389
학교,1,0.6346824765205383
교육,1,0.6268183588981628
교통,1,0.6118013858795166
상처,1,0.6098507642745972
공포,1,0.6056075096130371
액션,1,0.5999083518981934
도둑,1,0.5932549238204956
사랑,1,0.5908297300338745
신화,1,0.5592593550682068
독재,1,0.5577566027641296
여행,1,0.5504979491233826
군대,1,0.5405725240707397
발견,1,0.534450113773346
