Word,Category,Similarity,Frequency
감상,음악,0.6411212086677551,1
기억,사랑,0.6537694931030273,1
느낌,슬픔,0.6343626976013184,1
문제,갈등,0.6495088934898376,1
믹스,음악,0.5708146095275879,1
사운드,음악,0.5262696146965027,1
시작,발견,0.534450113773346,1
여론,정치,0.6992284059524536,1
영화,만화,0.7536719441413879,2
점프,액션,0.7024405002593994,1
중립,정치,0.5392723083496094,1
침대,가족,0.6759042739868164,1
캐릭터,인형,0.5306801795959473,1
파편,상처,0.570022463798523,1
화면,액션,0.6001543998718262,1

Category,Count,average
음악,3,0.5794018109639486
액션,2,0.6512974500656128
정치,2,0.6192503571510315
만화,1,0.7536719441413879
가족,1,0.6759042739868164
사랑,1,0.6537694931030273
갈등,1,0.6495088934898376
슬픔,1,0.6343626976013184
상처,1,0.570022463798523
발견,1,0.534450113773346
인형,1,0.5306801795959473
