Word,Category,Similarity,Frequency
격리,수색,0.6269633769989014,1
공포,공포,1,1
기타,음악,0.5873071551322937,1
댓글,후회,0.505795419216156,1
마음,기쁨,0.6783162951469421,1
방문,여행,0.5841829180717468,1
별장,가족,0.6181378960609436,1
불안,불안,1,1
사건,살인,0.7159186005592346,1
살해,살인,0.6861730217933655,2
시작,발견,0.534450113773346,1
신경,질병,0.5199351906776428,1
여배우,드라마,0.5256187319755554,1
연출,액션,0.5377380847930908,1
영화,만화,0.7536719441413879,6
장면,액션,0.5999083518981934,2
제작국,방송,0.6784050464630127,1
제작진,드라마,0.5286853313446045,1
줄거리,드라마,0.531794548034668,1
촬영,방송,0.6484997272491455,4
출연,방송,0.659591019153595,2
충격,충격,1,1
현장,교육,0.5853086113929749,1
화제,방송,0.5529026389122009,1

Category,Count,average
방송,4,0.6348496079444885
드라마,3,0.528699537118276
살인,2,0.7010458111763
액션,2,0.5688232183456421
공포,1,1.0
불안,1,1.0
충격,1,1.0
만화,1,0.7536719441413879
기쁨,1,0.6783162951469421
수색,1,0.6269633769989014
가족,1,0.6181378960609436
음악,1,0.5873071551322937
교육,1,0.5853086113929749
여행,1,0.5841829180717468
발견,1,0.534450113773346
질병,1,0.5199351906776428
후회,1,0.505795419216156
