Word,Category,Similarity,Frequency
가게,여행,0.5113754868507385,1
감염,질병,0.6859014630317688,1
거리,도시,0.60332190990448,1
경험,열정,0.6344258189201355,1
과학자,과학,0.5320860147476196,3
기름,전기,0.5815778970718384,1
내연,전기,0.6273136138916016,1
노력,헌신,0.6555296182632446,1
녹즙,음식,0.5968875288963318,1
도넛,괴담,0.5720226764678955,15
박쥐,해적,0.6799898743629456,1
범죄자,범죄,0.5728323459625244,1
사람,꿈,0.5610076785087585,2
사랑,사랑,1,1
살인,살인,1,6
생각,후회,0.6602693200111389,4
손해,후회,0.5230175852775574,1
식욕,기쁨,0.6447694301605225,1
실험,과학,0.6881481409072876,1
실화,공포,0.6056075096130371,1
심플,복고,0.5281141996383667,1
엄마,사랑,0.5908297300338745,1
여자,사랑,0.5380519032478333,2
영화,만화,0.7536719441413879,13
용액,저항,0.5367838740348816,2
위장,질병,0.5374902486801147,1
유출,충격,0.6404003500938416,1
이빨,상처,0.5658416748046875,1
저장,음식,0.5627219080924988,1
조절,저항,0.5050233602523804,1
조카,가족,0.5838918089866638,2
주스,음식,0.6565659046173096,1
찐따,도둑,0.6233757138252258,1
킬러,괴물,0.6982237100601196,1
평화,평등,0.671115517616272,1
피해,범죄,0.5507293343544006,1
호구,의리,0.5353814363479614,3

Category,Count,average
사랑,3,0.7096272110939026
음식,3,0.60539178053538
질병,2,0.6116958558559418
과학,2,0.6101170778274536
전기,2,0.60444575548172
후회,2,0.5916434526443481
범죄,2,0.5617808401584625
저항,2,0.520903617143631
살인,1,1.0
만화,1,0.7536719441413879
괴물,1,0.6982237100601196
해적,1,0.6799898743629456
평등,1,0.671115517616272
헌신,1,0.6555296182632446
기쁨,1,0.6447694301605225
충격,1,0.6404003500938416
열정,1,0.6344258189201355
도둑,1,0.6233757138252258
공포,1,0.6056075096130371
도시,1,0.60332190990448
가족,1,0.5838918089866638
괴담,1,0.5720226764678955
상처,1,0.5658416748046875
꿈,1,0.5610076785087585
의리,1,0.5353814363479614
복고,1,0.5281141996383667
여행,1,0.5113754868507385
