Word,Category,Similarity,Frequency
거울,용기,0.5582752227783203,1
굿바이,드라마,0.5183427333831787,1
극장판,드라마,0.5479550361633301,1
도깨비,드라마,0.5560027360916138,1
만타리,괴물,0.5030843615531921,1
미러,액션,0.5596200227737427,3
바벨,독재,0.5175973773002625,2
사랑,사랑,1,1
세계,경제,0.6071235537528992,1
작전,전투,0.6892815232276917,1
저금통,인형,0.5797374248504639,1
조종,군사,0.5176326632499695,1
지구,우주,0.7121323943138123,2
최초,발견,0.5291507840156555,1
침투,추격,0.5569692254066467,1
클론,전쟁,0.5335181951522827,7
탄생,신화,0.5951989889144897,1
토끼,동물,0.7010551691055298,1
화제,방송,0.5529026389122009,1

Category,Count,average
드라마,3,0.5407668352127075
사랑,1,1.0
우주,1,0.7121323943138123
동물,1,0.7010551691055298
전투,1,0.6892815232276917
경제,1,0.6071235537528992
신화,1,0.5951989889144897
인형,1,0.5797374248504639
액션,1,0.5596200227737427
용기,1,0.5582752227783203
추격,1,0.5569692254066467
방송,1,0.5529026389122009
전쟁,1,0.5335181951522827
발견,1,0.5291507840156555
군사,1,0.5176326632499695
독재,1,0.5175973773002625
괴물,1,0.5030843615531921
