Word,Category,Similarity,Frequency
농구,개그,0.6286988854408264,1
느낌,슬픔,0.6343626976013184,1
데이트,로맨스,0.5355676412582397,1
마음,기쁨,0.6783162951469421,1
보이,정글,0.5561686158180237,2
시그널,드라마,0.516373336315155,1
여자,사랑,0.5380519032478333,1
영상미,액션,0.5695945620536804,1
영화,만화,0.7536719441413879,1
장소,여행,0.6031988263130188,1
지망,학교,0.5863942503929138,2
티비,방송,0.6468696594238281,1
프로그램,교육,0.6089324355125427,2
흐름,질서,0.5799944400787354,1

Category,Count,average
만화,1,0.7536719441413879
기쁨,1,0.6783162951469421
방송,1,0.6468696594238281
슬픔,1,0.6343626976013184
개그,1,0.6286988854408264
교육,1,0.6089324355125427
여행,1,0.6031988263130188
학교,1,0.5863942503929138
질서,1,0.5799944400787354
액션,1,0.5695945620536804
정글,1,0.5561686158180237
사랑,1,0.5380519032478333
로맨스,1,0.5355676412582397
드라마,1,0.516373336315155
