Word,Category,Similarity,Frequency
감상,음악,0.6411212086677551,1
개별,음악,0.5007151961326599,1
괴수,괴물,0.711188793182373,5
구매,여행,0.5682201981544495,1
모바일,컴퓨터,0.590937614440918,1
시리즈,만화,0.5106303691864014,1
씨네폭스,드라마,0.537479817867279,1
영화,만화,0.7536719441413879,1
재난,재난,1,1
정액,액션,0.5344898700714111,1
출연,방송,0.659591019153595,1
플랫폼,가상현실,0.5415536761283875,1

Category,Count,average
만화,2,0.6321511566638947
음악,2,0.5709182024002075
재난,1,1.0
괴물,1,0.711188793182373
방송,1,0.659591019153595
컴퓨터,1,0.590937614440918
여행,1,0.5682201981544495
가상현실,1,0.5415536761283875
드라마,1,0.537479817867279
액션,1,0.5344898700714111
