Word,Category,Similarity,Frequency
거대,괴물,0.5640032887458801,1
그림책,만화,0.5276436805725098,1
글로벌,가상현실,0.526810348033905,1
기분,유쾌,0.6678951382637024,1
기억,사랑,0.6537694931030273,1
기차,교통,0.6118013858795166,2
꼬마,도둑,0.5964561700820923,1
도움,기대,0.5482439994812012,1
만화,만화,1,1
모험,모험,1,1
발견,발견,1,1
발휘,기대,0.5250481367111206,1
사랑,사랑,1,1
생각,후회,0.6602693200111389,1
성장,성장,1,2
실험,과학,0.6881481409072876,1
애니메이션,만화,0.68199223279953,2
열차,교통,0.6419475078582764,3
영화,만화,0.7536719441413879,2
위험,불안,0.6922099590301514,2
의견,갈등,0.5687873959541321,1
자석,용기,0.5358424782752991,1
저금통,인형,0.5797374248504639,1
제작,방송,0.6307950615882874,1
창고,감옥,0.521349310874939,1
카스,정글,0.5796198844909668,1
캐릭터,인형,0.5306801795959473,1
타운,정글,0.6139554977416992,1
화면,액션,0.6001543998718262,1
휴식,평온,0.5661240220069885,1

Category,Count,average
만화,4,0.7408269643783569
사랑,2,0.8268847465515137
교통,2,0.6268744468688965
정글,2,0.596787691116333
인형,2,0.5552088022232056
기대,2,0.5366460680961609
모험,1,1.0
발견,1,1.0
성장,1,1.0
불안,1,0.6922099590301514
과학,1,0.6881481409072876
유쾌,1,0.6678951382637024
후회,1,0.6602693200111389
방송,1,0.6307950615882874
액션,1,0.6001543998718262
도둑,1,0.5964561700820923
갈등,1,0.5687873959541321
평온,1,0.5661240220069885
괴물,1,0.5640032887458801
용기,1,0.5358424782752991
가상현실,1,0.526810348033905
감옥,1,0.521349310874939
