Word,Category,Similarity,Frequency
공동,대화,0.5171006321907043,1
기타,음악,0.5873071551322937,1
꼬마,도둑,0.5964561700820923,1
댓글,후회,0.505795419216156,1
레이스,스포츠,0.55909663438797,2
모습,꿈,0.5368646383285522,1
방문,여행,0.5841829180717468,1
사람,꿈,0.5610076785087585,2
사랑,사랑,1,1
세계,경제,0.6071235537528992,1
영화,만화,0.7536719441413879,4
제작국,방송,0.6784050464630127,1
줄거리,드라마,0.531794548034668,1
참여,기대,0.5516729950904846,1
출연,방송,0.659591019153595,1

Category,Count,average
방송,2,0.6689980328083038
꿈,2,0.5489361584186554
사랑,1,1.0
만화,1,0.7536719441413879
경제,1,0.6071235537528992
도둑,1,0.5964561700820923
음악,1,0.5873071551322937
여행,1,0.5841829180717468
스포츠,1,0.55909663438797
기대,1,0.5516729950904846
드라마,1,0.531794548034668
대화,1,0.5171006321907043
후회,1,0.505795419216156
