Word,Category,Similarity,Frequency
공연,음악,0.7031762599945068,5
기억,사랑,0.6537694931030273,1
꽃나무,꿈,0.5917254686355591,1
내시경,의료,0.5352946519851685,1
떴따,액션,1,1
몰입,열정,0.6674494743347168,1
묘목,농업,0.5282400250434875,1
민트,정글,0.5298545360565186,1
벚꽃,괴담,0.5476364493370056,4
보파,해적,0.5116661787033081,1
비극,살인,0.6638696789741516,1
비매너,도박,0.5138264894485474,1
사람,꿈,0.5610076785087585,1
사랑,사랑,1,1
생각,후회,0.6602693200111389,1
생리,심리,0.5964637398719788,1
쇼핑,음식,0.6577849984169006,1
시작,발견,0.534450113773346,2
신혼,가족,0.683169960975647,1
실수,후회,0.5709443092346191,1
아들,가족,0.5667959451675415,1
악기,음악,0.7113656997680664,1
야식,음식,0.7094607949256897,3
여자,사랑,0.5380519032478333,1
영화,만화,0.7536719441413879,3
오빠,연애,0.5599910020828247,8
오페라,뮤지컬,0.6098440885543823,5
요가,춤,0.5377565622329712,2
위장,질병,0.5374902486801147,1
음악,음악,1,1
의심,의심,1,1
이름,신화,0.5608668327331543,1
자궁,고통,0.514175295829773,1
자막,방송,0.6141181588172913,1
저녁,음식,0.5039622187614441,1
죽음,고독,0.6896678805351257,1
지각,심리,0.5895654559135437,1
지구,우주,0.7121323943138123,1
초코,우정,0.5167096853256226,1
파악,발견,0.628048837184906,1
학생,학교,0.7100017070770264,1
할인,여행,0.5819051265716553,2
행복,기쁨,0.7726561427116394,2

Category,Count,average
음악,3,0.8048473199208578
사랑,3,0.7306071321169535
음식,3,0.6237360040346781
가족,2,0.6249829530715942
후회,2,0.615606814622879
심리,2,0.5930145978927612
발견,2,0.581249475479126
꿈,2,0.5763665735721588
액션,1,1.0
의심,1,1.0
기쁨,1,0.7726561427116394
만화,1,0.7536719441413879
우주,1,0.7121323943138123
학교,1,0.7100017070770264
고독,1,0.6896678805351257
열정,1,0.6674494743347168
살인,1,0.6638696789741516
방송,1,0.6141181588172913
뮤지컬,1,0.6098440885543823
여행,1,0.5819051265716553
신화,1,0.5608668327331543
연애,1,0.5599910020828247
괴담,1,0.5476364493370056
춤,1,0.5377565622329712
질병,1,0.5374902486801147
의료,1,0.5352946519851685
정글,1,0.5298545360565186
농업,1,0.5282400250434875
우정,1,0.5167096853256226
고통,1,0.514175295829773
도박,1,0.5138264894485474
해적,1,0.5116661787033081
