Word,Category,Similarity,Frequency
감옥,감옥,1,1
경향,정치,0.5916027426719666,1
급진,정치,0.6808769106864929,1
기대,기대,1,1
남자,사랑,0.5456969141960144,5
납치,살인,0.6689104437828064,1
당황,충격,0.6099472045898438,1
드라마,드라마,1,1
면담,대화,0.6571536660194397,1
분노,분노,1,1
상대,추격,0.558393657207489,1
성공,성장,0.6859850287437439,1
섹시,액션,0.6481122970581055,1
솜씨,춤,0.5051486492156982,1
수감,감옥,0.6253129839897156,1
시술,의료,0.535426676273346,1
애인,연애,0.6649367809295654,1
액션,액션,1,1
여자,사랑,0.5380519032478333,8
여혐,폭력,0.655264139175415,1
연기자,드라마,0.6007305979728699,1
영화,만화,0.7536719441413879,3
영화인,다큐멘터리,0.5932591557502747,1
인상,기대,0.6044384241104126,1
장면,액션,0.5999083518981934,1
정신병원,정신병,0.5938902497291565,1
조크,좀비,0.6124228835105896,1
창궐,전쟁,0.6036671996116638,1
추천,여행,0.5768113136291504,1
출연,방송,0.659591019153595,1
킬러,괴물,0.6982237100601196,2
파견,군대,0.592928946018219,1
표정,유쾌,0.5511194467544556,1
피부,상처,0.6124958992004395,1
항변,심리,0.5061143040657043,1

Category,Count,average
액션,3,0.7493402163187662
감옥,2,0.8126564919948578
기대,2,0.8022192120552063
드라마,2,0.8003652989864349
정치,2,0.6362398266792297
사랑,2,0.5418744087219238
분노,1,1.0
만화,1,0.7536719441413879
괴물,1,0.6982237100601196
성장,1,0.6859850287437439
살인,1,0.6689104437828064
연애,1,0.6649367809295654
방송,1,0.659591019153595
대화,1,0.6571536660194397
폭력,1,0.655264139175415
상처,1,0.6124958992004395
좀비,1,0.6124228835105896
충격,1,0.6099472045898438
전쟁,1,0.6036671996116638
정신병,1,0.5938902497291565
다큐멘터리,1,0.5932591557502747
군대,1,0.592928946018219
여행,1,0.5768113136291504
추격,1,0.558393657207489
유쾌,1,0.5511194467544556
의료,1,0.535426676273346
심리,1,0.5061143040657043
춤,1,0.5051486492156982
