Word,Category,Similarity,Frequency
공격,전투,0.6404148936271667,3
기억,사랑,0.6537694931030273,1
긴박감,유쾌,0.531667947769165,1
독특,춤,0.5334261655807495,1
매력,열정,0.6489761471748352,1
문제점,사회문제,0.5382509231567383,1
바다,바다,1,1
빙하,해양,0.6379818916320801,2
사냥,전투,0.6896240711212158,3
상어,동물,0.6303016543388367,7
상황,혼란,0.6442916989326477,1
시작,발견,0.534450113773346,1
식인,괴물,0.5691968202590942,2
실종,살인,0.5558342933654785,2
영화,만화,0.7536719441413879,8
예고편,드라마,0.5787103772163391,1
원주민,해양,0.511862576007843,1
점령,전쟁,0.6118645668029785,1
추천,여행,0.5768113136291504,1
탐욕,욕망,0.6861580610275269,1
파악,발견,0.628048837184906,1
화면,액션,0.6001543998718262,1

Category,Count,average
전투,2,0.6650194823741913
발견,2,0.581249475479126
해양,2,0.5749222338199615
바다,1,1.0
만화,1,0.7536719441413879
욕망,1,0.6861580610275269
사랑,1,0.6537694931030273
열정,1,0.6489761471748352
혼란,1,0.6442916989326477
동물,1,0.6303016543388367
전쟁,1,0.6118645668029785
액션,1,0.6001543998718262
드라마,1,0.5787103772163391
여행,1,0.5768113136291504
괴물,1,0.5691968202590942
살인,1,0.5558342933654785
사회문제,1,0.5382509231567383
춤,1,0.5334261655807495
유쾌,1,0.531667947769165
