Word,Category,Similarity,Frequency
가족,가족,1,2
강도,저항,0.6040131449699402,1
과학자,과학,0.5320860147476196,1
관람,여행,0.5587009191513062,1
국가,경제,0.7089344263076782,1
남자,사랑,0.5456969141960144,1
눈사태,재난,0.5694915652275085,1
동반,가족,0.6541745662689209,1
드라마,드라마,1,1
모험,모험,1,1
배급,교육,0.5531435608863831,1
벙커,감옥,0.5676894187927246,1
빙하,해양,0.6379818916320801,1
성공,성장,0.6859850287437439,1
세상,기쁨,0.6082786321640015,1
어부,해적,0.6063424944877625,1
역경,절망,0.6212114691734314,1
영화,만화,0.7536719441413879,4
온몸,상처,0.5155565738677979,1
위기,혼란,0.6975850462913513,1
위험,불안,0.6922099590301514,1
자료,교육,0.5909054279327393,1
장르,음악,0.7329081892967224,1
재난,재난,1,1
재앙,혼란,0.6300399303436279,1
전역,전쟁,0.5050873756408691,1
줄거리,드라마,0.531794548034668,1
지구,우주,0.7121323943138123,1
지루,후회,0.5244942307472229,2
지역,도시,0.7241222858428955,1
출연,방송,0.659591019153595,1

Category,Count,average
가족,2,0.8270872831344604
재난,2,0.7847457826137543
드라마,2,0.765897274017334
혼란,2,0.6638124883174896
교육,2,0.5720244944095612
모험,1,1.0
만화,1,0.7536719441413879
음악,1,0.7329081892967224
도시,1,0.7241222858428955
우주,1,0.7121323943138123
경제,1,0.7089344263076782
불안,1,0.6922099590301514
성장,1,0.6859850287437439
방송,1,0.659591019153595
해양,1,0.6379818916320801
절망,1,0.6212114691734314
기쁨,1,0.6082786321640015
해적,1,0.6063424944877625
저항,1,0.6040131449699402
감옥,1,0.5676894187927246
여행,1,0.5587009191513062
사랑,1,0.5456969141960144
과학,1,0.5320860147476196
후회,1,0.5244942307472229
상처,1,0.5155565738677979
전쟁,1,0.5050873756408691
