Word,Category,Similarity,Frequency
강타,충격,0.5686725378036499,1
괴물,괴물,1,2
기타,음악,0.5873071551322937,1
댓글,후회,0.505795419216156,1
돌연변이,외계인,0.5175120830535889,1
멸종,동물,0.6045740246772766,1
발사,전투,0.5510220527648926,1
방문,여행,0.5841829180717468,1
사투,추격,0.57225102186203,1
시작,발견,0.534450113773346,1
실수,후회,0.5709443092346191,1
여정,이별,0.6358245611190796,1
연구소,과학,0.5466880202293396,1
영화,만화,0.7536719441413879,4
위기,혼란,0.6975850462913513,1
이해,철학,0.5395932197570801,1
인분,음식,0.5896769762039185,2
전역,전쟁,0.5050873756408691,1
제약,환경,0.6168046593666077,2
제작국,방송,0.6784050464630127,1
줄거리,드라마,0.531794548034668,1
지구,우주,0.7121323943138123,1
지하실,감옥,0.6286341547966003,1
출연,방송,0.659591019153595,1
퇴치,질병,0.6471990942955017,1

Category,Count,average
방송,2,0.6689980328083038
후회,2,0.5383698642253876
괴물,1,1.0
만화,1,0.7536719441413879
우주,1,0.7121323943138123
혼란,1,0.6975850462913513
질병,1,0.6471990942955017
이별,1,0.6358245611190796
감옥,1,0.6286341547966003
환경,1,0.6168046593666077
동물,1,0.6045740246772766
음식,1,0.5896769762039185
음악,1,0.5873071551322937
여행,1,0.5841829180717468
추격,1,0.57225102186203
충격,1,0.5686725378036499
전투,1,0.5510220527648926
과학,1,0.5466880202293396
철학,1,0.5395932197570801
발견,1,0.534450113773346
드라마,1,0.531794548034668
외계인,1,0.5175120830535889
전쟁,1,0.5050873756408691
