Word,Category,Similarity,Frequency
가능,여행,0.6136982440948486,9
가족,가족,1,1
공포,공포,1,1
관람,여행,0.5587009191513062,7
금지,도박,0.519909143447876,1
댓글,후회,0.505795419216156,1
도달,발견,0.5293484926223755,2
도움,기대,0.5482439994812012,1
드라마,드라마,1,3
로맨스,로맨스,1,1
맛집,음식,0.6337778568267822,1
무단,폭력,0.5057473182678223,1
미스터리,미스터리,1,1
법칙,철학,0.6116989850997925,1
복제,동물,0.5838690400123596,1
사람,꿈,0.5610076785087585,1
사진,미술,0.5546669960021973,1
액션,액션,1,1
영화,만화,0.7536719441413879,17
예고편,드라마,0.5787103772163391,14
일상,유쾌,0.5978867411613464,1
자연,환경,0.6941760182380676,1
장르,음악,0.7329081892967224,4
정보,교통,0.6121577620506287,14
청소년,교육,0.5544909238815308,1
캐럴,음악,0.5264343619346619,1
코미디,코미디,1,2
티켓,여행,0.6218228340148926,2
할인,여행,0.5819051265716553,2
행복,기쁨,0.7726561427116394,2

Category,Count,average
여행,4,0.5940317809581757
드라마,2,0.7893551886081696
음악,2,0.6296712756156921
가족,1,1.0
공포,1,1.0
로맨스,1,1.0
미스터리,1,1.0
액션,1,1.0
코미디,1,1.0
기쁨,1,0.7726561427116394
만화,1,0.7536719441413879
환경,1,0.6941760182380676
음식,1,0.6337778568267822
교통,1,0.6121577620506287
철학,1,0.6116989850997925
유쾌,1,0.5978867411613464
동물,1,0.5838690400123596
꿈,1,0.5610076785087585
미술,1,0.5546669960021973
교육,1,0.5544909238815308
기대,1,0.5482439994812012
발견,1,0.5293484926223755
도박,1,0.519909143447876
후회,1,0.505795419216156
폭력,1,0.5057473182678223
