Word,Category,Similarity,Frequency
감정,심리,0.7588332891464233,1
경험,열정,0.6344258189201355,1
공부,교육,0.6627280712127686,1
관람,여행,0.5587009191513062,1
남자,사랑,0.5456969141960144,2
느낌,슬픔,0.6343626976013184,4
독학,철학,0.558799147605896,1
드라마,드라마,1,1
로맨스,로맨스,1,1
모노,액션,0.5181670784950256,1
배려,헌신,0.6277512907981873,1
상영,방송,0.6350025534629822,1
생각,후회,0.6602693200111389,2
생활,환경,0.7009555697441101,1
시작,발견,0.534450113773346,1
영화,만화,0.7536719441413879,4
장르,음악,0.7329081892967224,1
충격,충격,1,1

Category,Count,average
드라마,1,1.0
로맨스,1,1.0
충격,1,1.0
심리,1,0.7588332891464233
만화,1,0.7536719441413879
음악,1,0.7329081892967224
환경,1,0.7009555697441101
교육,1,0.6627280712127686
후회,1,0.6602693200111389
방송,1,0.6350025534629822
열정,1,0.6344258189201355
슬픔,1,0.6343626976013184
헌신,1,0.6277512907981873
철학,1,0.558799147605896
여행,1,0.5587009191513062
사랑,1,0.5456969141960144
발견,1,0.534450113773346
액션,1,0.5181670784950256
