Word,Category,Similarity,Frequency
결혼,연애,0.6863196492195129,1
공격,전투,0.6404148936271667,2
괭이,꿈,0.5881199836730957,1
괴물,괴물,1,1
국가,경제,0.7089344263076782,1
기대,기대,1,1
기타,음악,0.5873071551322937,1
댓글,후회,0.505795419216156,1
도시,도시,1,1
마음,기쁨,0.6783162951469421,1
목마,괴물,0.611541211605072,1
반역자,배신,0.5672177672386169,1
방문,여행,0.5841829180717468,1
시작,발견,0.534450113773346,1
영웅,신화,0.649358868598938,1
영화,만화,0.7536719441413879,4
욕망,욕망,1,1
임신,질병,0.5124660134315491,1
전술,군사,0.6583124399185181,1
전쟁,전쟁,1,1
제작국,방송,0.6784050464630127,1
줄거리,드라마,0.531794548034668,1
출산,교육,0.600229024887085,1
출연,방송,0.659591019153595,1
테킨,액션,1,1
함락,멸망,0.70522141456604,1
협박,폭력,0.6928228735923767,1
후회,후회,1,1

Category,Count,average
괴물,2,0.805770605802536
후회,2,0.752897709608078
방송,2,0.6689980328083038
기대,1,1.0
도시,1,1.0
욕망,1,1.0
전쟁,1,1.0
액션,1,1.0
만화,1,0.7536719441413879
경제,1,0.7089344263076782
멸망,1,0.70522141456604
폭력,1,0.6928228735923767
연애,1,0.6863196492195129
기쁨,1,0.6783162951469421
군사,1,0.6583124399185181
신화,1,0.649358868598938
전투,1,0.6404148936271667
교육,1,0.600229024887085
꿈,1,0.5881199836730957
음악,1,0.5873071551322937
여행,1,0.5841829180717468
배신,1,0.5672177672386169
발견,1,0.534450113773346
드라마,1,0.531794548034668
질병,1,0.5124660134315491
