Word,Category,Similarity,Frequency
격전,전투,0.6579527854919434,1
고뇌,고독,0.6679061055183411,1
기타,음악,0.5873071551322937,1
댓글,후회,0.505795419216156,1
목마,괴물,0.611541211605072,1
방문,여행,0.5841829180717468,1
불멸,고독,0.5689334273338318,1
사랑,사랑,1,1
영웅,신화,0.649358868598938,2
영화,만화,0.7536719441413879,4
왕자,도둑,0.5981267690658569,1
전장,전투,0.6298407316207886,1
전쟁,전쟁,1,2
절망,절망,1,1
제작국,방송,0.6784050464630127,1
죽음,고독,0.6896678805351257,2
줄거리,드라마,0.531794548034668,1
참전,전쟁,0.659963071346283,1
출연,방송,0.659591019153595,1

Category,Count,average
고독,3,0.6421691377957662
전쟁,2,0.8299815356731415
방송,2,0.6689980328083038
전투,2,0.643896758556366
사랑,1,1.0
절망,1,1.0
만화,1,0.7536719441413879
신화,1,0.649358868598938
괴물,1,0.611541211605072
도둑,1,0.5981267690658569
음악,1,0.5873071551322937
여행,1,0.5841829180717468
드라마,1,0.531794548034668
후회,1,0.505795419216156
