Word,Category,Similarity,Frequency
강도,저항,0.6040131449699402,1
결박,충격,0.5497443079948425,1
공급,교육,0.5476977229118347,1
기타,음악,0.5873071551322937,1
남녀,평등,0.5715689063072205,1
댓글,후회,0.505795419216156,1
마약,범죄,0.71501225233078,3
말살,폭력,0.5722002983093262,1
발견,발견,1,1
방문,여행,0.5841829180717468,1
사람,꿈,0.5610076785087585,1
살인,살인,1,1
상처,상처,1,1
상황,혼란,0.6442916989326477,1
시리즈,만화,0.5106303691864014,1
아내,가족,0.582758903503418,1
아동,가족,0.6625723242759705,1
악화,혼란,0.6455839276313782,1
영화,만화,0.7536719441413879,4
이름,신화,0.5608668327331543,1
이사,고문,0.5024828314781189,1
이웃집,도둑,0.5190346240997314,1
인질극,살인,0.5481806397438049,1
제작국,방송,0.6784050464630127,1
줄거리,드라마,0.531794548034668,1
중독자,도박,0.5584331154823303,1
즐거움,기쁨,0.6185970902442932,2
출연,방송,0.659591019153595,1
폭행,폭력,0.7447036504745483,1
흥분,충격,0.5841286778450012,1

Category,Count,average
살인,2,0.7740903198719025
방송,2,0.6689980328083038
폭력,2,0.6584519743919373
혼란,2,0.6449378132820129
만화,2,0.6321511566638947
가족,2,0.6226656138896942
충격,2,0.5669364929199219
발견,1,1.0
상처,1,1.0
범죄,1,0.71501225233078
기쁨,1,0.6185970902442932
저항,1,0.6040131449699402
음악,1,0.5873071551322937
여행,1,0.5841829180717468
평등,1,0.5715689063072205
꿈,1,0.5610076785087585
신화,1,0.5608668327331543
도박,1,0.5584331154823303
교육,1,0.5476977229118347
드라마,1,0.531794548034668
도둑,1,0.5190346240997314
후회,1,0.505795419216156
고문,1,0.5024828314781189
