Word,Category,Similarity,Frequency
관람,여행,0.5587009191513062,2
괴력,마법,0.5919566750526428,2
국가,경제,0.7089344263076782,2
남자,사랑,0.5456969141960144,2
대결,갈등,0.5924415588378906,2
댄서,춤,0.6082887053489685,3
드라마,드라마,1,2
마비,혼란,0.6122421026229858,2
범죄,범죄,1,1
상영,방송,0.6350025534629822,1
성인,교육,0.5841577649116516,1
스릴러,스릴러,1,1
시작,발견,0.534450113773346,2
신참,탐정,0.7088950276374817,3
신체,자아,0.5770981311798096,2
액션,액션,1,2
영화,만화,0.7536719441413879,8
예상,기대,0.655988872051239,2
유머,개그,0.6961884498596191,1
장르,음악,0.7329081892967224,2
저택,감옥,0.6136187314987183,3
정보,교통,0.6121577620506287,11
죽음,고독,0.6896678805351257,2
줄거리,드라마,0.531794548034668,5
증폭,충격,0.6132881045341492,2
청소년,교육,0.5544909238815308,2
토너먼트,서바이벌,0.5453768372535706,11

Category,Count,average
드라마,2,0.765897274017334
교육,2,0.5693243443965912
범죄,1,1.0
스릴러,1,1.0
액션,1,1.0
만화,1,0.7536719441413879
음악,1,0.7329081892967224
경제,1,0.7089344263076782
탐정,1,0.7088950276374817
개그,1,0.6961884498596191
고독,1,0.6896678805351257
기대,1,0.655988872051239
방송,1,0.6350025534629822
감옥,1,0.6136187314987183
충격,1,0.6132881045341492
혼란,1,0.6122421026229858
교통,1,0.6121577620506287
춤,1,0.6082887053489685
갈등,1,0.5924415588378906
마법,1,0.5919566750526428
자아,1,0.5770981311798096
여행,1,0.5587009191513062
사랑,1,0.5456969141960144
서바이벌,1,0.5453768372535706
발견,1,0.534450113773346
