Word,Category,Similarity,Frequency
남자,사랑,0.5456969141960144,1
녹음,음악,0.6460626721382141,1
더빙,방송,0.5857229828834534,2
믹스,음악,0.5708146095275879,1
부가,교통,0.571665346622467,1
사운드,음악,0.5262696146965027,1
스콜,정글,0.5271705389022827,1
여자,사랑,0.5380519032478333,1
연출,액션,0.5377380847930908,1
영화,만화,0.7536719441413879,1
오디오,컴퓨터,0.5893809199333191,1
와치,좀비,0.5248814225196838,1
외화,경제,0.5344226360321045,1
쟈코,액션,1,1
제공,여행,0.6024255156517029,1
죠니,해적,0.6052988171577454,1
형사,탐정,0.7352063655853271,2

Category,Count,average
음악,3,0.5810489654541016
액션,2,0.7688690423965454
사랑,2,0.5418744087219238
만화,1,0.7536719441413879
탐정,1,0.7352063655853271
해적,1,0.6052988171577454
여행,1,0.6024255156517029
컴퓨터,1,0.5893809199333191
방송,1,0.5857229828834534
교통,1,0.571665346622467
경제,1,0.5344226360321045
정글,1,0.5271705389022827
좀비,1,0.5248814225196838
