Word,Category,Similarity,Frequency
감동,기쁨,0.6450744271278381,2
경험,열정,0.6344258189201355,1
과정,교육,0.6268183588981628,1
극복,고통,0.6304678916931152,1
내면,내면,1,1
능력,교육,0.6137364506721497,4
대결,갈등,0.5924415588378906,1
매력,열정,0.6489761471748352,1
면모,자아,0.5388920903205872,1
모습,꿈,0.5368646383285522,2
모험,모험,1,1
발견,발견,1,1
발휘,기대,0.5250481367111206,1
변화,성장,0.7235260605812073,1
생각,후회,0.6602693200111389,1
서퍼,정글,0.6194541454315186,8
성장,성장,1,3
세상,기쁨,0.6082786321640015,3
스펙터클,코미디,0.5635918378829956,1
액션,액션,1,1
여정,이별,0.6358245611190796,1
여행,여행,1,1
영화,만화,0.7536719441413879,8
용기,용기,1,1
위협,폭력,0.639009416103363,4
유쾌,유쾌,1,1
인기,여행,0.6119158267974854,1
인물,정치,0.5848035216331482,1
잠재력,성장,0.5360828042030334,1
장면,액션,0.5999083518981934,1
재미,모험,0.6051297187805176,1
전투,전투,1,1
주목,기대,0.562468945980072,1
책임,윤리,0.6478115320205688,1
캐릭터,인형,0.5306801795959473,3
판타스틱,드라마,0.5803945660591125,3
표현,대화,0.5644240975379944,1
행성,우주,0.7238700985908508,1
향상,상실,0.5663236975669861,1
화합,평등,0.6265491247177124,1
효과,기대,0.5692968964576721,1

Category,Count,average
성장,3,0.7532029549280802
기대,3,0.552271326382955
여행,2,0.8059579133987427
모험,2,0.8025648593902588
액션,2,0.7999541759490967
열정,2,0.6417009830474854
기쁨,2,0.6266765296459198
교육,2,0.6202774047851562
내면,1,1.0
발견,1,1.0
용기,1,1.0
유쾌,1,1.0
전투,1,1.0
만화,1,0.7536719441413879
우주,1,0.7238700985908508
후회,1,0.6602693200111389
윤리,1,0.6478115320205688
폭력,1,0.639009416103363
이별,1,0.6358245611190796
고통,1,0.6304678916931152
평등,1,0.6265491247177124
정글,1,0.6194541454315186
갈등,1,0.5924415588378906
정치,1,0.5848035216331482
드라마,1,0.5803945660591125
상실,1,0.5663236975669861
대화,1,0.5644240975379944
코미디,1,0.5635918378829956
자아,1,0.5388920903205872
꿈,1,0.5368646383285522
인형,1,0.5306801795959473
