Word,Category,Similarity,Frequency
경험,열정,0.6344258189201355,1
관람,여행,0.5587009191513062,1
기대감,기대,0.6246221661567688,1
남녀,평등,0.5715689063072205,2
느낌,슬픔,0.6343626976013184,1
단편,만화,0.737099826335907,1
도전,열정,0.6956499814987183,1
드라마,드라마,1,2
로맨스,로맨스,1,1
만족,기대,0.6570032238960266,1
발전,성장,0.7311267852783203,1
비중,성장,0.5152275562286377,2
비평,윤리,0.6509755849838257,1
사람,꿈,0.5610076785087585,3
상영,방송,0.6350025534629822,1
상황,혼란,0.6442916989326477,1
생각,후회,0.6602693200111389,1
생활,환경,0.7009555697441101,1
성공,성장,0.6859850287437439,1
성인물,만화,0.6097959876060486,2
엄벌,폭력,0.6351519227027893,1
연극,미술,0.7502412796020508,1
연인,사랑,0.6981024742126465,1
영화,만화,0.7536719441413879,17
이름,신화,0.5608668327331543,1
이해,철학,0.5395932197570801,1
인기,여행,0.6119158267974854,1
자료,교육,0.5909054279327393,1
작가,만화,0.6290877461433411,2
작정,기쁨,0.5546167492866516,1
장르,음악,0.7329081892967224,1
제작,방송,0.6307950615882874,1
출연,방송,0.659591019153595,1
코미디,코미디,1,1
팬픽,만화,0.7195990681648254,1

Category,Count,average
만화,5,0.689850914478302
성장,3,0.6441131234169006
방송,3,0.6417962114016215
열정,2,0.6650379002094269
기대,2,0.6408126950263977
여행,2,0.5853083729743958
드라마,1,1.0
로맨스,1,1.0
코미디,1,1.0
미술,1,0.7502412796020508
음악,1,0.7329081892967224
환경,1,0.7009555697441101
사랑,1,0.6981024742126465
후회,1,0.6602693200111389
윤리,1,0.6509755849838257
혼란,1,0.6442916989326477
폭력,1,0.6351519227027893
슬픔,1,0.6343626976013184
교육,1,0.5909054279327393
평등,1,0.5715689063072205
꿈,1,0.5610076785087585
신화,1,0.5608668327331543
기쁨,1,0.5546167492866516
철학,1,0.5395932197570801
