Word,Category,Similarity,Frequency
교류,대화,0.6140486598014832,1
군대,군대,1,2
그림자,유령,0.5297560691833496,2
납치,살인,0.6689104437828064,1
대결,갈등,0.5924415588378906,1
도착,여행,0.6466491222381592,1
마력,마법,0.671467125415802,1
마법,마법,1,1
마법사,판타지,0.5302509665489197,1
상영,방송,0.6350025534629822,1
성공,성장,0.6859850287437439,1
시작,발견,0.534450113773346,1
영화,만화,0.7536719441413879,6
왕자,도둑,0.5981267690658569,2
일상,유쾌,0.5978867411613464,1
자료,교육,0.5909054279327393,1
장르,음악,0.7329081892967224,1
전쟁,전쟁,1,1
정보,교통,0.6121577620506287,6
제작,방송,0.6307950615882874,1
줄거리,드라마,0.531794548034668,4
축적,상실,0.5977131724357605,1
탄생,신화,0.5951989889144897,8
판타지,판타지,1,2

Category,Count,average
마법,2,0.835733562707901
판타지,2,0.7651254832744598
방송,2,0.6328988075256348
군대,1,1.0
전쟁,1,1.0
만화,1,0.7536719441413879
음악,1,0.7329081892967224
성장,1,0.6859850287437439
살인,1,0.6689104437828064
여행,1,0.6466491222381592
대화,1,0.6140486598014832
교통,1,0.6121577620506287
도둑,1,0.5981267690658569
유쾌,1,0.5978867411613464
상실,1,0.5977131724357605
신화,1,0.5951989889144897
갈등,1,0.5924415588378906
교육,1,0.5909054279327393
발견,1,0.534450113773346
드라마,1,0.531794548034668
유령,1,0.5297560691833496
