Word,Category,Similarity,Frequency
미움,사랑,0.7050434350967407,1
사계,바다,0.5107438564300537,1
사람,꿈,0.5610076785087585,2
삼시,음식,0.5802505016326904,1
생각,후회,0.6602693200111389,1
세끼,음식,0.6031674742698669,1
실감,기대,0.5343434810638428,1
연인,사랑,0.6981024742126465,2
영화,만화,0.7536719441413879,6
웃음,개그,0.6434062123298645,1
인상,기대,0.6044384241104126,1
일상,유쾌,0.5978867411613464,1
줄거리,드라마,0.531794548034668,1
집안,가족,0.6251765489578247,1
채널,방송,0.7239679098129272,1
추천,여행,0.5768113136291504,1
코미디,코미디,1,2
코믹,만화,0.7493361830711365,1
프랑,좀비,0.5526185035705566,1
해결,갈등,0.5887223482131958,1

Category,Count,average
만화,2,0.7515040636062622
사랑,2,0.7015729546546936
음식,2,0.5917089879512787
기대,2,0.5693909525871277
코미디,1,1.0
방송,1,0.7239679098129272
후회,1,0.6602693200111389
개그,1,0.6434062123298645
가족,1,0.6251765489578247
유쾌,1,0.5978867411613464
갈등,1,0.5887223482131958
여행,1,0.5768113136291504
꿈,1,0.5610076785087585
좀비,1,0.5526185035705566
드라마,1,0.531794548034668
바다,1,0.5107438564300537
