Word,Category,Similarity,Frequency
가족,가족,1,3
관람,여행,0.5587009191513062,1
국가,경제,0.7089344263076782,1
남극,해양,0.7013386487960815,1
들판,바다,0.5628754496574402,2
상영,방송,0.6350025534629822,1
소굴,음모,0.5808374881744385,1
악당,좀비,0.6801067590713501,3
애니메이션,만화,0.68199223279953,1
얼음,바다,0.6190788745880127,2
영화,만화,0.7536719441413879,7
위기,혼란,0.6975850462913513,1
음모,음모,1,1
장르,음악,0.7329081892967224,1
정보,교통,0.6121577620506287,9
줄거리,드라마,0.531794548034668,3
펭귄,동물,0.6782269477844238,2
펭이,액션,1,1

Category,Count,average
음모,2,0.7904187440872192
만화,2,0.717832088470459
바다,2,0.5909771621227264
가족,1,1.0
액션,1,1.0
음악,1,0.7329081892967224
경제,1,0.7089344263076782
해양,1,0.7013386487960815
혼란,1,0.6975850462913513
좀비,1,0.6801067590713501
동물,1,0.6782269477844238
방송,1,0.6350025534629822
교통,1,0.6121577620506287
여행,1,0.5587009191513062
드라마,1,0.531794548034668
