Word,Category,Similarity,Frequency
애니,만화,0.7641763091087341,1
이웃,가족,0.6304181218147278,1
일드,탐정,0.553085446357727,1

Category,Count,average
만화,1,0.7641763091087341
가족,1,0.6304181218147278
탐정,1,0.553085446357727
