Word,Category,Similarity,Frequency
공격,전투,0.6404148936271667,1
괴한,폭력,0.6403436660766602,2
기타,음악,0.5873071551322937,1
댓글,후회,0.505795419216156,1
몰살,배신,0.5945814251899719,1
방문,여행,0.5841829180717468,3
벙커,감옥,0.5676894187927246,1
선택,희망,0.5827092528343201,1
숙적,배신,0.547491729259491,2
스나이퍼,서바이벌,0.5032299160957336,2
습격,반란,0.656060516834259,2
시작,발견,0.534450113773346,1
아내,가족,0.582758903503418,2
여자,사랑,0.5380519032478333,2
영화,만화,0.7536719441413879,5
전쟁,전쟁,1,2
전편,만화,0.6458731293678284,1
제작국,방송,0.6784050464630127,1
줄거리,드라마,0.531794548034668,1
추천,여행,0.5768113136291504,1
출연,방송,0.659591019153595,1
파워,액션,0.5782656669616699,1
평화,평등,0.671115517616272,2
포옹,이별,0.6516401767730713,1

Category,Count,average
만화,2,0.6997725367546082
방송,2,0.6689980328083038
여행,2,0.5804971158504486
배신,2,0.5710365772247314
전쟁,1,1.0
평등,1,0.671115517616272
반란,1,0.656060516834259
이별,1,0.6516401767730713
전투,1,0.6404148936271667
폭력,1,0.6403436660766602
음악,1,0.5873071551322937
가족,1,0.582758903503418
희망,1,0.5827092528343201
액션,1,0.5782656669616699
감옥,1,0.5676894187927246
사랑,1,0.5380519032478333
발견,1,0.534450113773346
드라마,1,0.531794548034668
후회,1,0.505795419216156
서바이벌,1,0.5032299160957336
