Word,Category,Similarity,Frequency
기타,음악,0.5873071551322937,1
납치,살인,0.6689104437828064,1
댓글,후회,0.505795419216156,1
문제,갈등,0.6495088934898376,1
미행,수색,0.6467276811599731,2
방문,여행,0.5841829180717468,1
벙커,감옥,0.5676894187927246,5
석방,수색,0.5163789987564087,1
숙적,배신,0.547491729259491,2
습격,반란,0.656060516834259,4
시작,발견,0.534450113773346,2
아내,가족,0.582758903503418,1
암호,과학,0.5643569827079773,3
액션,액션,1,1
영화,만화,0.7536719441413879,9
예고편,드라마,0.5787103772163391,1
은퇴,미래,0.5451258420944214,1
자금,경제,0.6157529950141907,2
자취,충격,0.5353209376335144,2
전쟁,전쟁,1,3
제작국,방송,0.6784050464630127,1
줄거리,드라마,0.531794548034668,1
첨단,과학,0.6612845063209534,2
총격전,수색,0.5613901019096375,2
추천,여행,0.5768113136291504,1
출연,방송,0.659591019153595,1
통화,경제,0.6143816113471985,1
투자,경제,0.6519772410392761,1
화폐,경제,0.6498469114303589,2

Category,Count,average
경제,4,0.632989689707756
수색,3,0.5748322606086731
방송,2,0.6689980328083038
과학,2,0.6128207445144653
여행,2,0.5804971158504486
드라마,2,0.5552524626255035
액션,1,1.0
전쟁,1,1.0
만화,1,0.7536719441413879
살인,1,0.6689104437828064
반란,1,0.656060516834259
갈등,1,0.6495088934898376
음악,1,0.5873071551322937
가족,1,0.582758903503418
감옥,1,0.5676894187927246
배신,1,0.547491729259491
미래,1,0.5451258420944214
충격,1,0.5353209376335144
발견,1,0.534450113773346
후회,1,0.505795419216156
