Word,Category,Similarity,Frequency
강요,용서,0.5793744921684265,1
관람,여행,0.5587009191513062,1
국가,경제,0.7089344263076782,1
드라마,드라마,1,2
배급,교육,0.5531435608863831,1
베드,액션,0.6053483486175537,1
부대원,군대,0.5070174336433411,1
사건,살인,0.7159186005592346,1
성매매,범죄,0.5581015944480896,1
시위,폭력,0.688738226890564,1
심정,슬픔,0.5811508297920227,1
어부,해적,0.6063424944877625,1
여배우,드라마,0.5256187319755554,1
영화,만화,0.7536719441413879,2
장르,음악,0.7329081892967224,1
제작,방송,0.6307950615882874,1
줄거리,드라마,0.531794548034668,1
촬영,방송,0.6484997272491455,1
추적,수색,0.6436203122138977,1
출연,방송,0.659591019153595,1
퇴역,전쟁,0.5382692813873291,1
혐의,범죄,0.6398565173149109,1

Category,Count,average
드라마,3,0.6858044266700745
방송,3,0.6462952693303426
범죄,2,0.5989790558815002
만화,1,0.7536719441413879
음악,1,0.7329081892967224
살인,1,0.7159186005592346
경제,1,0.7089344263076782
폭력,1,0.688738226890564
수색,1,0.6436203122138977
해적,1,0.6063424944877625
액션,1,0.6053483486175537
슬픔,1,0.5811508297920227
용서,1,0.5793744921684265
여행,1,0.5587009191513062
교육,1,0.5531435608863831
전쟁,1,0.5382692813873291
군대,1,0.5070174336433411
