Word,Category,Similarity,Frequency
가정,가족,0.7013463377952576,1
가책,죄책감,0.6077348589897156,1
고발,범죄,0.5842509865760803,2
군대,군대,1,5
기억,사랑,0.6537694931030273,1
누나,가족,0.5465071797370911,2
단체,종교,0.635517418384552,1
도움,기대,0.5482439994812012,1
마음,기쁨,0.6783162951469421,1
매형,가족,0.5463218688964844,2
면회,군대,0.5405725240707397,1
모습,꿈,0.5368646383285522,3
복종,저항,0.6003823280334473,2
사회,경제,0.8096231818199158,2
생각,후회,0.6602693200111389,3
선임,고문,0.5488312840461731,5
실감,기대,0.5343434810638428,1
영화,만화,0.7536719441413879,4
외박,군대,0.5808060169219971,1
자국,전쟁,0.5191842913627625,1
주먹,도둑,0.5742208957672119,2
치과,의료,0.7078388929367065,1
치료,질병,0.7063292264938354,1
폭력,폭력,1,4
폭행,폭력,0.7447036504745483,1
합의,대화,0.6029186844825745,1

Category,Count,average
군대,3,0.7071261803309122
가족,3,0.5980584621429443
폭력,2,0.8723518252372742
기대,2,0.541293740272522
경제,1,0.8096231818199158
만화,1,0.7536719441413879
의료,1,0.7078388929367065
질병,1,0.7063292264938354
기쁨,1,0.6783162951469421
후회,1,0.6602693200111389
사랑,1,0.6537694931030273
종교,1,0.635517418384552
죄책감,1,0.6077348589897156
대화,1,0.6029186844825745
저항,1,0.6003823280334473
범죄,1,0.5842509865760803
도둑,1,0.5742208957672119
고문,1,0.5488312840461731
꿈,1,0.5368646383285522
전쟁,1,0.5191842913627625
