Word,Category,Similarity,Frequency
결탁,갈등,0.6806472539901733,1
관람,여행,0.5587009191513062,1
국가,경제,0.7089344263076782,1
마약,범죄,0.71501225233078,4
무법,독재,0.5962036848068237,1
미궁,모험,0.6382749080657959,1
발견,발견,1,1
방향,미래,0.5546501278877258,1
범죄,범죄,1,3
사건,살인,0.7159186005592346,1
수사,범죄,0.673683226108551,4
시작,발견,0.534450113773346,1
실패,후회,0.6084508299827576,1
싸움,전투,0.6696678996086121,1
악명,범죄,0.6093400716781616,1
액션,액션,1,1
영화,만화,0.7536719441413879,1
예상,기대,0.655988872051239,1
작전,전투,0.6892815232276917,1
잠파,액션,1,1
장르,음악,0.7329081892967224,1
장악,권력,0.5244024395942688,1
전쟁,전쟁,1,1
정보,교통,0.6121577620506287,3
조직,군대,0.5703792572021484,4
줄거리,드라마,0.531794548034668,2
판사,살인,0.603876531124115,1

Category,Count,average
범죄,4,0.7495088875293732
액션,2,1.0
발견,2,0.767225056886673
전투,2,0.6794747114181519
살인,2,0.6598975658416748
전쟁,1,1.0
만화,1,0.7536719441413879
음악,1,0.7329081892967224
경제,1,0.7089344263076782
갈등,1,0.6806472539901733
기대,1,0.655988872051239
모험,1,0.6382749080657959
교통,1,0.6121577620506287
후회,1,0.6084508299827576
독재,1,0.5962036848068237
군대,1,0.5703792572021484
여행,1,0.5587009191513062
미래,1,0.5546501278877258
드라마,1,0.531794548034668
권력,1,0.5244024395942688
