Word,Category,Similarity,Frequency
걱정,후회,0.651527464389801,1
공포,공포,1,1
교육,교육,1,1
본능,욕망,0.7253124713897705,1
빙의,마법,0.5283884406089783,1
사람,꿈,0.5610076785087585,1
사이코패스,정신병,0.6299716830253601,1
살인,살인,1,1
스릴러,스릴러,1,1
아들,가족,0.5667959451675415,2
엄마,사랑,0.5908297300338745,2
영화,만화,0.7536719441413879,3
장르,음악,0.7329081892967224,1
줄거리,드라마,0.531794548034668,1
증상,불안,0.6615432500839233,1
지능,과학,0.6590995788574219,1
집착,욕망,0.6720618605613708,1
최면,자아,0.5945737957954407,1
추천,여행,0.5768113136291504,1
출연,방송,0.659591019153595,1
퇴행,혼란,0.6267139911651611,1
폭력,폭력,1,1
흡족,기대,0.5414984822273254,1

Category,Count,average
욕망,2,0.6986871659755707
공포,1,1.0
교육,1,1.0
살인,1,1.0
스릴러,1,1.0
폭력,1,1.0
만화,1,0.7536719441413879
음악,1,0.7329081892967224
불안,1,0.6615432500839233
방송,1,0.659591019153595
과학,1,0.6590995788574219
후회,1,0.651527464389801
정신병,1,0.6299716830253601
혼란,1,0.6267139911651611
자아,1,0.5945737957954407
사랑,1,0.5908297300338745
여행,1,0.5768113136291504
가족,1,0.5667959451675415
꿈,1,0.5610076785087585
기대,1,0.5414984822273254
드라마,1,0.531794548034668
마법,1,0.5283884406089783
