Word,Category,Similarity,Frequency
고독,고독,1,1
기쁨,기쁨,1,4
남자,사랑,0.5456969141960144,3
남편,가족,0.6233720779418945,3
도착,여행,0.6466491222381592,1
독서,철학,0.7120826244354248,1
마음,기쁨,0.6783162951469421,2
발견,발견,1,1
벌금,폭력,0.5174489617347717,1
사랑,사랑,1,2
앙금,열정,0.5213291049003601,1
여자,사랑,0.5380519032478333,2
영화,만화,0.7536719441413879,1
외도,자아,0.5353206992149353,1
욕망,욕망,1,3
우울감,무력감,0.8139594197273254,1
위기,혼란,0.6975850462913513,1
육체,자아,0.5753576159477234,1
의심,의심,1,1
이해,철학,0.5395932197570801,1
장소,여행,0.6031988263130188,2
충동,자아,0.6705692410469055,1
환자,질병,0.6447532773017883,1
흔적,발견,0.5892268419265747,1

Category,Count,average
사랑,3,0.6945829391479492
자아,3,0.5937491854031881
기쁨,2,0.8391581475734711
발견,2,0.7946134209632874
철학,2,0.6258379220962524
여행,2,0.624923974275589
고독,1,1.0
욕망,1,1.0
의심,1,1.0
무력감,1,0.8139594197273254
만화,1,0.7536719441413879
혼란,1,0.6975850462913513
질병,1,0.6447532773017883
가족,1,0.6233720779418945
열정,1,0.5213291049003601
폭력,1,0.5174489617347717
