Word,Category,Similarity,Frequency
공부,교육,0.6627280712127686,1
공포,공포,1,2
기타,음악,0.5873071551322937,1
남자,사랑,0.5456969141960144,1
느낌,슬픔,0.6343626976013184,2
봉투,도둑,0.5675815343856812,1
비극,살인,0.6638696789741516,1
사전,교육,0.5635393261909485,1
생각,후회,0.6602693200111389,4
시골,시골,1,1
연출,액션,0.5377380847930908,1
영화,만화,0.7536719441413879,14
유행,복고,0.6242704391479492,1
장면,액션,0.5999083518981934,1
저주,살인,0.6187702417373657,1
점토,인형,0.5821929574012756,6
정보,교통,0.6121577620506287,1
조각품,인형,0.5273870229721069,1
줄거리,드라마,0.531794548034668,2
캐릭터,인형,0.5306801795959473,1
투자,경제,0.6519772410392761,1
학생,학교,0.7100017070770264,1
효과,기대,0.5692968964576721,1

Category,Count,average
인형,3,0.5467533866564432
살인,2,0.6413199603557587
교육,2,0.6131336987018585
액션,2,0.5688232183456421
공포,1,1.0
시골,1,1.0
만화,1,0.7536719441413879
학교,1,0.7100017070770264
후회,1,0.6602693200111389
경제,1,0.6519772410392761
슬픔,1,0.6343626976013184
복고,1,0.6242704391479492
교통,1,0.6121577620506287
음악,1,0.5873071551322937
기대,1,0.5692968964576721
도둑,1,0.5675815343856812
사랑,1,0.5456969141960144
드라마,1,0.531794548034668
