Word,Category,Similarity,Frequency
감상,음악,0.6411212086677551,1
감성,심리,0.6301533579826355,1
곁다리,음모론,0.5019553303718567,2
기대,기대,1,1
느낌,슬픔,0.6343626976013184,3
마음,기쁨,0.6783162951469421,3
모래사장,바다,0.5389434099197388,1
모방,살인,0.515190601348877,1
모습,꿈,0.5368646383285522,2
문제,갈등,0.6495088934898376,1
바다,바다,1,1
발견,발견,1,1
방문,여행,0.5841829180717468,1
범죄,범죄,1,1
벽면,용기,0.5117151737213135,2
사진,미술,0.5546669960021973,5
색감,미술,0.5213123559951782,1
식당,음식,0.6759225726127625,2
영화,만화,0.7536719441413879,9
웃음,개그,0.6434062123298645,1
이해,철학,0.5395932197570801,1
인상,기대,0.6044384241104126,1
인위,자아,0.5218145251274109,1
장면,액션,0.5999083518981934,5
전반,정치,0.5626547336578369,1
전시,미술,0.6214971542358398,1
촬영,방송,0.6484997272491455,4
추구,헌신,0.5950697660446167,1
출연,방송,0.659591019153595,1
취미,음악,0.5891837477684021,1
팬티,만화,0.5663322806358337,1
해변,여행,0.6242720484733582,1
흉내,내면,0.5602818131446838,1
힐링,정글,0.5479092597961426,1

Category,Count,average
미술,3,0.5658255020777384
기대,2,0.8022192120552063
바다,2,0.7694717049598694
만화,2,0.6600021123886108
방송,2,0.6540453732013702
음악,2,0.6151524782180786
여행,2,0.6042274832725525
발견,1,1.0
범죄,1,1.0
기쁨,1,0.6783162951469421
음식,1,0.6759225726127625
갈등,1,0.6495088934898376
개그,1,0.6434062123298645
슬픔,1,0.6343626976013184
심리,1,0.6301533579826355
액션,1,0.5999083518981934
헌신,1,0.5950697660446167
정치,1,0.5626547336578369
내면,1,0.5602818131446838
정글,1,0.5479092597961426
철학,1,0.5395932197570801
꿈,1,0.5368646383285522
자아,1,0.5218145251274109
살인,1,0.515190601348877
용기,1,0.5117151737213135
음모론,1,0.5019553303718567
