Word,Category,Similarity,Frequency
덕질,개그,0.610794723033905,1
마음,기쁨,0.6783162951469421,1
시험,교육,0.6255394220352173,2
영화관,드라마,0.5831791758537292,1
의의,여행,0.5608593821525574,1
정보,교통,0.6121577620506287,1
주접,액션,1,1
특전,여행,0.5606608986854553,1
행복,기쁨,0.7726561427116394,2

Category,Count,average
기쁨,2,0.7254862189292908
여행,2,0.5607601404190063
액션,1,1.0
교육,1,0.6255394220352173
교통,1,0.6121577620506287
개그,1,0.610794723033905
드라마,1,0.5831791758537292
