Word,Category,Similarity,Frequency
감상,음악,0.6411212086677551,1
거짓말,부도덕,0.5334540605545044,1
격리,수색,0.6269633769989014,1
경험,열정,0.6344258189201355,1
과정,교육,0.6268183588981628,1
관심,기대,0.6249675154685974,1
교회,종교,0.6748078465461731,1
기억,사랑,0.6537694931030273,1
댓글,후회,0.505795419216156,1
마음,기쁨,0.6783162951469421,1
모습,꿈,0.5368646383285522,1
미래,미래,1,3
방문,여행,0.5841829180717468,1
부모,가족,0.6875284910202026,1
불량,도둑,0.5827792882919312,1
불만,분노,0.6757481098175049,1
사고,의심,0.5630502700805664,1
상반,기대,0.5090402364730835,1
생각,후회,0.6602693200111389,1
성장,성장,1,2
세상,기쁨,0.6082786321640015,1
수술,상처,0.585891604423523,1
심장,기쁨,0.5264105200767517,1
영화,만화,0.7536719441413879,7
이웃,가족,0.6304181218147278,1
일상,유쾌,0.5978867411613464,2
일탈,폭력,0.6677380204200745,1
정보,교통,0.6121577620506287,1
표현,대화,0.5644240975379944,1

Category,Count,average
기쁨,3,0.6043351491292318
가족,2,0.6589733064174652
후회,2,0.5830323696136475
기대,2,0.5670038759708405
미래,1,1.0
성장,1,1.0
만화,1,0.7536719441413879
분노,1,0.6757481098175049
종교,1,0.6748078465461731
폭력,1,0.6677380204200745
사랑,1,0.6537694931030273
음악,1,0.6411212086677551
열정,1,0.6344258189201355
수색,1,0.6269633769989014
교육,1,0.6268183588981628
교통,1,0.6121577620506287
유쾌,1,0.5978867411613464
상처,1,0.585891604423523
여행,1,0.5841829180717468
도둑,1,0.5827792882919312
대화,1,0.5644240975379944
의심,1,0.5630502700805664
꿈,1,0.5368646383285522
부도덕,1,0.5334540605545044
