Word,Category,Similarity,Frequency
공항,교통,0.7404273152351379,1
기타,음악,0.5873071551322937,1
댓글,후회,0.505795419216156,1
동굴,바다,0.6222226619720459,1
라스트,카우보이,0.5365300178527832,1
마음,기쁨,0.6783162951469421,2
무전,이별,0.5068477392196655,1
무패,신화,0.5801829695701599,1
발견,발견,1,2
발톱,도둑,0.6126343011856079,1
방문,여행,0.5841829180717468,1
비명,괴담,0.5712770819664001,1
비행,우주,0.6494387984275818,2
사람,꿈,0.5610076785087585,1
사랑,사랑,1,1
살해,살인,0.6861730217933655,2
손녀,가족,0.5666719079017639,1
승객,교통,0.6048595309257507,1
시체,살인,0.6126627326011658,1
악화,혼란,0.6455839276313782,1
엔진,전기,0.573421835899353,1
여행,여행,1,1
연인,사랑,0.6981024742126465,1
영화,만화,0.7536719441413879,4
이빨,상처,0.5658416748046875,1
잔혹,폭력,0.6832144260406494,1
제작국,방송,0.6784050464630127,1
줄거리,드라마,0.531794548034668,1
착륙,여행,0.5380227565765381,1
추락,충격,0.5615158081054688,1
출연,방송,0.659591019153595,1
춧하,액션,1,1
평화,평등,0.671115517616272,1
폭동,폭력,0.6235051155090332,1

Category,Count,average
여행,3,0.7074018915494283
사랑,2,0.8490512371063232
교통,2,0.6726434230804443
방송,2,0.6689980328083038
폭력,2,0.6533597707748413
살인,2,0.6494178771972656
발견,1,1.0
액션,1,1.0
만화,1,0.7536719441413879
기쁨,1,0.6783162951469421
평등,1,0.671115517616272
우주,1,0.6494387984275818
혼란,1,0.6455839276313782
바다,1,0.6222226619720459
도둑,1,0.6126343011856079
음악,1,0.5873071551322937
신화,1,0.5801829695701599
전기,1,0.573421835899353
괴담,1,0.5712770819664001
가족,1,0.5666719079017639
상처,1,0.5658416748046875
충격,1,0.5615158081054688
꿈,1,0.5610076785087585
카우보이,1,0.5365300178527832
드라마,1,0.531794548034668
이별,1,0.5068477392196655
후회,1,0.505795419216156
