Word,Category,Similarity,Frequency
가능,여행,0.6136982440948486,1
개그,개그,1,1
공포,공포,1,3
남발,괴담,0.5062358379364014,1
노출,충격,0.60725998878479,1
느낌,슬픔,0.6343626976013184,3
마약,범죄,0.71501225233078,1
만족,기대,0.6570032238960266,1
모습,꿈,0.5368646383285522,1
뱀파이어,흡혈귀,0.6941889524459839,2
분장,개그,0.5647703409194946,1
엄마,사랑,0.5908297300338745,1
영화,만화,0.7536719441413879,2
유혈,폭력,0.7270302176475525,1
잡담,괴담,0.5088366866111755,1
좀비,좀비,1,3
초보,탐정,0.5099632143974304,1
출연,방송,0.659591019153595,1
컨셉,개그,0.5215927958488464,1
코미디,코미디,1,6
타입,액션,0.5572192668914795,1
퇴치,질병,0.6471990942955017,1
흐름,질서,0.5799944400787354,1

Category,Count,average
개그,3,0.6954543789227804
괴담,2,0.5075362622737885
공포,1,1.0
좀비,1,1.0
코미디,1,1.0
만화,1,0.7536719441413879
폭력,1,0.7270302176475525
범죄,1,0.71501225233078
흡혈귀,1,0.6941889524459839
방송,1,0.659591019153595
기대,1,0.6570032238960266
질병,1,0.6471990942955017
슬픔,1,0.6343626976013184
여행,1,0.6136982440948486
충격,1,0.60725998878479
사랑,1,0.5908297300338745
질서,1,0.5799944400787354
액션,1,0.5572192668914795
꿈,1,0.5368646383285522
탐정,1,0.5099632143974304
