Word,Category,Similarity,Frequency
거래,도박,0.6013003587722778,1
규칙,윤리,0.5834123492240906,1
기타,음악,0.5873071551322937,1
남친,연애,0.6194848418235779,1
댓글,후회,0.505795419216156,1
도움,기대,0.5482439994812012,1
랜드,정글,0.6163651943206787,3
매미,꿈,0.5454984903335571,1
방문,여행,0.5841829180717468,1
버섯,동물,0.6183083057403564,1
보안관,스릴러,0.5079545378684998,1
불법,범죄,0.6486050486564636,1
성향,심리,0.5809999704360962,1
수사,범죄,0.673683226108551,1
시골,시골,1,1
실종,살인,0.5558342933654785,1
아내,가족,0.582758903503418,1
연루,범죄,0.6580730080604553,1
영화,만화,0.7536719441413879,4
원칙,질서,0.6225343942642212,1
위장,질병,0.5374902486801147,1
저격,전투,0.5748177170753479,1
제작국,방송,0.6784050464630127,1
줄거리,드라마,0.531794548034668,1
출연,방송,0.659591019153595,1
카페,유령,0.5409449934959412,1
킬러,괴물,0.6982237100601196,1
할로우,정글,0.5200645923614502,1

Category,Count,average
범죄,3,0.66012042760849
방송,2,0.6689980328083038
정글,2,0.5682148933410645
시골,1,1.0
만화,1,0.7536719441413879
괴물,1,0.6982237100601196
질서,1,0.6225343942642212
연애,1,0.6194848418235779
동물,1,0.6183083057403564
도박,1,0.6013003587722778
음악,1,0.5873071551322937
여행,1,0.5841829180717468
윤리,1,0.5834123492240906
가족,1,0.582758903503418
심리,1,0.5809999704360962
전투,1,0.5748177170753479
살인,1,0.5558342933654785
기대,1,0.5482439994812012
꿈,1,0.5454984903335571
유령,1,0.5409449934959412
질병,1,0.5374902486801147
드라마,1,0.531794548034668
스릴러,1,0.5079545378684998
후회,1,0.505795419216156
