Word,Category,Similarity,Frequency
관람,여행,0.5587009191513062,1
광란,공포,0.668723464012146,3
국가,경제,0.7089344263076782,1
변기,괴담,0.562771737575531,1
불행,절망,0.6734789609909058,1
비장,질병,0.538788378238678,1
상황,혼란,0.6442916989326477,1
생각,후회,0.6602693200111389,1
설치,교육,0.5344357490539551,1
섹시,액션,0.6481122970581055,1
시작,발견,0.534450113773346,1
애인,연애,0.6649367809295654,1
예고편,드라마,0.5787103772163391,2
장르,음악,0.7329081892967224,1
정보,교통,0.6121577620506287,1
줄거리,드라마,0.531794548034668,2
청소년,교육,0.5544909238815308,1
출연,방송,0.659591019153595,1
카페,유령,0.5409449934959412,1
코미디,코미디,1,2
크리에이터,슈퍼히어로,0.5110735893249512,1
희망,희망,1,1

Category,Count,average
드라마,2,0.5552524626255035
교육,2,0.5444633364677429
코미디,1,1.0
희망,1,1.0
음악,1,0.7329081892967224
경제,1,0.7089344263076782
절망,1,0.6734789609909058
공포,1,0.668723464012146
연애,1,0.6649367809295654
후회,1,0.6602693200111389
방송,1,0.659591019153595
액션,1,0.6481122970581055
혼란,1,0.6442916989326477
교통,1,0.6121577620506287
괴담,1,0.562771737575531
여행,1,0.5587009191513062
유령,1,0.5409449934959412
질병,1,0.538788378238678
발견,1,0.534450113773346
슈퍼히어로,1,0.5110735893249512
