Word,Category,Similarity,Frequency
가세,추격,0.5212082862854004,1
가족,가족,1,1
감지,발견,0.5597200989723206,1
강력,충격,0.5549739599227905,1
공격,전투,0.6404148936271667,1
기타,음악,0.5873071551322937,1
댓글,후회,0.505795419216156,1
동반,가족,0.6541745662689209,1
모래,바다,0.6612087488174438,1
방문,여행,0.5841829180717468,1
번개,도둑,0.5835573077201843,1
부인,가족,0.5428288578987122,1
상자,용기,0.6402463316917419,1
세계,경제,0.6071235537528992,1
소멸,상실,0.6378204226493835,1
시작,발견,0.534450113773346,1
아들,가족,0.5667959451675415,1
양자,대화,0.5467797517776489,1
영화,만화,0.7536719441413879,4
우박,도둑,0.5853284597396851,1
원자력,과학,0.5273252129554749,1
위협,폭력,0.639009416103363,2
자비,희생,0.5873818397521973,1
전역,전쟁,0.5050873756408691,1
전편,만화,0.6458731293678284,1
제작국,방송,0.6784050464630127,1
줄거리,드라마,0.531794548034668,1
출연,방송,0.659591019153595,1
평화,평등,0.671115517616272,1
폭음,충격,0.5922979712486267,1
폭포,정글,0.5844748616218567,2
활약,성장,0.5549848675727844,1
희생,희생,1,1

Category,Count,average
가족,4,0.6909498423337936
희생,2,0.7936909198760986
만화,2,0.6997725367546082
방송,2,0.6689980328083038
도둑,2,0.5844428837299347
충격,2,0.5736359655857086
발견,2,0.5470851063728333
평등,1,0.671115517616272
바다,1,0.6612087488174438
전투,1,0.6404148936271667
용기,1,0.6402463316917419
폭력,1,0.639009416103363
상실,1,0.6378204226493835
경제,1,0.6071235537528992
음악,1,0.5873071551322937
정글,1,0.5844748616218567
여행,1,0.5841829180717468
성장,1,0.5549848675727844
대화,1,0.5467797517776489
드라마,1,0.531794548034668
과학,1,0.5273252129554749
추격,1,0.5212082862854004
후회,1,0.505795419216156
전쟁,1,0.5050873756408691
