Word,Category,Similarity,Frequency
가족,가족,1,1
감동,기쁨,0.6450744271278381,1
감정,심리,0.7588332891464233,1
공동체,시민운동,0.5667669773101807,1
관람,여행,0.5587009191513062,1
극복,고통,0.6304678916931152,1
독특,춤,0.5334261655807495,1
동물,동물,1,1
마법,마법,1,1
매력,열정,0.6489761471748352,1
맥락,질서,0.601793110370636,1
메시지,대화,0.5048822164535522,1
모험,모험,1,2
몰입,열정,0.6674494743347168,1
분석,교육,0.5877142548561096,2
사회,경제,0.8096231818199158,2
색감,미술,0.5213123559951782,1
생각,후회,0.6602693200111389,1
선택,희망,0.5827092528343201,1
성장,성장,1,1
세계,경제,0.6071235537528992,1
신비,기쁨,0.6222472786903381,2
여정,이별,0.6358245611190796,1
연출,액션,0.5377380847930908,1
영화,만화,0.7536719441413879,4
용기,용기,1,1
위험,불안,0.6922099590301514,1
음악,음악,1,2
인상,기대,0.6044384241104126,1
자연,환경,0.6941760182380676,1
작곡가,음악,0.5401633381843567,1
재치,유쾌,0.5271227359771729,1
제작,방송,0.6307950615882874,1
주요,도시,0.5643994808197021,3
줄거리,드라마,0.531794548034668,1
추천,여행,0.5768113136291504,2
캐릭터,인형,0.5306801795959473,3
컨텐츠,가상현실,0.517380952835083,1
포용,용서,0.5688936710357666,1
표현,대화,0.5644240975379944,1
현대,미술,0.6356669068336487,1
협업,대화,0.5782889723777771,1
효과,기대,0.5692968964576721,3

Category,Count,average
대화,3,0.5491984287897745
음악,2,0.7700816690921783
경제,2,0.7083733677864075
열정,2,0.658212810754776
기쁨,2,0.6336608529090881
기대,2,0.5868676602840424
미술,2,0.5784896314144135
여행,2,0.5677561163902283
가족,1,1.0
동물,1,1.0
마법,1,1.0
모험,1,1.0
성장,1,1.0
용기,1,1.0
심리,1,0.7588332891464233
만화,1,0.7536719441413879
환경,1,0.6941760182380676
불안,1,0.6922099590301514
후회,1,0.6602693200111389
이별,1,0.6358245611190796
방송,1,0.6307950615882874
고통,1,0.6304678916931152
질서,1,0.601793110370636
교육,1,0.5877142548561096
희망,1,0.5827092528343201
용서,1,0.5688936710357666
시민운동,1,0.5667669773101807
도시,1,0.5643994808197021
액션,1,0.5377380847930908
춤,1,0.5334261655807495
드라마,1,0.531794548034668
인형,1,0.5306801795959473
유쾌,1,0.5271227359771729
가상현실,1,0.517380952835083
