Word,Category,Similarity,Frequency
간접,교육,0.5171768665313721,1
고급,음식,0.5831040740013123,2
공격,전투,0.6404148936271667,1
모습,꿈,0.5368646383285522,2
발견,발견,1,1
발생,혼란,0.6102904081344604,1
사건,살인,0.7159186005592346,2
사살,추격,0.5559310913085938,3
색출,수색,0.6205256581306458,1
생존,생존,1,1
숨소리,슬픔,0.5156160593032837,1
시작,발견,0.534450113773346,1
실화,공포,0.6056075096130371,2
영화,만화,0.7536719441413879,4
예고편,드라마,0.5787103772163391,1
위기,혼란,0.6975850462913513,1
유대인,종교,0.5570569634437561,1
차별,평등,0.7053220272064209,3
체험,교육,0.6782315373420715,1
추천,여행,0.5768113136291504,1
출구,괴담,0.5130447149276733,1
테러,범죄,0.731650173664093,3
테러리스트,범죄,0.5667629241943359,2
투숙객,가족,0.5257964730262756,4
희생,희생,1,1

Category,Count,average
발견,2,0.767225056886673
혼란,2,0.6539377272129059
범죄,2,0.6492065489292145
교육,2,0.5977042019367218
생존,1,1.0
희생,1,1.0
만화,1,0.7536719441413879
살인,1,0.7159186005592346
평등,1,0.7053220272064209
전투,1,0.6404148936271667
수색,1,0.6205256581306458
공포,1,0.6056075096130371
음식,1,0.5831040740013123
드라마,1,0.5787103772163391
여행,1,0.5768113136291504
종교,1,0.5570569634437561
추격,1,0.5559310913085938
꿈,1,0.5368646383285522
가족,1,0.5257964730262756
슬픔,1,0.5156160593032837
괴담,1,0.5130447149276733
