Word,Category,Similarity,Frequency
다큐멘터리,다큐멘터리,1,1
메이킹,서바이벌,0.5047268867492676,1
사랑,사랑,1,1
삭제,의심,0.5076044797897339,1
시리즈,만화,0.5106303691864014,1
영화,만화,0.7536719441413879,5
인상,기대,0.6044384241104126,1
장면,액션,0.5999083518981934,1

Category,Count,average
만화,2,0.6321511566638947
다큐멘터리,1,1.0
사랑,1,1.0
기대,1,0.6044384241104126
액션,1,0.5999083518981934
의심,1,0.5076044797897339
서바이벌,1,0.5047268867492676
