Word,Category,Similarity,Frequency
견습,탐정,0.6520116925239563,1
과정,교육,0.6268183588981628,1
금지,도박,0.519909143447876,1
기대,기대,1,1
단편,만화,0.737099826335907,1
리얼,액션,0.6809289455413818,1
매력,열정,0.6489761471748352,1
목표,성장,0.6552416682243347,1
미스터리,미스터리,1,2
부인,가족,0.5428288578987122,2
엔진,전기,0.573421835899353,1
연출,액션,0.5377380847930908,1
열망,열정,0.7022903561592102,1
영화,만화,0.7536719441413879,6
예고편,드라마,0.5787103772163391,1
외관,환경,0.535656213760376,1
의과,과학,0.6009730696678162,1
이름,신화,0.5608668327331543,2
이해,철학,0.5395932197570801,1
장르,음악,0.7329081892967224,1
졸업,여행,0.5504979491233826,1
추천,여행,0.5768113136291504,1
환자,질병,0.6447532773017883,1
활용,교육,0.557722270488739,1

Category,Count,average
만화,2,0.7453858852386475
열정,2,0.6756332516670227
액션,2,0.6093335151672363
교육,2,0.5922703146934509
여행,2,0.5636546313762665
기대,1,1.0
미스터리,1,1.0
음악,1,0.7329081892967224
성장,1,0.6552416682243347
탐정,1,0.6520116925239563
질병,1,0.6447532773017883
과학,1,0.6009730696678162
드라마,1,0.5787103772163391
전기,1,0.573421835899353
신화,1,0.5608668327331543
가족,1,0.5428288578987122
철학,1,0.5395932197570801
환경,1,0.535656213760376
도박,1,0.519909143447876
