Word,Category,Similarity,Frequency
기억,사랑,0.6537694931030273,1
사람,꿈,0.5610076785087585,5
생각,후회,0.6602693200111389,1
소란,폭력,0.6053000092506409,2
위험,불안,0.6922099590301514,1
이름,신화,0.5608668327331543,1
후회,후회,1,1

Category,Count,average
후회,2,0.8301346600055695
불안,1,0.6922099590301514
사랑,1,0.6537694931030273
폭력,1,0.6053000092506409
꿈,1,0.5610076785087585
신화,1,0.5608668327331543
